lon,lat,class_start,class_end,is_changed,transition_code,forest_loss,forest_gain,urbanization,mining_expansion
113.6167,-3.4922,4,4,0,4->4,0,0,0,0
113.6122,-3.4832,4,4,0,4->4,0,0,0,0
113.6077,-3.4742,3,4,1,3->4,0,0,0,0
113.6167,-3.4697,3,4,1,3->4,0,0,0,0
113.6212,-3.4697,3,4,1,3->4,0,0,0,0
113.6212,-3.4563,0,1,1,0->1,1,0,0,0
113.5583,-3.4473,4,4,0,4->4,0,0,0,0
113.5538,-3.4383,4,4,0,4->4,0,0,0,0
113.6257,-3.4383,0,1,1,0->1,1,0,0,0
113.6436,-3.4338,0,1,1,0->1,1,0,0,0
113.5673,-3.4293,3,4,1,3->4,0,0,0,0
113.6301,-3.4248,0,1,1,0->1,1,0,0,0
113.6436,-3.4248,0,1,1,0->1,1,0,0,0
113.5538,-3.4203,4,4,0,4->4,0,0,0,0
113.6346,-3.4114,0,0,0,0->0,0,0,0,0
113.5628,-3.4069,4,4,0,4->4,0,0,0,0
113.5628,-3.4024,3,4,1,3->4,0,0,0,0
113.6346,-3.3934,0,0,0,0->0,0,0,0,0
113.6167,-3.3709,0,4,1,0->4,1,0,0,0
113.5942,-3.3664,2,4,1,2->4,0,0,0,0
113.6346,-3.3664,0,0,0,0->0,0,0,0,0
113.6391,-3.3664,0,0,0,0->0,0,0,0,0
113.6167,-3.3619,3,4,1,3->4,0,0,0,0
113.6481,-3.3575,0,0,0,0->0,0,0,0,0
113.6122,-3.353,3,4,1,3->4,0,0,0,0
113.6571,-3.3485,0,1,1,0->1,1,0,0,0
113.3921,-3.344,4,3,1,4->3,0,0,0,1
113.6077,-3.344,2,4,1,2->4,0,0,0,0
113.6122,-3.344,3,4,1,3->4,0,0,0,0
113.6661,-3.344,1,1,0,1->1,0,0,0,0
113.6526,-3.3395,0,0,0,0->0,0,0,0,0
113.3831,-3.335,4,4,0,4->4,0,0,0,0
113.6571,-3.335,1,0,1,1->0,0,1,0,0
113.6032,-3.3305,3,4,1,3->4,0,0,0,0
113.6481,-3.326,0,0,0,0->0,0,0,0,0
113.6167,-3.3215,4,4,0,4->4,0,0,0,0
113.6706,-3.308,0,0,0,0->0,0,0,0,0
113.3876,-3.3036,4,3,1,4->3,0,0,0,1
113.3607,-3.2991,4,4,0,4->4,0,0,0,0
113.6122,-3.2991,4,4,0,4->4,0,0,0,0
113.6346,-3.2991,0,0,0,0->0,0,0,0,0
113.3068,-3.2946,4,4,0,4->4,0,0,0,0
113.3562,-3.2946,4,4,0,4->4,0,0,0,0
113.6032,-3.2946,4,4,0,4->4,0,0,0,0
113.6706,-3.2946,0,0,0,0->0,0,0,0,0
113.3157,-3.2901,4,4,0,4->4,0,0,0,0
113.3202,-3.2901,4,4,0,4->4,0,0,0,0
113.3292,-3.2901,4,4,0,4->4,0,0,0,0
113.3607,-3.2901,4,4,0,4->4,0,0,0,0
113.3562,-3.2856,4,4,0,4->4,0,0,0,0
113.6122,-3.2856,4,4,0,4->4,0,0,0,0
113.3023,-3.2811,4,4,0,4->4,0,0,0,0
113.3517,-3.2811,4,4,0,4->4,0,0,0,0
113.3921,-3.2811,0,0,0,0->0,0,0,0,0
113.6167,-3.2811,4,4,0,4->4,0,0,0,0
113.3247,-3.2766,4,4,0,4->4,0,0,0,0
113.6077,-3.2766,4,4,0,4->4,0,0,0,0
113.6346,-3.2721,0,0,0,0->0,0,0,0,0
113.6077,-3.2676,4,4,0,4->4,0,0,0,0
113.6301,-3.2676,1,4,1,1->4,0,0,0,0
113.6706,-3.2676,1,0,1,1->0,0,1,0,0
113.3831,-3.2631,0,0,0,0->0,0,0,0,0
113.6122,-3.2631,4,4,0,4->4,0,0,0,0
113.3337,-3.2586,1,1,0,1->1,0,0,0,0
113.3382,-3.2586,4,4,0,4->4,0,0,0,0
113.3876,-3.2586,0,0,0,0->0,0,0,0,0
113.3472,-3.2541,0,0,0,0->0,0,0,0,0
113.6571,-3.2541,0,0,0,0->0,0,0,0,0
113.6706,-3.2541,0,0,0,0->0,0,0,0,0
113.2978,-3.2497,4,4,0,4->4,0,0,0,0
113.3337,-3.2497,0,0,0,0->0,0,0,0,0
113.6301,-3.2497,0,0,0,0->0,0,0,0,0
113.6706,-3.2497,0,0,0,0->0,0,0,0,0
113.2618,-3.2452,4,4,0,4->4,0,0,0,0
113.3651,-3.2452,1,1,0,1->1,0,0,0,0
113.3651,-3.2407,1,0,1,1->0,0,1,0,0
113.3741,-3.2362,1,1,0,1->1,0,0,0,0
113.3876,-3.2362,0,0,0,0->0,0,0,0,0
113.4011,-3.2362,0,0,0,0->0,0,0,0,0
113.6571,-3.2362,1,1,0,1->1,0,0,0,0
113.3202,-3.2317,1,2,1,1->2,0,0,1,0
113.3517,-3.2317,1,1,0,1->1,0,0,0,0
113.4056,-3.2317,0,0,0,0->0,0,0,0,0
113.6122,-3.2317,4,4,0,4->4,0,0,0,0
113.6346,-3.2317,0,0,0,0->0,0,0,0,0
113.6706,-3.2317,1,0,1,1->0,0,1,0,0
113.2753,-3.2272,4,4,0,4->4,0,0,0,0
113.4146,-3.2272,1,0,1,1->0,0,1,0,0
113.6032,-3.2272,4,4,0,4->4,0,0,0,0
113.6706,-3.2272,1,0,1,1->0,0,1,0,0
113.3202,-3.2227,1,2,1,1->2,0,0,1,0
113.3696,-3.2227,1,1,0,1->1,0,0,0,0
113.446,-3.2227,4,4,0,4->4,0,0,0,0
113.2843,-3.2182,4,4,0,4->4,0,0,0,0
113.3202,-3.2182,1,2,1,1->2,0,0,1,0
113.6436,-3.2182,1,1,0,1->1,0,0,0,0
113.6481,-3.2182,1,1,0,1->1,0,0,0,0
113.3247,-3.2137,4,4,0,4->4,0,0,0,0
113.3741,-3.2137,1,2,1,1->2,0,0,1,0
113.437,-3.2137,1,1,0,1->1,0,0,0,0
113.3651,-3.2092,1,1,0,1->1,0,0,0,0
113.4146,-3.2092,1,0,1,1->0,0,1,0,0
113.6571,-3.2092,1,1,0,1->1,0,0,0,0
113.2529,-3.2047,4,4,0,4->4,0,0,0,0
113.3157,-3.2047,1,0,1,1->0,0,1,0,0
113.3427,-3.2047,1,2,1,1->2,0,0,1,0
113.3876,-3.2047,1,1,0,1->1,0,0,0,0
113.428,-3.2047,0,0,0,0->0,0,0,0,0
113.6346,-3.2047,1,0,1,1->0,0,1,0,0
113.6436,-3.2047,1,1,0,1->1,0,0,0,0
113.3157,-3.2002,1,1,0,1->1,0,0,0,0
113.4011,-3.2002,1,1,0,1->1,0,0,0,0
113.428,-3.2002,0,0,0,0->0,0,0,0,0
113.4325,-3.2002,0,0,0,0->0,0,0,0,0
113.2259,-3.1958,4,4,0,4->4,0,0,0,0
113.3202,-3.1958,4,4,0,4->4,0,0,0,0
113.4864,-3.1958,4,4,0,4->4,0,0,0,0
113.6077,-3.1958,3,4,1,3->4,0,0,0,0
113.6301,-3.1958,1,1,0,1->1,0,0,0,0
113.3921,-3.1913,1,1,0,1->1,0,0,0,0
113.428,-3.1913,0,0,0,0->0,0,0,0,0
113.4325,-3.1913,0,0,0,0->0,0,0,0,0
113.2888,-3.1868,1,1,0,1->1,0,0,0,0
113.419,-3.1868,1,0,1,1->0,0,1,0,0
113.5583,-3.1868,4,4,0,4->4,0,0,0,0
113.5942,-3.1868,4,4,0,4->4,0,0,0,0
113.6346,-3.1868,1,0,1,1->0,0,1,0,0
113.4101,-3.1823,1,1,0,1->1,0,0,0,0
113.4146,-3.1823,1,1,0,1->1,0,0,0,0
113.5089,-3.1823,4,4,0,4->4,0,0,0,0
113.5358,-3.1823,4,4,0,4->4,0,0,0,0
113.6301,-3.1823,1,1,0,1->1,0,0,0,0
113.6481,-3.1823,1,1,0,1->1,0,0,0,0
113.6526,-3.1823,1,1,0,1->1,0,0,0,0
113.6571,-3.1823,1,0,1,1->0,0,1,0,0
113.2304,-3.1778,4,4,0,4->4,0,0,0,0
113.2484,-3.1778,4,4,0,4->4,0,0,0,0
113.2708,-3.1778,0,1,1,0->1,1,0,0,0
113.3023,-3.1778,1,1,0,1->1,0,0,0,0
113.3696,-3.1778,1,1,0,1->1,0,0,0,0
113.437,-3.1778,0,0,0,0->0,0,0,0,0
113.5942,-3.1778,4,4,0,4->4,0,0,0,0
113.5987,-3.1778,3,4,1,3->4,0,0,0,0
113.6391,-3.1778,0,1,1,0->1,1,0,0,0
113.6481,-3.1778,1,1,0,1->1,0,0,0,0
113.2753,-3.1733,1,1,0,1->1,0,0,0,0
113.3247,-3.1733,1,1,0,1->1,0,0,0,0
113.4146,-3.1733,1,0,1,1->0,0,1,0,0
113.4235,-3.1733,1,1,0,1->1,0,0,0,0
113.5313,-3.1733,4,4,0,4->4,0,0,0,0
113.5718,-3.1733,4,4,0,4->4,0,0,0,0
113.2484,-3.1688,4,4,0,4->4,0,0,0,0
113.3292,-3.1688,1,1,0,1->1,0,0,0,0
113.3741,-3.1688,0,2,1,0->2,1,0,1,0
113.3876,-3.1688,1,2,1,1->2,0,0,1,0
113.4146,-3.1688,1,0,1,1->0,0,1,0,0
113.4819,-3.1688,0,0,0,0->0,0,0,0,0
113.4864,-3.1688,0,0,0,0->0,0,0,0,0
113.6616,-3.1688,1,0,1,1->0,0,1,0,0
113.2034,-3.1643,4,4,0,4->4,0,0,0,0
113.3112,-3.1643,1,1,0,1->1,0,0,0,0
113.3337,-3.1643,1,1,0,1->1,0,0,0,0
113.3517,-3.1643,1,1,0,1->1,0,0,0,0
113.3741,-3.1643,1,1,0,1->1,0,0,0,0
113.4146,-3.1643,1,1,0,1->1,0,0,0,0
113.6122,-3.1643,0,0,0,0->0,0,0,0,0
113.6301,-3.1643,1,1,0,1->1,0,0,0,0
113.2214,-3.1598,4,4,0,4->4,0,0,0,0
113.3517,-3.1598,1,1,0,1->1,0,0,0,0
113.3562,-3.1598,1,1,0,1->1,0,0,0,0
113.3876,-3.1598,1,1,0,1->1,0,0,0,0
113.419,-3.1598,1,1,0,1->1,0,0,0,0
113.428,-3.1598,1,0,1,1->0,0,1,0,0
113.5313,-3.1598,1,0,1,1->0,0,1,0,0
113.3876,-3.1553,1,0,1,1->0,0,1,0,0
113.6616,-3.1553,0,1,1,0->1,1,0,0,0
113.3966,-3.1508,1,1,0,1->1,0,0,0,0
113.5762,-3.1508,0,0,0,0->0,0,0,0,0
113.2214,-3.1463,4,4,0,4->4,0,0,0,0
113.3023,-3.1463,1,0,1,1->0,0,1,0,0
113.4056,-3.1463,1,1,0,1->1,0,0,0,0
113.455,-3.1463,1,0,1,1->0,0,1,0,0
113.5762,-3.1463,1,0,1,1->0,0,1,0,0
113.6032,-3.1463,0,0,0,0->0,0,0,0,0
113.6257,-3.1463,0,1,1,0->1,1,0,0,0
113.6661,-3.1463,1,0,1,1->0,0,1,0,0
113.2618,-3.1419,1,1,0,1->1,0,0,0,0
113.3023,-3.1419,1,1,0,1->1,0,0,0,0
113.446,-3.1419,1,0,1,1->0,0,1,0,0
113.4595,-3.1419,1,0,1,1->0,0,1,0,0
113.4729,-3.1419,0,1,1,0->1,1,0,0,0
113.4999,-3.1419,1,1,0,1->1,0,0,0,0
113.5134,-3.1419,1,1,0,1->1,0,0,0,0
113.5987,-3.1419,0,0,0,0->0,0,0,0,0
113.2484,-3.1374,1,0,1,1->0,0,1,0,0
113.3292,-3.1374,1,0,1,1->0,0,1,0,0
113.3966,-3.1374,0,0,0,0->0,0,0,0,0
113.4729,-3.1374,0,1,1,0->1,1,0,0,0
113.5268,-3.1374,1,1,0,1->1,0,0,0,0
113.5807,-3.1374,1,0,1,1->0,0,1,0,0
113.5897,-3.1374,0,0,0,0->0,0,0,0,0
113.163,-3.1329,4,4,0,4->4,0,0,0,0
113.172,-3.1329,4,4,0,4->4,0,0,0,0
113.1855,-3.1329,4,4,0,4->4,0,0,0,0
113.2034,-3.1329,4,4,0,4->4,0,0,0,0
113.2573,-3.1329,1,0,1,1->0,0,1,0,0
113.3741,-3.1329,1,1,0,1->1,0,0,0,0
113.3921,-3.1329,0,1,1,0->1,1,0,0,0
113.5313,-3.1329,1,0,1,1->0,0,1,0,0
113.2394,-3.1284,1,0,1,1->0,0,1,0,0
113.2753,-3.1284,1,1,0,1->1,0,0,0,0
113.3831,-3.1284,1,1,0,1->1,0,0,0,0
113.4729,-3.1284,1,0,1,1->0,0,1,0,0
113.4909,-3.1284,0,0,0,0->0,0,0,0,0
113.5268,-3.1284,1,0,1,1->0,0,1,0,0
113.5942,-3.1284,0,0,0,0->0,0,0,0,0
113.6167,-3.1284,0,0,0,0->0,0,0,0,0
113.19,-3.1239,4,4,0,4->4,0,0,0,0
113.1945,-3.1239,4,4,0,4->4,0,0,0,0
113.2079,-3.1239,1,1,0,1->1,0,0,0,0
113.2843,-3.1239,0,0,0,0->0,0,0,0,0
113.3427,-3.1239,1,1,0,1->1,0,0,0,0
113.3696,-3.1239,1,1,0,1->1,0,0,0,0
113.3831,-3.1239,1,1,0,1->1,0,0,0,0
113.4505,-3.1239,1,0,1,1->0,0,1,0,0
113.5583,-3.1239,0,1,1,0->1,1,0,0,0
113.5762,-3.1239,1,0,1,1->0,0,1,0,0
113.1945,-3.1194,4,4,0,4->4,0,0,0,0
113.3472,-3.1194,1,1,0,1->1,0,0,0,0
113.4909,-3.1194,0,0,0,0->0,0,0,0,0
113.6167,-3.1194,1,1,0,1->1,0,0,0,0
113.3696,-3.1149,1,0,1,1->0,0,1,0,0
113.3786,-3.1149,1,1,0,1->1,0,0,0,0
113.428,-3.1149,1,0,1,1->0,0,1,0,0
113.4819,-3.1149,1,0,1,1->0,0,1,0,0
113.4954,-3.1149,0,0,0,0->0,0,0,0,0
113.6616,-3.1149,0,1,1,0->1,1,0,0,0
113.2124,-3.1104,0,0,0,0->0,0,0,0,0
113.3292,-3.1104,1,1,0,1->1,0,0,0,0
113.3696,-3.1104,1,1,0,1->1,0,0,0,0
113.4101,-3.1104,1,0,1,1->0,0,1,0,0
113.4146,-3.1104,1,0,1,1->0,0,1,0,0
113.4235,-3.1104,1,0,1,1->0,0,1,0,0
113.4999,-3.1104,0,0,0,0->0,0,0,0,0
113.5179,-3.1104,1,1,0,1->1,0,0,0,0
113.5493,-3.1104,0,0,0,0->0,0,0,0,0
113.6212,-3.1104,1,0,1,1->0,0,1,0,0
113.6257,-3.1104,0,0,0,0->0,0,0,0,0
113.154,-3.1059,4,4,0,4->4,0,0,0,0
113.4415,-3.1059,1,0,1,1->0,0,1,0,0
113.4909,-3.1059,0,0,0,0->0,0,0,0,0
113.5223,-3.1059,0,0,0,0->0,0,0,0,0
113.5538,-3.1059,0,0,0,0->0,0,0,0,0
113.5807,-3.1059,1,1,0,1->1,0,0,0,0
113.6346,-3.1059,0,0,0,0->0,0,0,0,0
113.1585,-3.1014,4,4,0,4->4,0,0,0,0
113.2529,-3.1014,1,1,0,1->1,0,0,0,0
113.2753,-3.1014,0,1,1,0->1,1,0,0,0
113.3068,-3.1014,1,0,1,1->0,0,1,0,0
113.3427,-3.1014,0,0,0,0->0,0,0,0,0
113.3607,-3.1014,1,1,0,1->1,0,0,0,0
113.4101,-3.1014,1,1,0,1->1,0,0,0,0
113.4774,-3.1014,1,0,1,1->0,0,1,0,0
113.5852,-3.1014,0,1,1,0->1,1,0,0,0
113.5897,-3.1014,0,1,1,0->1,1,0,0,0
113.5942,-3.1014,1,1,0,1->1,0,0,0,0
113.6346,-3.1014,0,0,0,0->0,0,0,0,0
113.1001,-3.0969,4,4,0,4->4,0,0,0,0
113.172,-3.0969,4,4,0,4->4,0,0,0,0
113.5179,-3.0969,0,0,0,0->0,0,0,0,0
113.5583,-3.0969,1,1,0,1->1,0,0,0,0
113.1316,-3.0925,4,4,0,4->4,0,0,0,0
113.1495,-3.0925,4,4,0,4->4,0,0,0,0
113.3517,-3.0925,1,1,0,1->1,0,0,0,0
113.5134,-3.0925,1,0,1,1->0,0,1,0,0
113.5987,-3.0925,1,1,0,1->1,0,0,0,0
113.6032,-3.0925,1,1,0,1->1,0,0,0,0
113.3607,-3.088,0,1,1,0->1,1,0,0,0
113.4325,-3.088,0,0,0,0->0,0,0,0,0
113.4729,-3.088,1,0,1,1->0,0,1,0,0
113.4864,-3.088,0,0,0,0->0,0,0,0,0
113.5807,-3.088,0,0,0,0->0,0,0,0,0
113.1001,-3.0835,4,4,0,4->4,0,0,0,0
113.163,-3.0835,4,4,0,4->4,0,0,0,0
113.19,-3.0835,1,1,0,1->1,0,0,0,0
113.2079,-3.0835,1,1,0,1->1,0,0,0,0
113.4235,-3.0835,0,0,0,0->0,0,0,0,0
113.4729,-3.0835,1,0,1,1->0,0,1,0,0
113.1136,-3.079,4,4,0,4->4,0,0,0,0
113.1765,-3.079,1,4,1,1->4,0,0,0,0
113.2259,-3.079,1,1,0,1->1,0,0,0,0
113.2484,-3.079,1,1,0,1->1,0,0,0,0
113.3337,-3.079,1,0,1,1->0,0,1,0,0
113.4056,-3.079,0,0,0,0->0,0,0,0,0
113.6436,-3.079,1,0,1,1->0,0,1,0,0
113.1001,-3.0745,4,4,0,4->4,0,0,0,0
113.2349,-3.0745,1,1,0,1->1,0,0,0,0
113.2618,-3.0745,0,0,0,0->0,0,0,0,0
113.2753,-3.0745,1,1,0,1->1,0,0,0,0
113.4954,-3.0745,0,0,0,0->0,0,0,0,0
113.5268,-3.0745,1,1,0,1->1,0,0,0,0
113.5673,-3.0745,0,0,0,0->0,0,0,0,0
113.5807,-3.0745,0,1,1,0->1,1,0,0,0
113.1855,-3.07,1,1,0,1->1,0,0,0,0
113.2214,-3.07,1,0,1,1->0,0,1,0,0
113.2798,-3.07,1,1,0,1->1,0,0,0,0
113.2843,-3.07,1,1,0,1->1,0,0,0,0
113.3607,-3.07,1,0,1,1->0,0,1,0,0
113.3831,-3.07,1,0,1,1->0,0,1,0,0
113.4415,-3.07,0,0,0,0->0,0,0,0,0
113.4595,-3.07,0,0,0,0->0,0,0,0,0
113.5044,-3.07,1,0,1,1->0,0,1,0,0
113.5448,-3.07,1,1,0,1->1,0,0,0,0
113.6346,-3.07,1,0,1,1->0,0,1,0,0
113.6706,-3.07,1,1,0,1->1,0,0,0,0
113.1181,-3.0655,4,4,0,4->4,0,0,0,0
113.1495,-3.0655,4,4,0,4->4,0,0,0,0
113.2034,-3.0655,1,1,0,1->1,0,0,0,0
113.3292,-3.0655,1,1,0,1->1,0,0,0,0
113.3382,-3.0655,1,0,1,1->0,0,1,0,0
113.3607,-3.0655,1,0,1,1->0,0,1,0,0
113.446,-3.0655,0,0,0,0->0,0,0,0,0
113.1226,-3.061,4,4,0,4->4,0,0,0,0
113.2663,-3.061,1,1,0,1->1,0,0,0,0
113.3382,-3.061,1,0,1,1->0,0,1,0,0
113.3427,-3.061,1,0,1,1->0,0,1,0,0
113.3472,-3.061,1,0,1,1->0,0,1,0,0
113.437,-3.061,0,0,0,0->0,0,0,0,0
113.4999,-3.061,0,0,0,0->0,0,0,0,0
113.5313,-3.061,1,1,0,1->1,0,0,0,0
113.5358,-3.061,1,1,0,1->1,0,0,0,0
113.5583,-3.061,1,1,0,1->1,0,0,0,0
113.5628,-3.061,1,0,1,1->0,0,1,0,0
113.6481,-3.061,1,1,0,1->1,0,0,0,0
113.1181,-3.0565,4,4,0,4->4,0,0,0,0
113.163,-3.0565,1,0,1,1->0,0,1,0,0
113.2663,-3.0565,1,1,0,1->1,0,0,0,0
113.2843,-3.0565,1,1,0,1->1,0,0,0,0
113.3023,-3.0565,1,0,1,1->0,0,1,0,0
113.3472,-3.0565,1,0,1,1->0,0,1,0,0
113.5313,-3.0565,1,1,0,1->1,0,0,0,0
113.5987,-3.0565,1,1,0,1->1,0,0,0,0
113.6212,-3.0565,1,1,0,1->1,0,0,0,0
112.8127,-3.2991,2,2,0,2->2,0,0,0,0
112.8935,-3.2991,2,4,1,2->4,0,0,0,0
112.889,-3.2901,4,4,0,4->4,0,0,0,0
112.8172,-3.2856,0,1,1,0->1,1,0,0,0
112.8935,-3.2856,4,4,0,4->4,0,0,0,0
112.8082,-3.2766,0,0,0,0->0,0,0,0,0
112.8306,-3.2766,2,2,0,2->2,0,0,0,0
112.8486,-3.2766,3,2,1,3->2,0,0,1,0
112.8082,-3.2721,0,0,0,0->0,0,0,0,0
112.8306,-3.2721,1,1,0,1->1,0,0,0,0
112.8037,-3.2631,0,0,0,0->0,0,0,0,0
112.8127,-3.2631,2,0,1,2->0,0,1,0,0
112.898,-3.2631,4,4,0,4->4,0,0,0,0
112.8441,-3.2586,2,2,0,2->2,0,0,0,0
112.898,-3.2586,2,4,1,2->4,0,0,0,0
112.8037,-3.2541,0,0,0,0->0,0,0,0,0
112.8621,-3.2541,3,2,1,3->2,0,0,1,0
112.8351,-3.2452,0,1,1,0->1,1,0,0,0
112.8037,-3.2407,3,1,1,3->1,0,0,0,0
112.8576,-3.2407,0,1,1,0->1,1,0,0,0
112.8172,-3.2362,0,0,0,0->0,0,0,0,0
112.8217,-3.2362,0,1,1,0->1,1,0,0,0
112.8756,-3.2362,0,1,1,0->1,1,0,0,0
112.9115,-3.2362,1,1,0,1->1,0,0,0,0
112.8845,-3.2317,2,2,0,2->2,0,0,0,0
112.8262,-3.2272,0,2,1,0->2,1,0,1,0
112.9429,-3.2227,3,3,0,3->3,0,0,0,0
112.8396,-3.2137,1,1,0,1->1,0,0,0,0
112.8441,-3.2137,0,2,1,0->2,1,0,1,0
112.8935,-3.2137,2,2,0,2->2,0,0,0,0
112.916,-3.2137,2,1,1,2->1,0,0,0,0
112.8486,-3.2092,1,1,0,1->1,0,0,0,0
112.8801,-3.2092,1,1,0,1->1,0,0,0,0
112.889,-3.2092,2,2,0,2->2,0,0,0,0
112.9025,-3.2092,1,1,0,1->1,0,0,0,0
112.8711,-3.2047,0,1,1,0->1,1,0,0,0
112.9205,-3.2047,0,1,1,0->1,1,0,0,0
112.934,-3.2047,1,1,0,1->1,0,0,0,0
112.9384,-3.2047,1,1,0,1->1,0,0,0,0
112.8172,-3.2002,0,1,1,0->1,1,0,0,0
112.8396,-3.2002,0,2,1,0->2,1,0,1,0
112.8711,-3.2002,0,0,0,0->0,0,0,0,0
112.9295,-3.2002,3,1,1,3->1,0,0,0,0
112.9429,-3.2002,1,1,0,1->1,0,0,0,0
112.8082,-3.1958,0,0,0,0->0,0,0,0,0
112.916,-3.1958,1,1,0,1->1,0,0,0,0
112.9879,-3.1958,4,4,0,4->4,0,0,0,0
112.8217,-3.1913,0,2,1,0->2,1,0,1,0
112.8935,-3.1913,1,1,0,1->1,0,0,0,0
112.8396,-3.1868,0,2,1,0->2,1,0,1,0
112.8711,-3.1868,1,1,0,1->1,0,0,0,0
112.907,-3.1868,1,1,0,1->1,0,0,0,0
112.925,-3.1868,1,1,0,1->1,0,0,0,0
112.8576,-3.1778,1,2,1,1->2,0,0,1,0
112.907,-3.1778,1,1,0,1->1,0,0,0,0
112.9609,-3.1778,1,1,0,1->1,0,0,0,0
112.8217,-3.1733,0,1,1,0->1,1,0,0,0
112.8711,-3.1733,0,1,1,0->1,1,0,0,0
112.9115,-3.1733,3,1,1,3->1,0,0,0,0
112.9564,-3.1688,1,0,1,1->0,0,1,0,0
112.8935,-3.1643,2,1,1,2->1,0,0,0,0
112.8082,-3.1598,0,0,0,0->0,0,0,0,0
112.916,-3.1598,1,0,1,1->0,0,1,0,0
112.934,-3.1598,1,1,0,1->1,0,0,0,0
112.9654,-3.1598,1,0,1,1->0,0,1,0,0
112.8306,-3.1553,0,0,0,0->0,0,0,0,0
112.8531,-3.1553,0,0,0,0->0,0,0,0,0
112.9609,-3.1553,0,0,0,0->0,0,0,0,0
112.8262,-3.1508,0,0,0,0->0,0,0,0,0
112.8666,-3.1508,1,1,0,1->1,0,0,0,0
112.925,-3.1508,1,1,0,1->1,0,0,0,0
112.9968,-3.1508,4,4,0,4->4,0,0,0,0
112.8127,-3.1463,0,0,0,0->0,0,0,0,0
112.889,-3.1419,1,1,0,1->1,0,0,0,0
112.8621,-3.1374,1,1,0,1->1,0,0,0,0
112.907,-3.1374,1,1,0,1->1,0,0,0,0
112.9384,-3.1374,0,0,0,0->0,0,0,0,0
113.0058,-3.1374,4,4,0,4->4,0,0,0,0
113.0462,-3.1374,4,4,0,4->4,0,0,0,0
112.9609,-3.1329,4,4,0,4->4,0,0,0,0
112.8756,-3.1239,1,1,0,1->1,0,0,0,0
112.9295,-3.1239,0,0,0,0->0,0,0,0,0
112.9384,-3.1239,0,0,0,0->0,0,0,0,0
112.9564,-3.1239,4,4,0,4->4,0,0,0,0
112.8082,-3.1194,0,0,0,0->0,0,0,0,0
112.8441,-3.1194,1,1,0,1->1,0,0,0,0
112.8845,-3.1194,1,0,1,1->0,0,1,0,0
112.916,-3.1149,1,0,1,1->0,0,1,0,0
112.9519,-3.1149,4,4,0,4->4,0,0,0,0
112.9923,-3.1149,3,4,1,3->4,0,0,0,0
112.8172,-3.1104,0,0,0,0->0,0,0,0,0
113.0193,-3.1104,4,4,0,4->4,0,0,0,0
112.8351,-3.1059,1,1,0,1->1,0,0,0,0
112.8396,-3.1059,1,1,0,1->1,0,0,0,0
112.8531,-3.1059,1,0,1,1->0,0,1,0,0
112.9789,-3.1059,4,4,0,4->4,0,0,0,0
113.0238,-3.1059,4,4,0,4->4,0,0,0,0
112.8756,-3.1014,3,1,1,3->1,0,0,0,0
112.934,-3.1014,0,0,0,0->0,0,0,0,0
112.9923,-3.1014,4,4,0,4->4,0,0,0,0
113.0283,-3.1014,4,4,0,4->4,0,0,0,0
112.9699,-3.0969,4,4,0,4->4,0,0,0,0
112.9609,-3.0925,4,4,0,4->4,0,0,0,0
112.9744,-3.0925,4,4,0,4->4,0,0,0,0
112.8441,-3.088,2,2,0,2->2,0,0,0,0
112.8531,-3.088,1,1,0,1->1,0,0,0,0
112.8801,-3.088,1,1,0,1->1,0,0,0,0
112.8666,-3.0835,1,1,0,1->1,0,0,0,0
112.934,-3.0835,0,0,0,0->0,0,0,0,0
112.9609,-3.0835,4,4,0,4->4,0,0,0,0
112.9654,-3.0835,4,4,0,4->4,0,0,0,0
112.9789,-3.0835,4,4,0,4->4,0,0,0,0
112.9968,-3.0835,4,4,0,4->4,0,0,0,0
112.9115,-3.079,1,1,0,1->1,0,0,0,0
112.9384,-3.0745,0,0,0,0->0,0,0,0,0
112.9699,-3.0745,4,4,0,4->4,0,0,0,0
112.9025,-3.07,1,1,0,1->1,0,0,0,0
112.934,-3.07,0,0,0,0->0,0,0,0,0
112.9923,-3.0655,4,4,0,4->4,0,0,0,0
112.8037,-3.061,0,1,1,0->1,1,0,0,0
112.8531,-3.061,1,1,0,1->1,0,0,0,0
112.8666,-3.061,1,0,1,1->0,0,1,0,0
112.9384,-3.061,0,0,0,0->0,0,0,0,0
112.907,-3.0565,1,1,0,1->1,0,0,0,0
112.9115,-3.0565,1,0,1,1->0,0,1,0,0
112.925,-3.0565,1,1,0,1->1,0,0,0,0
112.9879,-3.0565,4,4,0,4->4,0,0,0,0
113.6751,-3.2497,0,0,0,0->0,0,0,0,0
113.684,-3.2452,1,1,0,1->1,0,0,0,0
113.6885,-3.2407,1,0,1,1->0,0,1,0,0
113.6885,-3.2047,1,0,1,1->0,0,1,0,0
113.684,-3.2002,0,0,0,0->0,0,0,0,0
113.6796,-3.1823,1,0,1,1->0,0,1,0,0
113.6751,-3.1553,1,1,0,1->1,0,0,0,0
113.7065,-3.1508,1,0,1,1->0,0,1,0,0
113.7065,-3.1284,1,0,1,1->0,0,1,0,0
113.6885,-3.1059,1,1,0,1->1,0,0,0,0
113.72,-3.1014,1,0,1,1->0,0,1,0,0
113.6796,-3.088,1,1,0,1->1,0,0,0,0
113.702,-3.079,1,1,0,1->1,0,0,0,0
113.702,-3.0745,1,1,0,1->1,0,0,0,0
113.684,-3.07,1,1,0,1->1,0,0,0,0
113.702,-3.07,1,1,0,1->1,0,0,0,0
113.702,-3.0655,1,1,0,1->1,0,0,0,0
111.025,-3.0925,4,4,0,4->4,0,0,0,0
111.0385,-3.0835,4,4,0,4->4,0,0,0,0
111.0205,-3.079,4,4,0,4->4,0,0,0,0
111.025,-3.07,4,4,0,4->4,0,0,0,0
111.0295,-3.0655,4,4,0,4->4,0,0,0,0
111.025,-3.0565,3,2,1,3->2,0,0,1,0
111.9548,-2.8005,0,0,0,0->0,0,0,0,0
112.103,-2.8005,1,1,0,1->1,0,0,0,0
112.2647,-2.8005,1,1,0,1->1,0,0,0,0
112.2782,-2.8005,0,0,0,0->0,0,0,0,0
112.4623,-2.8005,0,0,0,0->0,0,0,0,0
112.5117,-2.8005,0,0,0,0->0,0,0,0,0
112.0491,-2.796,0,0,0,0->0,0,0,0,0
112.1389,-2.796,1,1,0,1->1,0,0,0,0
112.1569,-2.796,1,1,0,1->1,0,0,0,0
112.2333,-2.796,1,1,0,1->1,0,0,0,0
112.2422,-2.796,1,2,1,1->2,0,0,1,0
112.2467,-2.796,1,1,0,1->1,0,0,0,0
112.4938,-2.796,0,0,0,0->0,0,0,0,0
112.0536,-2.7915,0,0,0,0->0,0,0,0,0
112.0626,-2.7915,0,0,0,0->0,0,0,0,0
112.1614,-2.7915,1,1,0,1->1,0,0,0,0
112.1928,-2.7915,0,0,0,0->0,0,0,0,0
112.2198,-2.7915,0,0,0,0->0,0,0,0,0
112.2512,-2.7915,0,1,1,0->1,1,0,0,0
112.3545,-2.7915,0,0,0,0->0,0,0,0,0
112.4174,-2.7915,0,0,0,0->0,0,0,0,0
112.0042,-2.787,0,0,0,0->0,0,0,0,0
112.0177,-2.787,0,0,0,0->0,0,0,0,0
112.0491,-2.787,0,0,0,0->0,0,0,0,0
112.103,-2.787,0,0,0,0->0,0,0,0,0
112.1075,-2.787,2,1,1,2->1,0,0,0,0
112.1839,-2.787,0,0,0,0->0,0,0,0,0
112.2692,-2.787,1,0,1,1->0,0,1,0,0
111.9503,-2.7825,0,0,0,0->0,0,0,0,0
111.9952,-2.7825,0,0,0,0->0,0,0,0,0
112.0536,-2.7825,0,0,0,0->0,0,0,0,0
112.0985,-2.7825,1,0,1,1->0,0,1,0,0
112.2243,-2.7825,0,0,0,0->0,0,0,0,0
112.3725,-2.7825,4,4,0,4->4,0,0,0,0
112.4039,-2.7825,0,0,0,0->0,0,0,0,0
112.4309,-2.7825,0,0,0,0->0,0,0,0,0
112.4983,-2.7825,0,0,0,0->0,0,0,0,0
111.9952,-2.778,0,0,0,0->0,0,0,0,0
112.094,-2.778,0,0,0,0->0,0,0,0,0
112.1614,-2.778,1,1,0,1->1,0,0,0,0
112.386,-2.778,0,0,0,0->0,0,0,0,0
112.4039,-2.778,1,0,1,1->0,0,1,0,0
112.5073,-2.778,0,0,0,0->0,0,0,0,0
112.5162,-2.778,0,0,0,0->0,0,0,0,0
112.0267,-2.7735,0,0,0,0->0,0,0,0,0
112.0536,-2.7735,0,0,0,0->0,0,0,0,0
112.0761,-2.7735,0,0,0,0->0,0,0,0,0
112.1884,-2.7735,0,0,0,0->0,0,0,0,0
112.2063,-2.7735,1,0,1,1->0,0,1,0,0
112.2647,-2.7735,1,2,1,1->2,0,0,1,0
112.3321,-2.7735,1,1,0,1->1,0,0,0,0
112.4084,-2.7735,1,0,1,1->0,0,1,0,0
112.4489,-2.7735,0,0,0,0->0,0,0,0,0
112.4623,-2.7735,0,0,0,0->0,0,0,0,0
112.3006,-2.7691,1,1,0,1->1,0,0,0,0
112.3321,-2.7691,4,4,0,4->4,0,0,0,0
112.4174,-2.7691,1,0,1,1->0,0,1,0,0
111.9638,-2.7646,1,0,1,1->0,0,1,0,0
112.1973,-2.7646,0,0,0,0->0,0,0,0,0
112.2018,-2.7646,0,0,0,0->0,0,0,0,0
112.2737,-2.7646,1,2,1,1->2,0,0,1,0
112.2782,-2.7646,0,1,1,0->1,1,0,0,0
112.3905,-2.7646,0,1,1,0->1,1,0,0,0
112.4174,-2.7646,1,0,1,1->0,0,1,0,0
112.5162,-2.7646,0,0,0,0->0,0,0,0,0
111.9683,-2.7601,0,0,0,0->0,0,0,0,0
112.0491,-2.7601,0,0,0,0->0,0,0,0,0
112.0895,-2.7601,0,0,0,0->0,0,0,0,0
112.1569,-2.7601,0,0,0,0->0,0,0,0,0
112.1973,-2.7601,0,1,1,0->1,1,0,0,0
112.2288,-2.7601,1,1,0,1->1,0,0,0,0
112.2512,-2.7601,1,0,1,1->0,0,1,0,0
112.3231,-2.7601,0,1,1,0->1,1,0,0,0
112.4219,-2.7601,1,0,1,1->0,0,1,0,0
112.4309,-2.7601,1,0,1,1->0,0,1,0,0
112.4444,-2.7601,0,0,0,0->0,0,0,0,0
111.9817,-2.7556,0,0,0,0->0,0,0,0,0
111.9907,-2.7556,0,0,0,0->0,0,0,0,0
112.1345,-2.7556,0,0,0,0->0,0,0,0,0
112.1884,-2.7556,0,0,0,0->0,0,0,0,0
112.2108,-2.7556,1,1,0,1->1,0,0,0,0
112.386,-2.7556,1,0,1,1->0,0,1,0,0
112.5073,-2.7556,0,0,0,0->0,0,0,0,0
111.9593,-2.7511,0,0,0,0->0,0,0,0,0
112.1165,-2.7511,0,0,0,0->0,0,0,0,0
112.1434,-2.7511,1,1,0,1->1,0,0,0,0
112.1973,-2.7511,0,1,1,0->1,1,0,0,0
112.2422,-2.7511,1,1,0,1->1,0,0,0,0
112.3725,-2.7511,1,0,1,1->0,0,1,0,0
112.4039,-2.7511,1,1,0,1->1,0,0,0,0
112.4668,-2.7511,0,0,0,0->0,0,0,0,0
112.1524,-2.7466,0,0,0,0->0,0,0,0,0
112.1884,-2.7466,1,1,0,1->1,0,0,0,0
112.3456,-2.7466,1,1,0,1->1,0,0,0,0
112.359,-2.7466,4,4,0,4->4,0,0,0,0
112.3995,-2.7466,1,1,0,1->1,0,0,0,0
112.4713,-2.7466,0,0,0,0->0,0,0,0,0
112.5073,-2.7466,0,0,0,0->0,0,0,0,0
112.1434,-2.7421,0,0,0,0->0,0,0,0,0
111.9683,-2.7376,0,0,0,0->0,0,0,0,0
112.1075,-2.7376,0,0,0,0->0,0,0,0,0
112.1389,-2.7376,0,0,0,0->0,0,0,0,0
112.1524,-2.7376,0,0,0,0->0,0,0,0,0
112.1973,-2.7376,0,1,1,0->1,1,0,0,0
112.2153,-2.7376,0,0,0,0->0,0,0,0,0
112.2467,-2.7376,0,0,0,0->0,0,0,0,0
112.2512,-2.7376,0,0,0,0->0,0,0,0,0
112.2602,-2.7376,0,0,0,0->0,0,0,0,0
112.2917,-2.7376,1,0,1,1->0,0,1,0,0
112.2961,-2.7376,1,1,0,1->1,0,0,0,0
112.4174,-2.7376,1,1,0,1->1,0,0,0,0
111.9638,-2.7331,0,0,0,0->0,0,0,0,0
112.2333,-2.7331,0,1,1,0->1,1,0,0,0
112.3141,-2.7331,0,1,1,0->1,1,0,0,0
112.3366,-2.7331,1,1,0,1->1,0,0,0,0
112.386,-2.7331,1,0,1,1->0,0,1,0,0
112.4803,-2.7331,0,0,0,0->0,0,0,0,0
111.9548,-2.7286,0,0,0,0->0,0,0,0,0
112.0806,-2.7286,0,0,0,0->0,0,0,0,0
112.4039,-2.7286,0,0,0,0->0,0,0,0,0
112.4309,-2.7286,0,0,0,0->0,0,0,0,0
112.4399,-2.7286,0,0,0,0->0,0,0,0,0
112.4578,-2.7286,0,0,0,0->0,0,0,0,0
112.4758,-2.7286,0,0,0,0->0,0,0,0,0
111.9638,-2.7241,1,0,1,1->0,0,1,0,0
112.0222,-2.7241,0,0,0,0->0,0,0,0,0
112.1524,-2.7241,0,0,0,0->0,0,0,0,0
112.1569,-2.7241,0,0,0,0->0,0,0,0,0
112.35,-2.7241,2,1,1,2->1,0,0,0,0
112.359,-2.7241,1,2,1,1->2,0,0,1,0
112.4399,-2.7241,0,0,0,0->0,0,0,0,0
112.4534,-2.7241,0,0,0,0->0,0,0,0,0
112.4623,-2.7241,0,0,0,0->0,0,0,0,0
112.1839,-2.7196,0,0,0,0->0,0,0,0,0
112.2782,-2.7196,0,0,0,0->0,0,0,0,0
112.3456,-2.7196,1,1,0,1->1,0,0,0,0
112.3545,-2.7196,0,2,1,0->2,1,0,1,0
112.3815,-2.7196,1,1,0,1->1,0,0,0,0
112.386,-2.7196,1,0,1,1->0,0,1,0,0
112.3905,-2.7196,1,0,1,1->0,0,1,0,0
112.4264,-2.7196,1,0,1,1->0,0,1,0,0
112.4444,-2.7196,0,0,0,0->0,0,0,0,0
112.4489,-2.7196,0,0,0,0->0,0,0,0,0
112.4534,-2.7196,0,0,0,0->0,0,0,0,0
112.4758,-2.7196,0,0,0,0->0,0,0,0,0
112.4983,-2.7196,0,0,0,0->0,0,0,0,0
112.0671,-2.7152,0,0,0,0->0,0,0,0,0
111.9683,-2.7107,0,0,0,0->0,0,0,0,0
112.121,-2.7107,1,1,0,1->1,0,0,0,0
112.1479,-2.7107,0,0,0,0->0,0,0,0,0
112.1928,-2.7107,0,0,0,0->0,0,0,0,0
112.2243,-2.7107,1,0,1,1->0,0,1,0,0
112.4264,-2.7107,0,0,0,0->0,0,0,0,0
112.4399,-2.7107,0,0,0,0->0,0,0,0,0
112.4713,-2.7107,0,0,0,0->0,0,0,0,0
111.9952,-2.7062,2,0,1,2->0,0,1,0,0
111.9997,-2.7062,2,0,1,2->0,0,1,0,0
112.377,-2.7062,4,4,0,4->4,0,0,0,0
112.4803,-2.7062,0,0,0,0->0,0,0,0,0
112.5073,-2.7062,0,0,0,0->0,0,0,0,0
111.9503,-2.7017,0,0,0,0->0,0,0,0,0
112.0806,-2.7017,0,0,0,0->0,0,0,0,0
112.1389,-2.7017,0,0,0,0->0,0,0,0,0
112.1659,-2.7017,0,1,1,0->1,1,0,0,0
112.2108,-2.7017,1,1,0,1->1,0,0,0,0
112.4893,-2.7017,0,0,0,0->0,0,0,0,0
112.1434,-2.6972,0,0,0,0->0,0,0,0,0
112.1884,-2.6972,0,1,1,0->1,1,0,0,0
112.1973,-2.6972,1,0,1,1->0,0,1,0,0
112.2198,-2.6972,1,0,1,1->0,0,1,0,0
112.2333,-2.6972,0,2,1,0->2,1,0,1,0
112.2467,-2.6972,1,0,1,1->0,0,1,0,0
112.3366,-2.6972,1,0,1,1->0,0,1,0,0
112.3456,-2.6972,1,0,1,1->0,0,1,0,0
112.3995,-2.6972,1,1,0,1->1,0,0,0,0
112.4758,-2.6972,0,1,1,0->1,1,0,0,0
111.9907,-2.6927,0,0,0,0->0,0,0,0,0
112.0356,-2.6927,0,0,0,0->0,0,0,0,0
112.085,-2.6927,0,0,0,0->0,0,0,0,0
112.1345,-2.6927,0,0,0,0->0,0,0,0,0
112.1389,-2.6927,0,0,0,0->0,0,0,0,0
112.2108,-2.6927,1,0,1,1->0,0,1,0,0
112.4354,-2.6927,1,0,1,1->0,0,1,0,0
112.4578,-2.6927,0,0,0,0->0,0,0,0,0
112.4668,-2.6927,0,0,0,0->0,0,0,0,0
111.9593,-2.6882,0,0,0,0->0,0,0,0,0
112.0626,-2.6882,0,0,0,0->0,0,0,0,0
112.1165,-2.6882,0,0,0,0->0,0,0,0,0
112.1973,-2.6882,1,0,1,1->0,0,1,0,0
112.2198,-2.6882,1,0,1,1->0,0,1,0,0
112.2647,-2.6882,0,0,0,0->0,0,0,0,0
112.2872,-2.6882,1,0,1,1->0,0,1,0,0
112.2917,-2.6882,0,0,0,0->0,0,0,0,0
112.4174,-2.6882,0,0,0,0->0,0,0,0,0
111.9862,-2.6837,0,0,0,0->0,0,0,0,0
112.0042,-2.6837,0,0,0,0->0,0,0,0,0
112.0356,-2.6837,0,0,0,0->0,0,0,0,0
112.1255,-2.6837,0,0,0,0->0,0,0,0,0
112.1704,-2.6837,1,1,0,1->1,0,0,0,0
112.3096,-2.6837,1,0,1,1->0,0,1,0,0
112.3366,-2.6837,0,0,0,0->0,0,0,0,0
112.3545,-2.6837,1,1,0,1->1,0,0,0,0
112.4354,-2.6837,0,1,1,0->1,1,0,0,0
112.0446,-2.6792,0,0,0,0->0,0,0,0,0
112.085,-2.6792,1,1,0,1->1,0,0,0,0
112.1704,-2.6792,1,0,1,1->0,0,1,0,0
112.2647,-2.6792,0,0,0,0->0,0,0,0,0
112.3186,-2.6792,1,0,1,1->0,0,1,0,0
112.3276,-2.6792,0,0,0,0->0,0,0,0,0
112.3905,-2.6792,2,2,0,2->2,0,0,0,0
112.3995,-2.6792,4,4,0,4->4,0,0,0,0
112.4039,-2.6792,4,4,0,4->4,0,0,0,0
111.9638,-2.6747,0,0,0,0->0,0,0,0,0
111.9907,-2.6747,0,0,0,0->0,0,0,0,0
111.9952,-2.6747,0,0,0,0->0,0,0,0,0
112.0042,-2.6747,0,0,0,0->0,0,0,0,0
112.0177,-2.6747,0,0,0,0->0,0,0,0,0
112.1075,-2.6747,0,0,0,0->0,0,0,0,0
112.13,-2.6747,0,0,0,0->0,0,0,0,0
112.1704,-2.6747,0,0,0,0->0,0,0,0,0
112.1973,-2.6747,0,1,1,0->1,1,0,0,0
112.2467,-2.6747,1,0,1,1->0,0,1,0,0
112.3366,-2.6747,1,1,0,1->1,0,0,0,0
112.4084,-2.6747,1,1,0,1->1,0,0,0,0
112.4309,-2.6747,1,1,0,1->1,0,0,0,0
112.4623,-2.6747,0,0,0,0->0,0,0,0,0
112.4758,-2.6747,0,0,0,0->0,0,0,0,0
112.4893,-2.6747,0,0,0,0->0,0,0,0,0
112.4938,-2.6747,0,0,0,0->0,0,0,0,0
111.9593,-2.6702,0,0,0,0->0,0,0,0,0
112.0267,-2.6702,0,0,0,0->0,0,0,0,0
112.0671,-2.6702,1,0,1,1->0,0,1,0,0
112.2422,-2.6702,0,0,0,0->0,0,0,0,0
112.4803,-2.6702,0,0,0,0->0,0,0,0,0
111.9772,-2.6658,1,1,0,1->1,0,0,0,0
111.9952,-2.6658,0,0,0,0->0,0,0,0,0
112.0132,-2.6658,0,0,0,0->0,0,0,0,0
112.0806,-2.6658,1,1,0,1->1,0,0,0,0
112.094,-2.6658,1,0,1,1->0,0,1,0,0
112.112,-2.6658,0,0,0,0->0,0,0,0,0
112.1973,-2.6658,0,1,1,0->1,1,0,0,0
112.2063,-2.6658,0,0,0,0->0,0,0,0,0
112.2153,-2.6658,1,0,1,1->0,0,1,0,0
112.2378,-2.6658,1,1,0,1->1,0,0,0,0
112.2737,-2.6658,0,0,0,0->0,0,0,0,0
112.4803,-2.6658,0,0,0,0->0,0,0,0,0
111.9638,-2.6613,1,1,0,1->1,0,0,0,0
112.0761,-2.6613,0,0,0,0->0,0,0,0,0
112.1345,-2.6613,0,0,0,0->0,0,0,0,0
112.2108,-2.6613,0,0,0,0->0,0,0,0,0
112.3321,-2.6613,1,1,0,1->1,0,0,0,0
112.4668,-2.6613,0,0,0,0->0,0,0,0,0
112.4938,-2.6613,0,0,0,0->0,0,0,0,0
111.9638,-2.6568,0,0,0,0->0,0,0,0,0
111.9817,-2.6568,0,0,0,0->0,0,0,0,0
112.0132,-2.6568,0,0,0,0->0,0,0,0,0
112.1165,-2.6568,1,0,1,1->0,0,1,0,0
112.1928,-2.6568,1,1,0,1->1,0,0,0,0
112.2108,-2.6568,1,1,0,1->1,0,0,0,0
112.3006,-2.6568,1,0,1,1->0,0,1,0,0
112.3995,-2.6568,4,4,0,4->4,0,0,0,0
112.4129,-2.6568,0,0,0,0->0,0,0,0,0
111.9907,-2.6523,0,0,0,0->0,0,0,0,0
112.0401,-2.6523,0,0,0,0->0,0,0,0,0
112.0491,-2.6523,0,0,0,0->0,0,0,0,0
112.3456,-2.6523,1,1,0,1->1,0,0,0,0
112.368,-2.6523,1,1,0,1->1,0,0,0,0
112.395,-2.6523,1,1,0,1->1,0,0,0,0
112.4174,-2.6523,0,0,0,0->0,0,0,0,0
111.9548,-2.6478,1,0,1,1->0,0,1,0,0
111.9683,-2.6478,1,0,1,1->0,0,1,0,0
111.9772,-2.6478,1,1,0,1->1,0,0,0,0
112.0132,-2.6478,0,0,0,0->0,0,0,0,0
112.1255,-2.6478,0,0,0,0->0,0,0,0,0
112.13,-2.6478,0,0,0,0->0,0,0,0,0
112.1524,-2.6478,0,1,1,0->1,1,0,0,0
112.1749,-2.6478,1,0,1,1->0,0,1,0,0
112.2108,-2.6478,1,1,0,1->1,0,0,0,0
112.2602,-2.6478,0,0,0,0->0,0,0,0,0
112.2961,-2.6478,0,0,0,0->0,0,0,0,0
112.4264,-2.6478,0,0,0,0->0,0,0,0,0
112.4578,-2.6478,0,0,0,0->0,0,0,0,0
111.9772,-2.6433,1,1,0,1->1,0,0,0,0
112.0895,-2.6433,1,0,1,1->0,0,1,0,0
112.094,-2.6433,0,0,0,0->0,0,0,0,0
112.0985,-2.6433,0,0,0,0->0,0,0,0,0
112.1569,-2.6433,0,0,0,0->0,0,0,0,0
112.2108,-2.6433,0,0,0,0->0,0,0,0,0
112.3635,-2.6433,1,2,1,1->2,0,0,1,0
112.3815,-2.6433,1,1,0,1->1,0,0,0,0
111.9817,-2.6388,1,0,1,1->0,0,1,0,0
111.9862,-2.6388,0,1,1,0->1,1,0,0,0
112.0132,-2.6388,0,0,0,0->0,0,0,0,0
112.0401,-2.6388,0,0,0,0->0,0,0,0,0
112.1165,-2.6388,0,0,0,0->0,0,0,0,0
112.1569,-2.6388,1,0,1,1->0,0,1,0,0
112.1659,-2.6388,0,0,0,0->0,0,0,0,0
112.1884,-2.6388,0,1,1,0->1,1,0,0,0
112.2108,-2.6388,1,1,0,1->1,0,0,0,0
112.2467,-2.6388,1,1,0,1->1,0,0,0,0
112.2647,-2.6388,0,0,0,0->0,0,0,0,0
112.2782,-2.6388,0,0,0,0->0,0,0,0,0
112.2917,-2.6388,0,0,0,0->0,0,0,0,0
112.3006,-2.6388,0,0,0,0->0,0,0,0,0
112.3051,-2.6388,0,0,0,0->0,0,0,0,0
112.3231,-2.6388,0,0,0,0->0,0,0,0,0
112.3815,-2.6388,1,1,0,1->1,0,0,0,0
112.4084,-2.6388,0,0,0,0->0,0,0,0,0
112.4174,-2.6388,0,0,0,0->0,0,0,0,0
112.5073,-2.6388,0,0,0,0->0,0,0,0,0
111.9593,-2.6343,0,0,0,0->0,0,0,0,0
111.9728,-2.6343,1,0,1,1->0,0,1,0,0
112.0716,-2.6343,1,1,0,1->1,0,0,0,0
112.121,-2.6343,0,0,0,0->0,0,0,0,0
112.1345,-2.6343,0,0,0,0->0,0,0,0,0
112.3051,-2.6343,0,1,1,0->1,1,0,0,0
112.3141,-2.6343,0,0,0,0->0,0,0,0,0
112.359,-2.6343,1,1,0,1->1,0,0,0,0
112.4534,-2.6343,0,0,0,0->0,0,0,0,0
112.4758,-2.6343,0,0,0,0->0,0,0,0,0
111.9593,-2.6298,1,0,1,1->0,0,1,0,0
112.0042,-2.6298,0,0,0,0->0,0,0,0,0
112.0581,-2.6298,1,1,0,1->1,0,0,0,0
112.3321,-2.6298,0,0,0,0->0,0,0,0,0
112.3411,-2.6298,0,0,0,0->0,0,0,0,0
112.5073,-2.6298,0,0,0,0->0,0,0,0,0
111.9862,-2.6253,0,0,0,0->0,0,0,0,0
112.0087,-2.6253,0,0,0,0->0,0,0,0,0
112.0806,-2.6253,0,1,1,0->1,1,0,0,0
112.1659,-2.6253,1,1,0,1->1,0,0,0,0
112.2647,-2.6253,1,0,1,1->0,0,1,0,0
112.2827,-2.6253,0,0,0,0->0,0,0,0,0
112.4219,-2.6253,1,1,0,1->1,0,0,0,0
112.4938,-2.6253,0,0,0,0->0,0,0,0,0
112.5073,-2.6253,0,0,0,0->0,0,0,0,0
111.9683,-2.6208,0,0,0,0->0,0,0,0,0
112.0087,-2.6208,0,0,0,0->0,0,0,0,0
112.094,-2.6208,0,1,1,0->1,1,0,0,0
112.1255,-2.6208,0,0,0,0->0,0,0,0,0
112.1524,-2.6208,0,0,0,0->0,0,0,0,0
112.1973,-2.6208,0,0,0,0->0,0,0,0,0
112.2153,-2.6208,0,0,0,0->0,0,0,0,0
112.2467,-2.6208,1,1,0,1->1,0,0,0,0
112.3366,-2.6208,0,2,1,0->2,1,0,1,0
112.3725,-2.6208,1,2,1,1->2,0,0,1,0
112.4129,-2.6208,1,1,0,1->1,0,0,0,0
112.5207,-2.6208,0,0,0,0->0,0,0,0,0
111.9683,-2.6163,0,0,0,0->0,0,0,0,0
111.9638,-2.6119,0,0,0,0->0,0,0,0,0
111.9728,-2.6119,0,0,0,0->0,0,0,0,0
112.0806,-2.6119,1,1,0,1->1,0,0,0,0
112.1569,-2.6119,0,0,0,0->0,0,0,0,0
112.2243,-2.6119,0,2,1,0->2,1,0,1,0
112.2961,-2.6119,1,0,1,1->0,0,1,0,0
112.4983,-2.6119,0,0,0,0->0,0,0,0,0
111.9683,-2.6074,0,0,0,0->0,0,0,0,0
112.0177,-2.6074,0,0,0,0->0,0,0,0,0
112.1165,-2.6074,0,1,1,0->1,1,0,0,0
112.1884,-2.6074,2,0,1,2->0,0,1,0,0
112.2647,-2.6074,0,0,0,0->0,0,0,0,0
112.3545,-2.6074,0,0,0,0->0,0,0,0,0
112.3635,-2.6074,0,0,0,0->0,0,0,0,0
112.4354,-2.6074,0,1,1,0->1,1,0,0,0
112.4444,-2.6074,0,0,0,0->0,0,0,0,0
112.121,-2.6029,0,0,0,0->0,0,0,0,0
112.1345,-2.6029,0,0,0,0->0,0,0,0,0
112.2018,-2.6029,0,0,0,0->0,0,0,0,0
112.3411,-2.6029,0,0,0,0->0,0,0,0,0
112.4039,-2.6029,1,1,0,1->1,0,0,0,0
112.4489,-2.6029,0,0,0,0->0,0,0,0,0
112.0177,-2.5984,1,1,0,1->1,0,0,0,0
112.0222,-2.5984,1,1,0,1->1,0,0,0,0
112.0626,-2.5984,0,1,1,0->1,1,0,0,0
112.0671,-2.5984,1,1,0,1->1,0,0,0,0
112.1434,-2.5984,1,1,0,1->1,0,0,0,0
112.1794,-2.5984,0,1,1,0->1,1,0,0,0
112.2153,-2.5984,0,0,0,0->0,0,0,0,0
112.2602,-2.5984,1,0,1,1->0,0,1,0,0
112.4309,-2.5984,0,0,0,0->0,0,0,0,0
112.4534,-2.5984,0,0,0,0->0,0,0,0,0
112.4623,-2.5984,0,0,0,0->0,0,0,0,0
111.9638,-2.5939,0,0,0,0->0,0,0,0,0
112.0087,-2.5939,0,0,0,0->0,0,0,0,0
112.0311,-2.5939,2,1,1,2->1,0,0,0,0
112.0536,-2.5939,0,0,0,0->0,0,0,0,0
112.0626,-2.5939,0,1,1,0->1,1,0,0,0
112.1884,-2.5939,0,1,1,0->1,1,0,0,0
112.2961,-2.5939,0,0,0,0->0,0,0,0,0
112.3635,-2.5939,0,0,0,0->0,0,0,0,0
112.368,-2.5939,0,0,0,0->0,0,0,0,0
112.4174,-2.5939,0,0,0,0->0,0,0,0,0
111.9548,-2.5894,0,0,0,0->0,0,0,0,0
112.0761,-2.5894,0,0,0,0->0,0,0,0,0
112.13,-2.5894,0,0,0,0->0,0,0,0,0
112.1479,-2.5894,1,1,0,1->1,0,0,0,0
112.1569,-2.5894,1,0,1,1->0,0,1,0,0
112.2018,-2.5894,0,0,0,0->0,0,0,0,0
112.2333,-2.5894,0,0,0,0->0,0,0,0,0
112.3186,-2.5894,0,0,0,0->0,0,0,0,0
112.3321,-2.5894,0,0,0,0->0,0,0,0,0
112.395,-2.5894,1,1,0,1->1,0,0,0,0
112.4983,-2.5894,0,2,1,0->2,1,0,1,0
112.0446,-2.5849,1,1,0,1->1,0,0,0,0
112.0491,-2.5849,1,1,0,1->1,0,0,0,0
112.2018,-2.5849,0,0,0,0->0,0,0,0,0
112.3186,-2.5849,0,0,0,0->0,0,0,0,0
112.4039,-2.5849,4,1,1,4->1,0,0,0,0
112.4444,-2.5849,0,0,0,0->0,0,0,0,0
112.0626,-2.5804,0,0,0,0->0,0,0,0,0
112.112,-2.5804,0,0,0,0->0,0,0,0,0
112.2602,-2.5804,0,0,0,0->0,0,0,0,0
112.2782,-2.5804,0,0,0,0->0,0,0,0,0
112.2827,-2.5804,0,0,0,0->0,0,0,0,0
112.3231,-2.5804,0,0,0,0->0,0,0,0,0
112.4668,-2.5804,0,0,0,0->0,0,0,0,0
112.4893,-2.5804,0,0,0,0->0,0,0,0,0
112.4938,-2.5804,0,0,0,0->0,0,0,0,0
112.5028,-2.5804,0,1,1,0->1,1,0,0,0
111.9548,-2.5759,0,0,0,0->0,0,0,0,0
111.9638,-2.5759,0,0,0,0->0,0,0,0,0
112.094,-2.5759,0,0,0,0->0,0,0,0,0
112.1884,-2.5759,0,1,1,0->1,1,0,0,0
112.2737,-2.5759,0,0,0,0->0,0,0,0,0
112.2827,-2.5759,0,0,0,0->0,0,0,0,0
111.9593,-2.5714,0,0,0,0->0,0,0,0,0
112.1389,-2.5714,0,0,0,0->0,0,0,0,0
112.2153,-2.5714,0,0,0,0->0,0,0,0,0
112.3545,-2.5714,0,0,0,0->0,0,0,0,0
112.4489,-2.5714,0,0,0,0->0,0,0,0,0
112.4803,-2.5714,0,0,0,0->0,0,0,0,0
112.5073,-2.5714,0,1,1,0->1,1,0,0,0
112.5117,-2.5714,0,1,1,0->1,1,0,0,0
111.9728,-2.5669,0,0,0,0->0,0,0,0,0
112.0132,-2.5669,0,0,0,0->0,0,0,0,0
112.0671,-2.5669,0,0,0,0->0,0,0,0,0
112.1884,-2.5669,0,0,0,0->0,0,0,0,0
112.2018,-2.5669,0,2,1,0->2,1,0,1,0
112.2467,-2.5669,0,0,0,0->0,0,0,0,0
112.2557,-2.5669,0,0,0,0->0,0,0,0,0
112.4039,-2.5669,0,0,0,0->0,0,0,0,0
112.4489,-2.5669,0,0,0,0->0,0,0,0,0
111.9638,-2.5624,1,0,1,1->0,0,1,0,0
112.1479,-2.5624,0,0,0,0->0,0,0,0,0
112.1659,-2.5624,1,0,1,1->0,0,1,0,0
112.1928,-2.5624,0,0,0,0->0,0,0,0,0
112.2108,-2.5624,0,0,0,0->0,0,0,0,0
112.2602,-2.5624,0,0,0,0->0,0,0,0,0
112.2827,-2.5624,0,0,0,0->0,0,0,0,0
112.359,-2.5624,0,0,0,0->0,0,0,0,0
112.368,-2.5624,0,0,0,0->0,0,0,0,0
112.4983,-2.5624,0,1,1,0->1,1,0,0,0
111.9952,-2.558,0,0,0,0->0,0,0,0,0
112.0042,-2.558,1,1,0,1->1,0,0,0,0
112.0581,-2.558,0,0,0,0->0,0,0,0,0
112.0716,-2.558,0,0,0,0->0,0,0,0,0
112.0761,-2.558,0,0,0,0->0,0,0,0,0
112.0985,-2.558,0,0,0,0->0,0,0,0,0
112.1839,-2.558,0,0,0,0->0,0,0,0,0
112.1884,-2.558,1,0,1,1->0,0,1,0,0
112.1928,-2.558,1,1,0,1->1,0,0,0,0
112.2827,-2.558,0,0,0,0->0,0,0,0,0
112.4084,-2.558,1,1,0,1->1,0,0,0,0
112.4219,-2.558,0,0,0,0->0,0,0,0,0
112.4848,-2.558,0,0,0,0->0,0,0,0,0
112.5117,-2.558,0,1,1,0->1,1,0,0,0
112.094,-2.5535,0,0,0,0->0,0,0,0,0
112.1614,-2.5535,0,0,0,0->0,0,0,0,0
112.1749,-2.5535,0,0,0,0->0,0,0,0,0
112.2108,-2.5535,0,0,0,0->0,0,0,0,0
112.3321,-2.5535,0,0,0,0->0,0,0,0,0
112.0356,-2.549,0,0,0,0->0,0,0,0,0
112.094,-2.549,0,0,0,0->0,0,0,0,0
112.112,-2.549,0,0,0,0->0,0,0,0,0
112.2288,-2.549,0,0,0,0->0,0,0,0,0
112.2917,-2.549,0,0,0,0->0,0,0,0,0
112.377,-2.549,0,1,1,0->1,1,0,0,0
112.395,-2.549,1,1,0,1->1,0,0,0,0
112.4489,-2.549,0,0,0,0->0,0,0,0,0
112.0132,-2.5445,0,0,0,0->0,0,0,0,0
112.0895,-2.5445,0,0,0,0->0,0,0,0,0
112.13,-2.5445,0,0,0,0->0,0,0,0,0
112.2602,-2.5445,0,0,0,0->0,0,0,0,0
112.3725,-2.5445,0,2,1,0->2,1,0,1,0
112.377,-2.5445,0,1,1,0->1,1,0,0,0
112.395,-2.5445,1,1,0,1->1,0,0,0,0
112.4129,-2.5445,0,0,0,0->0,0,0,0,0
112.4578,-2.5445,0,0,0,0->0,0,0,0,0
111.9683,-2.54,0,0,0,0->0,0,0,0,0
111.9952,-2.54,0,0,0,0->0,0,0,0,0
112.1165,-2.54,1,0,1,1->0,0,1,0,0
112.1569,-2.54,1,1,0,1->1,0,0,0,0
112.1884,-2.54,0,2,1,0->2,1,0,1,0
112.1973,-2.54,1,0,1,1->0,0,1,0,0
112.2422,-2.54,0,0,0,0->0,0,0,0,0
112.3006,-2.54,0,0,0,0->0,0,0,0,0
112.4174,-2.54,0,0,0,0->0,0,0,0,0
111.9907,-2.5355,0,0,0,0->0,0,0,0,0
111.9952,-2.5355,0,0,0,0->0,0,0,0,0
112.1345,-2.5355,1,1,0,1->1,0,0,0,0
112.1839,-2.5355,0,0,0,0->0,0,0,0,0
112.2108,-2.5355,0,0,0,0->0,0,0,0,0
112.2198,-2.5355,0,0,0,0->0,0,0,0,0
112.2378,-2.5355,0,0,0,0->0,0,0,0,0
111.9997,-2.531,0,1,1,0->1,1,0,0,0
112.0626,-2.531,0,0,0,0->0,0,0,0,0
112.0716,-2.531,0,0,0,0->0,0,0,0,0
112.121,-2.531,0,0,0,0->0,0,0,0,0
112.2288,-2.531,0,0,0,0->0,0,0,0,0
112.2602,-2.531,0,0,0,0->0,0,0,0,0
112.3411,-2.531,0,0,0,0->0,0,0,0,0
112.3815,-2.531,0,0,0,0->0,0,0,0,0
112.3905,-2.531,0,0,0,0->0,0,0,0,0
112.4264,-2.531,0,0,0,0->0,0,0,0,0
111.9907,-2.5265,0,0,0,0->0,0,0,0,0
112.0401,-2.5265,0,0,0,0->0,0,0,0,0
112.094,-2.5265,0,0,0,0->0,0,0,0,0
112.1255,-2.5265,1,1,0,1->1,0,0,0,0
112.2198,-2.5265,0,0,0,0->0,0,0,0,0
112.2467,-2.5265,0,0,0,0->0,0,0,0,0
112.2782,-2.5265,0,0,0,0->0,0,0,0,0
112.3096,-2.5265,0,0,0,0->0,0,0,0,0
112.3231,-2.5265,0,0,0,0->0,0,0,0,0
112.368,-2.5265,0,0,0,0->0,0,0,0,0
111.9817,-2.522,0,0,0,0->0,0,0,0,0
112.2961,-2.522,0,0,0,0->0,0,0,0,0
112.3186,-2.522,0,0,0,0->0,0,0,0,0
112.3321,-2.522,0,0,0,0->0,0,0,0,0
112.4489,-2.522,0,0,0,0->0,0,0,0,0
112.4623,-2.522,0,0,0,0->0,0,0,0,0
112.4938,-2.522,0,0,0,0->0,0,0,0,0
111.9683,-2.5175,0,0,0,0->0,0,0,0,0
111.9862,-2.5175,0,0,0,0->0,0,0,0,0
112.0177,-2.5175,0,0,0,0->0,0,0,0,0
112.0806,-2.5175,0,0,0,0->0,0,0,0,0
112.085,-2.5175,0,0,0,0->0,0,0,0,0
112.3635,-2.5175,0,0,0,0->0,0,0,0,0
112.5207,-2.5175,0,0,0,0->0,0,0,0,0
111.9638,-2.513,0,0,0,0->0,0,0,0,0
111.9683,-2.513,0,0,0,0->0,0,0,0,0
112.0491,-2.513,0,0,0,0->0,0,0,0,0
112.1255,-2.513,1,1,0,1->1,0,0,0,0
112.1345,-2.513,0,0,0,0->0,0,0,0,0
112.2108,-2.513,1,1,0,1->1,0,0,0,0
112.2333,-2.513,0,0,0,0->0,0,0,0,0
112.2827,-2.513,0,3,1,0->3,1,0,0,1
112.3231,-2.513,0,0,0,0->0,0,0,0,0
112.3321,-2.513,0,1,1,0->1,1,0,0,0
112.3905,-2.513,0,0,0,0->0,0,0,0,0
112.395,-2.513,0,0,0,0->0,0,0,0,0
112.4264,-2.513,0,0,0,0->0,0,0,0,0
112.4309,-2.513,0,0,0,0->0,0,0,0,0
112.0267,-2.5085,0,0,0,0->0,0,0,0,0
112.2467,-2.5085,0,0,0,0->0,0,0,0,0
112.5162,-2.5085,0,0,0,0->0,0,0,0,0
112.5207,-2.5085,0,0,0,0->0,0,0,0,0
111.9548,-2.5041,0,0,0,0->0,0,0,0,0
112.1614,-2.5041,0,0,0,0->0,0,0,0,0
112.1749,-2.5041,0,0,0,0->0,0,0,0,0
112.2917,-2.5041,0,1,1,0->1,1,0,0,0
112.359,-2.5041,0,0,0,0->0,0,0,0,0
112.3815,-2.5041,0,0,0,0->0,0,0,0,0
112.395,-2.5041,0,0,0,0->0,0,0,0,0
112.4084,-2.5041,0,0,0,0->0,0,0,0,0
112.0356,-2.4996,0,0,0,0->0,0,0,0,0
112.1614,-2.4996,1,1,0,1->1,0,0,0,0
112.2108,-2.4996,1,1,0,1->1,0,0,0,0
112.2378,-2.4996,0,0,0,0->0,0,0,0,0
112.2602,-2.4996,0,1,1,0->1,1,0,0,0
112.3456,-2.4996,0,0,0,0->0,0,0,0,0
112.395,-2.4996,0,0,0,0->0,0,0,0,0
112.4713,-2.4996,1,1,0,1->1,0,0,0,0
112.0311,-2.4951,0,0,0,0->0,0,0,0,0
112.1345,-2.4951,2,1,1,2->1,0,0,0,0
112.1389,-2.4951,1,0,1,1->0,0,1,0,0
112.1704,-2.4951,0,0,0,0->0,0,0,0,0
112.2018,-2.4951,0,1,1,0->1,1,0,0,0
112.2782,-2.4951,0,1,1,0->1,1,0,0,0
112.359,-2.4951,0,0,0,0->0,0,0,0,0
112.3725,-2.4951,0,0,0,0->0,0,0,0,0
112.3995,-2.4951,0,0,0,0->0,0,0,0,0
112.4309,-2.4951,0,0,0,0->0,0,0,0,0
112.4354,-2.4951,0,0,0,0->0,0,0,0,0
111.9772,-2.4906,0,0,0,0->0,0,0,0,0
112.0671,-2.4906,0,0,0,0->0,0,0,0,0
112.0716,-2.4906,0,0,0,0->0,0,0,0,0
112.0895,-2.4906,0,0,0,0->0,0,0,0,0
112.1389,-2.4906,0,0,0,0->0,0,0,0,0
112.1569,-2.4906,0,0,0,0->0,0,0,0,0
112.2422,-2.4906,0,0,0,0->0,0,0,0,0
112.2737,-2.4906,2,2,0,2->2,0,0,0,0
112.3006,-2.4906,0,0,0,0->0,0,0,0,0
112.4309,-2.4906,0,0,0,0->0,0,0,0,0
112.0087,-2.4861,0,0,0,0->0,0,0,0,0
112.0311,-2.4861,0,0,0,0->0,0,0,0,0
112.3276,-2.4861,1,0,1,1->0,0,1,0,0
112.4174,-2.4861,0,0,0,0->0,0,0,0,0
112.5162,-2.4861,0,1,1,0->1,1,0,0,0
112.0356,-2.4816,0,0,0,0->0,0,0,0,0
112.0761,-2.4816,0,0,0,0->0,0,0,0,0
112.121,-2.4816,1,1,0,1->1,0,0,0,0
112.13,-2.4816,1,1,0,1->1,0,0,0,0
112.2198,-2.4816,0,0,0,0->0,0,0,0,0
112.2467,-2.4816,0,0,0,0->0,0,0,0,0
112.3186,-2.4816,3,1,1,3->1,0,0,0,0
112.3725,-2.4816,0,0,0,0->0,0,0,0,0
112.4758,-2.4816,0,0,0,0->0,0,0,0,0
111.9099,-2.787,0,0,0,0->0,0,0,0,0
111.9009,-2.7735,0,0,0,0->0,0,0,0,0
111.9054,-2.7735,0,0,0,0->0,0,0,0,0
111.9278,-2.7196,0,0,0,0->0,0,0,0,0
111.9009,-2.7062,0,3,1,0->3,1,0,0,1
111.9054,-2.7062,0,0,0,0->0,0,0,0,0
111.9413,-2.7062,0,0,0,0->0,0,0,0,0
111.9368,-2.7017,0,0,0,0->0,0,0,0,0
111.9458,-2.7017,0,0,0,0->0,0,0,0,0
111.9458,-2.6927,0,0,0,0->0,0,0,0,0
111.9144,-2.6658,1,0,1,1->0,0,1,0,0
111.9099,-2.6613,0,0,0,0->0,0,0,0,0
111.9458,-2.6523,0,0,0,0->0,0,0,0,0
111.9368,-2.6478,0,0,0,0->0,0,0,0,0
111.9458,-2.6433,0,0,0,0->0,0,0,0,0
111.9233,-2.6343,0,0,0,0->0,0,0,0,0
111.9099,-2.5984,1,1,0,1->1,0,0,0,0
111.9144,-2.5939,2,1,1,2->1,0,0,0,0
111.9099,-2.5804,1,0,1,1->0,0,1,0,0
111.9458,-2.5804,1,1,0,1->1,0,0,0,0
111.9144,-2.5759,0,0,0,0->0,0,0,0,0
111.9323,-2.5759,1,0,1,1->0,0,1,0,0
111.9413,-2.5759,1,0,1,1->0,0,1,0,0
111.9009,-2.5714,1,0,1,1->0,0,1,0,0
111.9099,-2.5714,0,0,0,0->0,0,0,0,0
111.9458,-2.5669,1,1,0,1->1,0,0,0,0
111.9099,-2.5624,0,0,0,0->0,0,0,0,0
111.9233,-2.558,0,0,0,0->0,0,0,0,0
111.9054,-2.5535,0,0,0,0->0,0,0,0,0
111.9009,-2.549,0,0,0,0->0,0,0,0,0
111.9233,-2.549,0,0,0,0->0,0,0,0,0
111.9233,-2.5355,0,0,0,0->0,0,0,0,0
111.9233,-2.5175,0,0,0,0->0,0,0,0,0
111.9189,-2.5085,1,0,1,1->0,0,1,0,0
111.9458,-2.4996,0,0,0,0->0,0,0,0,0
111.0475,-3.052,1,2,1,1->2,0,0,1,0
111.025,-3.0475,1,2,1,1->2,0,0,1,0
111.025,-3.043,1,1,0,1->1,0,0,0,0
111.0834,-3.043,4,4,0,4->4,0,0,0,0
111.0879,-3.043,4,4,0,4->4,0,0,0,0
111.0565,-3.0386,1,1,0,1->1,0,0,0,0
111.061,-3.0386,2,2,0,2->2,0,0,0,0
111.0699,-3.0341,2,2,0,2->2,0,0,0,0
111.061,-3.0296,1,1,0,1->1,0,0,0,0
111.034,-3.0251,1,1,0,1->1,0,0,0,0
111.0655,-3.0251,1,1,0,1->1,0,0,0,0
111.0699,-3.0206,1,1,0,1->1,0,0,0,0
111.0744,-3.0161,1,1,0,1->1,0,0,0,0
111.0385,-3.0071,1,1,0,1->1,0,0,0,0
111.043,-2.9936,2,1,1,2->1,0,0,0,0
111.052,-2.9847,2,1,1,2->1,0,0,0,0
111.0475,-2.9802,0,1,1,0->1,1,0,0,0
111.0744,-2.9757,1,1,0,1->1,0,0,0,0
111.0744,-2.9667,2,2,0,2->2,0,0,0,0
111.0565,-2.9532,2,1,1,2->1,0,0,0,0
111.0699,-2.9442,1,1,0,1->1,0,0,0,0
111.052,-2.9397,1,1,0,1->1,0,0,0,0
111.0475,-2.9352,1,1,0,1->1,0,0,0,0
111.0655,-2.9352,1,1,0,1->1,0,0,0,0
111.0655,-2.9308,0,0,0,0->0,0,0,0,0
111.0834,-2.9308,0,1,1,0->1,1,0,0,0
111.0834,-2.9218,2,1,1,2->1,0,0,0,0
111.0744,-2.9128,0,0,0,0->0,0,0,0,0
111.061,-2.8858,1,0,1,1->0,0,1,0,0
111.0744,-2.8858,0,0,0,0->0,0,0,0,0
111.0789,-2.8858,0,1,1,0->1,1,0,0,0
111.0879,-2.8858,1,0,1,1->0,0,1,0,0
111.0789,-2.8589,1,0,1,1->0,0,1,0,0
111.0834,-2.8589,0,1,1,0->1,1,0,0,0
111.0744,-2.8274,0,1,1,0->1,1,0,0,0
111.0789,-2.8274,0,1,1,0->1,1,0,0,0
111.0789,-2.8185,0,1,1,0->1,1,0,0,0
111.0879,-2.805,1,0,1,1->0,0,1,0,0
111.0879,-2.8005,0,1,1,0->1,1,0,0,0
112.8037,-3.052,2,2,0,2->2,0,0,0,0
112.9474,-3.052,0,0,0,0->0,0,0,0,0
112.9699,-3.052,0,0,0,0->0,0,0,0,0
112.8082,-3.0475,1,2,1,1->2,0,0,1,0
112.8666,-3.0475,1,0,1,1->0,0,1,0,0
112.916,-3.0475,3,1,1,3->1,0,0,0,0
112.9923,-3.0475,1,1,0,1->1,0,0,0,0
113.0373,-3.0475,4,4,0,4->4,0,0,0,0
113.0822,-3.0475,4,4,0,4->4,0,0,0,0
112.8082,-3.043,1,2,1,1->2,0,0,1,0
113.0417,-3.043,4,4,0,4->4,0,0,0,0
113.0642,-3.043,4,4,0,4->4,0,0,0,0
112.8621,-3.0386,1,1,0,1->1,0,0,0,0
112.9025,-3.0386,1,1,0,1->1,0,0,0,0
112.9699,-3.0386,0,0,0,0->0,0,0,0,0
113.0193,-3.0386,4,4,0,4->4,0,0,0,0
112.934,-3.0341,1,1,0,1->1,0,0,0,0
113.0238,-3.0341,4,4,0,4->4,0,0,0,0
113.0597,-3.0341,4,4,0,4->4,0,0,0,0
113.0912,-3.0341,1,1,0,1->1,0,0,0,0
112.8172,-3.0296,1,0,1,1->0,0,1,0,0
112.8262,-3.0296,0,0,0,0->0,0,0,0,0
112.8396,-3.0296,0,0,0,0->0,0,0,0,0
112.8441,-3.0296,0,0,0,0->0,0,0,0,0
112.8486,-3.0296,0,0,0,0->0,0,0,0,0
112.8576,-3.0296,1,0,1,1->0,0,1,0,0
112.9834,-3.0296,0,0,0,0->0,0,0,0,0
112.9968,-3.0296,0,0,0,0->0,0,0,0,0
113.0238,-3.0296,4,4,0,4->4,0,0,0,0
112.8576,-3.0251,0,0,0,0->0,0,0,0,0
112.9923,-3.0251,0,0,0,0->0,0,0,0,0
112.9968,-3.0251,0,0,0,0->0,0,0,0,0
112.8217,-3.0206,1,0,1,1->0,0,1,0,0
112.8531,-3.0206,0,0,0,0->0,0,0,0,0
112.8845,-3.0206,1,1,0,1->1,0,0,0,0
112.9699,-3.0206,0,0,0,0->0,0,0,0,0
113.0193,-3.0206,1,1,0,1->1,0,0,0,0
113.0507,-3.0206,4,4,0,4->4,0,0,0,0
113.0552,-3.0206,4,4,0,4->4,0,0,0,0
112.8127,-3.0161,2,2,0,2->2,0,0,0,0
112.8217,-3.0161,1,1,0,1->1,0,0,0,0
112.907,-3.0161,1,1,0,1->1,0,0,0,0
112.916,-3.0161,3,1,1,3->1,0,0,0,0
113.0193,-3.0161,0,0,0,0->0,0,0,0,0
113.0777,-3.0161,0,0,0,0->0,0,0,0,0
113.0956,-3.0161,0,0,0,0->0,0,0,0,0
112.8576,-3.0116,1,1,0,1->1,0,0,0,0
112.9025,-3.0116,1,1,0,1->1,0,0,0,0
112.9519,-3.0116,1,1,0,1->1,0,0,0,0
112.9609,-3.0116,1,0,1,1->0,0,1,0,0
112.9744,-3.0116,0,0,0,0->0,0,0,0,0
112.9834,-3.0116,0,0,0,0->0,0,0,0,0
113.0732,-3.0116,0,0,0,0->0,0,0,0,0
112.9654,-3.0071,1,0,1,1->0,0,1,0,0
112.9923,-3.0071,1,0,1,1->0,0,1,0,0
113.0103,-3.0071,0,0,0,0->0,0,0,0,0
112.8037,-3.0026,1,2,1,1->2,0,0,1,0
112.8756,-2.9981,1,0,1,1->0,0,1,0,0
112.9564,-2.9981,1,1,0,1->1,0,0,0,0
112.9789,-2.9981,0,0,0,0->0,0,0,0,0
112.8711,-2.9936,2,1,1,2->1,0,0,0,0
112.9295,-2.9936,1,1,0,1->1,0,0,0,0
112.9564,-2.9936,1,1,0,1->1,0,0,0,0
113.0193,-2.9936,0,0,0,0->0,0,0,0,0
113.0238,-2.9936,0,0,0,0->0,0,0,0,0
113.0283,-2.9936,4,4,0,4->4,0,0,0,0
112.8037,-2.9891,1,1,0,1->1,0,0,0,0
112.8666,-2.9891,2,0,1,2->0,0,1,0,0
112.9115,-2.9891,1,1,0,1->1,0,0,0,0
112.9789,-2.9847,1,0,1,1->0,0,1,0,0
113.0103,-2.9847,0,0,0,0->0,0,0,0,0
112.8306,-2.9802,1,2,1,1->2,0,0,1,0
112.8711,-2.9802,1,0,1,1->0,0,1,0,0
112.9744,-2.9802,1,1,0,1->1,0,0,0,0
113.0597,-2.9802,0,0,0,0->0,0,0,0,0
112.898,-2.9757,0,1,1,0->1,1,0,0,0
112.9205,-2.9712,1,1,0,1->1,0,0,0,0
112.9744,-2.9712,1,0,1,1->0,0,1,0,0
112.7992,-2.9667,1,3,1,1->3,0,0,0,1
112.9609,-2.9667,1,0,1,1->0,0,1,0,0
112.9834,-2.9667,0,0,0,0->0,0,0,0,0
112.8262,-2.9622,1,1,0,1->1,0,0,0,0
112.9115,-2.9622,1,1,0,1->1,0,0,0,0
112.9519,-2.9622,0,0,0,0->0,0,0,0,0
112.8217,-2.9577,1,2,1,1->2,0,0,1,0
112.8576,-2.9577,1,1,0,1->1,0,0,0,0
112.8801,-2.9577,1,0,1,1->0,0,1,0,0
112.898,-2.9577,1,1,0,1->1,0,0,0,0
112.9699,-2.9577,2,0,1,2->0,0,1,0,0
112.9789,-2.9577,0,0,0,0->0,0,0,0,0
112.889,-2.9532,1,1,0,1->1,0,0,0,0
113.0687,-2.9532,0,0,0,0->0,0,0,0,0
112.8441,-2.9487,1,0,1,1->0,0,1,0,0
112.916,-2.9487,1,1,0,1->1,0,0,0,0
113.0552,-2.9487,0,0,0,0->0,0,0,0,0
113.0956,-2.9487,0,1,1,0->1,1,0,0,0
112.8082,-2.9442,2,2,0,2->2,0,0,0,0
112.8351,-2.9442,0,0,0,0->0,0,0,0,0
112.8576,-2.9442,0,0,0,0->0,0,0,0,0
113.0103,-2.9442,1,0,1,1->0,0,1,0,0
112.8217,-2.9397,1,1,0,1->1,0,0,0,0
112.9295,-2.9397,1,2,1,1->2,0,0,1,0
112.9789,-2.9397,0,1,1,0->1,1,0,0,0
112.9968,-2.9397,1,0,1,1->0,0,1,0,0
112.8217,-2.9352,1,1,0,1->1,0,0,0,0
112.8486,-2.9352,0,0,0,0->0,0,0,0,0
112.7992,-2.9308,1,2,1,1->2,0,0,1,0
113.0687,-2.9308,1,1,0,1->1,0,0,0,0
112.8486,-2.9263,0,0,0,0->0,0,0,0,0
112.9654,-2.9263,1,1,0,1->1,0,0,0,0
113.0148,-2.9263,0,0,0,0->0,0,0,0,0
113.0507,-2.9263,0,0,0,0->0,0,0,0,0
112.916,-2.9218,1,1,0,1->1,0,0,0,0
112.9519,-2.9218,0,0,0,0->0,0,0,0,0
112.9564,-2.9218,0,0,0,0->0,0,0,0,0
113.0328,-2.9218,0,0,0,0->0,0,0,0,0
112.8127,-2.9173,1,2,1,1->2,0,0,1,0
112.9025,-2.9173,1,1,0,1->1,0,0,0,0
112.9744,-2.9173,0,1,1,0->1,1,0,0,0
112.8172,-2.9128,1,1,0,1->1,0,0,0,0
112.8306,-2.9128,1,2,1,1->2,0,0,1,0
112.8441,-2.9128,1,1,0,1->1,0,0,0,0
113.0148,-2.9128,4,4,0,4->4,0,0,0,0
113.0417,-2.9128,0,0,0,0->0,0,0,0,0
113.0552,-2.9128,0,0,0,0->0,0,0,0,0
113.0597,-2.9128,0,0,0,0->0,0,0,0,0
113.0956,-2.9128,0,0,0,0->0,0,0,0,0
112.8082,-2.9083,1,1,0,1->1,0,0,0,0
112.8217,-2.9083,1,1,0,1->1,0,0,0,0
112.898,-2.9083,1,0,1,1->0,0,1,0,0
113.0283,-2.9083,0,0,0,0->0,0,0,0,0
112.8306,-2.9038,1,2,1,1->2,0,0,1,0
112.8351,-2.9038,1,2,1,1->2,0,0,1,0
112.8576,-2.9038,1,1,0,1->1,0,0,0,0
112.907,-2.9038,1,1,0,1->1,0,0,0,0
112.9429,-2.9038,0,0,0,0->0,0,0,0,0
112.9609,-2.9038,0,1,1,0->1,1,0,0,0
112.8351,-2.8993,1,1,0,1->1,0,0,0,0
112.916,-2.8993,1,0,1,1->0,0,1,0,0
112.9295,-2.8993,1,0,1,1->0,0,1,0,0
113.0507,-2.8993,1,0,1,1->0,0,1,0,0
113.0822,-2.8993,1,1,0,1->1,0,0,0,0
112.8396,-2.8948,1,0,1,1->0,0,1,0,0
112.9789,-2.8948,0,0,0,0->0,0,0,0,0
113.0058,-2.8903,4,4,0,4->4,0,0,0,0
112.8576,-2.8858,0,0,0,0->0,0,0,0,0
112.8756,-2.8858,1,1,0,1->1,0,0,0,0
112.916,-2.8858,1,1,0,1->1,0,0,0,0
113.0193,-2.8858,1,0,1,1->0,0,1,0,0
113.0238,-2.8858,0,0,0,0->0,0,0,0,0
113.0687,-2.8858,1,1,0,1->1,0,0,0,0
112.8172,-2.8813,1,1,0,1->1,0,0,0,0
112.907,-2.8813,1,1,0,1->1,0,0,0,0
112.9789,-2.8813,0,0,0,0->0,0,0,0,0
113.0148,-2.8813,0,0,0,0->0,0,0,0,0
113.0642,-2.8813,1,1,0,1->1,0,0,0,0
112.9519,-2.8769,0,0,0,0->0,0,0,0,0
113.0103,-2.8769,0,0,0,0->0,0,0,0,0
112.9744,-2.8724,0,0,0,0->0,0,0,0,0
113.0013,-2.8724,0,0,0,0->0,0,0,0,0
113.0103,-2.8724,0,0,0,0->0,0,0,0,0
113.0328,-2.8724,0,0,0,0->0,0,0,0,0
113.0373,-2.8724,0,0,0,0->0,0,0,0,0
113.0867,-2.8724,0,0,0,0->0,0,0,0,0
112.9519,-2.8679,1,1,0,1->1,0,0,0,0
112.8127,-2.8634,1,2,1,1->2,0,0,1,0
112.8396,-2.8634,1,1,0,1->1,0,0,0,0
112.9295,-2.8634,1,1,0,1->1,0,0,0,0
112.9654,-2.8589,0,0,0,0->0,0,0,0,0
112.8756,-2.8544,0,0,0,0->0,0,0,0,0
112.9115,-2.8544,1,0,1,1->0,0,1,0,0
112.9879,-2.8544,4,4,0,4->4,0,0,0,0
112.9923,-2.8544,0,0,0,0->0,0,0,0,0
113.0552,-2.8544,1,0,1,1->0,0,1,0,0
112.8037,-2.8499,1,1,0,1->1,0,0,0,0
112.8621,-2.8499,0,0,0,0->0,0,0,0,0
112.8756,-2.8499,0,1,1,0->1,1,0,0,0
112.9205,-2.8499,1,0,1,1->0,0,1,0,0
112.9474,-2.8499,2,2,0,2->2,0,0,0,0
112.9789,-2.8499,4,4,0,4->4,0,0,0,0
113.0148,-2.8499,0,0,0,0->0,0,0,0,0
113.0193,-2.8499,1,0,1,1->0,0,1,0,0
112.8262,-2.8454,1,1,0,1->1,0,0,0,0
112.934,-2.8454,1,0,1,1->0,0,1,0,0
113.0058,-2.8454,0,0,0,0->0,0,0,0,0
112.9384,-2.8409,0,0,0,0->0,0,0,0,0
112.7992,-2.8364,1,2,1,1->2,0,0,1,0
112.934,-2.8364,0,0,0,0->0,0,0,0,0
112.9519,-2.8364,0,1,1,0->1,1,0,0,0
112.9879,-2.8364,0,3,1,0->3,1,0,0,1
112.7992,-2.8319,1,1,0,1->1,0,0,0,0
112.8486,-2.8319,0,0,0,0->0,0,0,0,0
112.916,-2.8319,0,0,0,0->0,0,0,0,0
112.925,-2.8319,0,1,1,0->1,1,0,0,0
112.934,-2.8319,0,0,0,0->0,0,0,0,0
112.9474,-2.8319,0,0,0,0->0,0,0,0,0
113.0507,-2.8319,1,1,0,1->1,0,0,0,0
113.0912,-2.8319,0,0,0,0->0,0,0,0,0
112.8711,-2.8274,1,1,0,1->1,0,0,0,0
112.9879,-2.8274,0,0,0,0->0,0,0,0,0
113.0103,-2.8274,1,1,0,1->1,0,0,0,0
113.0238,-2.8274,1,1,0,1->1,0,0,0,0
113.0732,-2.8274,0,0,0,0->0,0,0,0,0
112.916,-2.823,0,0,0,0->0,0,0,0,0
112.9384,-2.823,0,0,0,0->0,0,0,0,0
112.9699,-2.823,1,1,0,1->1,0,0,0,0
112.9789,-2.823,0,0,0,0->0,0,0,0,0
113.0103,-2.823,1,1,0,1->1,0,0,0,0
112.9025,-2.8185,0,0,0,0->0,0,0,0,0
112.916,-2.8185,0,1,1,0->1,1,0,0,0
112.9384,-2.8185,0,0,0,0->0,0,0,0,0
112.9744,-2.8185,1,0,1,1->0,0,1,0,0
112.889,-2.814,1,1,0,1->1,0,0,0,0
112.8935,-2.814,1,1,0,1->1,0,0,0,0
112.9564,-2.814,4,4,0,4->4,0,0,0,0
113.0462,-2.814,1,1,0,1->1,0,0,0,0
112.8576,-2.8095,1,1,0,1->1,0,0,0,0
113.0013,-2.8095,1,1,0,1->1,0,0,0,0
113.0148,-2.8095,1,1,0,1->1,0,0,0,0
112.8441,-2.805,0,0,0,0->0,0,0,0,0
112.8711,-2.805,1,1,0,1->1,0,0,0,0
112.8845,-2.805,1,1,0,1->1,0,0,0,0
112.925,-2.805,1,1,0,1->1,0,0,0,0
113.0193,-2.805,1,1,0,1->1,0,0,0,0
113.0912,-2.805,0,0,0,0->0,0,0,0,0
112.5701,-2.8005,0,0,0,0->0,0,0,0,0
112.6689,-2.8005,1,1,0,1->1,0,0,0,0
112.7228,-2.8005,1,1,0,1->1,0,0,0,0
112.7767,-2.8005,0,1,1,0->1,1,0,0,0
112.8801,-2.8005,1,2,1,1->2,0,0,1,0
112.934,-2.8005,1,1,0,1->1,0,0,0,0
112.9744,-2.8005,0,0,0,0->0,0,0,0,0
113.0103,-2.8005,1,1,0,1->1,0,0,0,0
113.0238,-2.8005,1,1,0,1->1,0,0,0,0
112.7857,-2.796,0,0,0,0->0,0,0,0,0
112.8621,-2.796,1,0,1,1->0,0,1,0,0
112.8801,-2.796,1,1,0,1->1,0,0,0,0
112.9205,-2.796,1,1,0,1->1,0,0,0,0
112.9474,-2.796,4,4,0,4->4,0,0,0,0
113.0238,-2.796,1,0,1,1->0,0,1,0,0
113.0283,-2.796,0,1,1,0->1,1,0,0,0
112.5701,-2.7915,0,0,0,0->0,0,0,0,0
112.7139,-2.7915,1,1,0,1->1,0,0,0,0
112.7902,-2.7915,0,0,0,0->0,0,0,0,0
112.8351,-2.7915,0,0,0,0->0,0,0,0,0
112.8845,-2.7915,1,1,0,1->1,0,0,0,0
112.9789,-2.7915,0,1,1,0->1,1,0,0,0
113.0058,-2.7915,1,1,0,1->1,0,0,0,0
113.0148,-2.7915,1,0,1,1->0,0,1,0,0
112.6016,-2.787,0,0,0,0->0,0,0,0,0
112.624,-2.787,1,0,1,1->0,0,1,0,0
112.633,-2.787,0,0,0,0->0,0,0,0,0
112.6914,-2.787,0,0,0,0->0,0,0,0,0
112.8756,-2.787,1,1,0,1->1,0,0,0,0
112.9025,-2.787,0,1,1,0->1,1,0,0,0
112.9429,-2.787,0,0,0,0->0,0,0,0,0
112.9879,-2.787,0,0,0,0->0,0,0,0,0
113.0328,-2.787,1,1,0,1->1,0,0,0,0
113.0732,-2.787,0,0,0,0->0,0,0,0,0
112.5656,-2.7825,0,0,0,0->0,0,0,0,0
112.5746,-2.7825,1,1,0,1->1,0,0,0,0
112.5791,-2.7825,1,1,0,1->1,0,0,0,0
112.6914,-2.7825,1,1,0,1->1,0,0,0,0
112.7767,-2.7825,0,1,1,0->1,1,0,0,0
112.8621,-2.7825,1,1,0,1->1,0,0,0,0
112.8845,-2.7825,0,1,1,0->1,1,0,0,0
112.8935,-2.7825,1,1,0,1->1,0,0,0,0
113.0013,-2.7825,1,1,0,1->1,0,0,0,0
113.0058,-2.7825,1,1,0,1->1,0,0,0,0
113.0328,-2.7825,1,1,0,1->1,0,0,0,0
112.5701,-2.778,0,0,0,0->0,0,0,0,0
113.0238,-2.778,1,1,0,1->1,0,0,0,0
113.0912,-2.778,0,0,0,0->0,0,0,0,0
112.7543,-2.7735,0,0,0,0->0,0,0,0,0
112.8172,-2.7735,0,0,0,0->0,0,0,0,0
112.8935,-2.7735,0,1,1,0->1,1,0,0,0
112.9744,-2.7735,0,0,0,0->0,0,0,0,0
113.0822,-2.7735,0,0,0,0->0,0,0,0,0
112.651,-2.7691,1,1,0,1->1,0,0,0,0
112.7408,-2.7691,0,0,0,0->0,0,0,0,0
112.7498,-2.7691,0,0,0,0->0,0,0,0,0
112.907,-2.7691,0,0,0,0->0,0,0,0,0
112.9699,-2.7691,0,0,0,0->0,0,0,0,0
113.0193,-2.7691,1,1,0,1->1,0,0,0,0
113.0283,-2.7691,1,1,0,1->1,0,0,0,0
113.0822,-2.7691,0,0,0,0->0,0,0,0,0
112.5612,-2.7646,1,0,1,1->0,0,1,0,0
112.624,-2.7646,0,0,0,0->0,0,0,0,0
112.7094,-2.7646,0,0,0,0->0,0,0,0,0
112.8441,-2.7646,2,0,1,2->0,0,1,0,0
112.8801,-2.7646,0,1,1,0->1,1,0,0,0
113.0013,-2.7646,1,1,0,1->1,0,0,0,0
112.5387,-2.7601,0,0,0,0->0,0,0,0,0
112.7273,-2.7601,0,0,0,0->0,0,0,0,0
112.7498,-2.7601,0,0,0,0->0,0,0,0,0
112.8217,-2.7601,0,0,0,0->0,0,0,0,0
112.889,-2.7601,0,0,0,0->0,0,0,0,0
112.9879,-2.7601,1,1,0,1->1,0,0,0,0
113.0777,-2.7601,0,0,0,0->0,0,0,0,0
112.5971,-2.7556,1,0,1,1->0,0,1,0,0
112.7363,-2.7556,0,0,0,0->0,0,0,0,0
112.9115,-2.7556,4,4,0,4->4,0,0,0,0
112.5656,-2.7511,1,1,0,1->1,0,0,0,0
112.624,-2.7511,1,1,0,1->1,0,0,0,0
112.6689,-2.7511,1,1,0,1->1,0,0,0,0
112.7184,-2.7511,3,1,1,3->1,0,0,0,0
112.7678,-2.7511,0,0,0,0->0,0,0,0,0
112.8306,-2.7511,0,0,0,0->0,0,0,0,0
112.8396,-2.7511,1,0,1,1->0,0,1,0,0
112.8935,-2.7511,0,0,0,0->0,0,0,0,0
113.0552,-2.7511,0,0,0,0->0,0,0,0,0
113.0642,-2.7511,0,0,0,0->0,0,0,0,0
113.0687,-2.7511,0,0,0,0->0,0,0,0,0
112.6959,-2.7466,0,0,0,0->0,0,0,0,0
112.8172,-2.7466,0,0,0,0->0,0,0,0,0
112.8666,-2.7466,1,0,1,1->0,0,1,0,0
112.9474,-2.7466,0,0,0,0->0,0,0,0,0
112.9744,-2.7466,1,1,0,1->1,0,0,0,0
112.624,-2.7421,1,1,0,1->1,0,0,0,0
112.7588,-2.7421,0,0,0,0->0,0,0,0,0
112.7678,-2.7421,0,0,0,0->0,0,0,0,0
112.8396,-2.7421,0,1,1,0->1,1,0,0,0
112.8935,-2.7421,1,1,0,1->1,0,0,0,0
112.9295,-2.7421,1,1,0,1->1,0,0,0,0
113.0912,-2.7421,0,0,0,0->0,0,0,0,0
112.5432,-2.7376,0,0,0,0->0,0,0,0,0
112.5656,-2.7376,1,0,1,1->0,0,1,0,0
112.5881,-2.7376,1,0,1,1->0,0,1,0,0
112.5971,-2.7376,0,0,0,0->0,0,0,0,0
112.6061,-2.7376,1,1,0,1->1,0,0,0,0
112.6195,-2.7376,1,0,1,1->0,0,1,0,0
112.7453,-2.7376,0,0,0,0->0,0,0,0,0
112.7633,-2.7376,0,0,0,0->0,0,0,0,0
112.7902,-2.7376,0,1,1,0->1,1,0,0,0
112.8396,-2.7376,1,1,0,1->1,0,0,0,0
112.8935,-2.7376,0,0,0,0->0,0,0,0,0
112.9564,-2.7376,0,0,0,0->0,0,0,0,0
112.9923,-2.7376,1,1,0,1->1,0,0,0,0
113.0328,-2.7376,0,0,0,0->0,0,0,0,0
113.0822,-2.7376,0,0,0,0->0,0,0,0,0
112.5656,-2.7331,1,0,1,1->0,0,1,0,0
112.5881,-2.7331,1,0,1,1->0,0,1,0,0
112.6734,-2.7331,0,0,0,0->0,0,0,0,0
112.7094,-2.7331,1,0,1,1->0,0,1,0,0
112.8127,-2.7331,0,0,0,0->0,0,0,0,0
113.0462,-2.7331,0,0,0,0->0,0,0,0,0
113.0642,-2.7331,0,0,0,0->0,0,0,0,0
113.0822,-2.7331,0,0,0,0->0,0,0,0,0
112.5252,-2.7286,0,0,0,0->0,0,0,0,0
112.6465,-2.7286,0,0,0,0->0,0,0,0,0
112.7633,-2.7286,0,0,0,0->0,0,0,0,0
112.7723,-2.7286,0,0,0,0->0,0,0,0,0
112.8262,-2.7286,0,1,1,0->1,1,0,0,0
112.8621,-2.7286,0,0,0,0->0,0,0,0,0
112.9025,-2.7286,0,0,0,0->0,0,0,0,0
112.9609,-2.7286,0,1,1,0->1,1,0,0,0
113.0552,-2.7286,0,0,0,0->0,0,0,0,0
113.0597,-2.7286,0,0,0,0->0,0,0,0,0
112.5791,-2.7241,0,0,0,0->0,0,0,0,0
112.642,-2.7241,0,0,0,0->0,0,0,0,0
112.6465,-2.7241,1,0,1,1->0,0,1,0,0
112.6959,-2.7241,0,0,0,0->0,0,0,0,0
112.7094,-2.7241,1,0,1,1->0,0,1,0,0
112.7318,-2.7241,1,1,0,1->1,0,0,0,0
112.7947,-2.7241,1,1,0,1->1,0,0,0,0
112.8756,-2.7241,0,0,0,0->0,0,0,0,0
112.907,-2.7241,1,1,0,1->1,0,0,0,0
112.9519,-2.7241,0,0,0,0->0,0,0,0,0
112.9609,-2.7241,0,1,1,0->1,1,0,0,0
113.0013,-2.7241,1,1,0,1->1,0,0,0,0
112.5971,-2.7196,1,1,0,1->1,0,0,0,0
112.6106,-2.7196,1,1,0,1->1,0,0,0,0
112.633,-2.7196,1,1,0,1->1,0,0,0,0
112.651,-2.7196,1,2,1,1->2,0,0,1,0
112.7273,-2.7196,0,1,1,0->1,1,0,0,0
112.7947,-2.7196,1,1,0,1->1,0,0,0,0
112.907,-2.7196,1,1,0,1->1,0,0,0,0
112.934,-2.7196,4,4,0,4->4,0,0,0,0
112.9654,-2.7196,0,0,0,0->0,0,0,0,0
113.0328,-2.7196,0,0,0,0->0,0,0,0,0
112.7004,-2.7152,0,1,1,0->1,1,0,0,0
112.7184,-2.7152,1,1,0,1->1,0,0,0,0
112.7273,-2.7152,0,1,1,0->1,1,0,0,0
112.5252,-2.7107,0,0,0,0->0,0,0,0,0
112.6555,-2.7107,1,0,1,1->0,0,1,0,0
112.7049,-2.7107,0,1,1,0->1,1,0,0,0
112.7273,-2.7107,1,0,1,1->0,0,1,0,0
112.6016,-2.7062,1,0,1,1->0,0,1,0,0
112.6285,-2.7062,1,1,0,1->1,0,0,0,0
112.7273,-2.7062,1,0,1,1->0,0,1,0,0
112.7723,-2.7062,3,1,1,3->1,0,0,0,0
112.5342,-2.7017,0,0,0,0->0,0,0,0,0
112.6689,-2.7017,1,1,0,1->1,0,0,0,0
112.5387,-2.6972,0,0,0,0->0,0,0,0,0
112.6645,-2.6972,0,0,0,0->0,0,0,0,0
112.7453,-2.6972,1,0,1,1->0,0,1,0,0
112.5387,-2.6927,0,0,0,0->0,0,0,0,0
112.5746,-2.6927,0,0,0,0->0,0,0,0,0
112.624,-2.6927,0,0,0,0->0,0,0,0,0
112.6555,-2.6927,0,0,0,0->0,0,0,0,0
112.6914,-2.6927,1,0,1,1->0,0,1,0,0
112.7273,-2.6927,4,1,1,4->1,0,0,0,0
112.7588,-2.6927,4,1,1,4->1,0,0,0,0
112.8621,-2.6927,1,0,1,1->0,0,1,0,0
112.5342,-2.6882,0,0,0,0->0,0,0,0,0
112.5612,-2.6882,0,0,0,0->0,0,0,0,0
112.7094,-2.6882,0,0,0,0->0,0,0,0,0
112.8531,-2.6882,1,1,0,1->1,0,0,0,0
112.8756,-2.6882,1,1,0,1->1,0,0,0,0
112.7363,-2.6837,3,2,1,3->2,0,0,1,0
112.7992,-2.6837,1,1,0,1->1,0,0,0,0
112.5567,-2.6792,0,0,0,0->0,0,0,0,0
112.5881,-2.6792,0,0,0,0->0,0,0,0,0
112.6061,-2.6792,0,0,0,0->0,0,0,0,0
112.6285,-2.6792,0,0,0,0->0,0,0,0,0
112.7408,-2.6792,2,2,0,2->2,0,0,0,0
112.8217,-2.6792,1,1,0,1->1,0,0,0,0
112.6106,-2.6747,0,0,0,0->0,0,0,0,0
112.6869,-2.6747,1,0,1,1->0,0,1,0,0
112.8306,-2.6747,1,1,0,1->1,0,0,0,0
112.7273,-2.6702,1,1,0,1->1,0,0,0,0
112.7184,-2.6658,1,1,0,1->1,0,0,0,0
112.7273,-2.6658,0,1,1,0->1,1,0,0,0
112.7543,-2.6658,0,0,0,0->0,0,0,0,0
112.5342,-2.6613,0,0,0,0->0,0,0,0,0
112.5791,-2.6613,0,0,0,0->0,0,0,0,0
112.7273,-2.6613,1,1,0,1->1,0,0,0,0
112.7318,-2.6613,0,0,0,0->0,0,0,0,0
112.5701,-2.6568,0,0,0,0->0,0,0,0,0
112.7363,-2.6568,0,0,0,0->0,0,0,0,0
112.5522,-2.6523,0,0,0,0->0,0,0,0,0
112.642,-2.6523,0,0,0,0->0,0,0,0,0
112.6465,-2.6523,1,0,1,1->0,0,1,0,0
112.7318,-2.6523,0,0,0,0->0,0,0,0,0
112.7723,-2.6523,0,0,0,0->0,0,0,0,0
112.8396,-2.6523,1,1,0,1->1,0,0,0,0
112.5881,-2.6478,0,0,0,0->0,0,0,0,0
112.6689,-2.6478,0,0,0,0->0,0,0,0,0
112.7363,-2.6478,1,0,1,1->0,0,1,0,0
112.7992,-2.6478,1,1,0,1->1,0,0,0,0
112.615,-2.6433,0,0,0,0->0,0,0,0,0
112.7228,-2.6433,1,1,0,1->1,0,0,0,0
112.7363,-2.6433,0,1,1,0->1,1,0,0,0
112.5701,-2.6388,0,0,0,0->0,0,0,0,0
112.6016,-2.6388,0,0,0,0->0,0,0,0,0
112.6645,-2.6388,0,0,0,0->0,0,0,0,0
112.7004,-2.6388,1,1,0,1->1,0,0,0,0
112.7678,-2.6388,0,0,0,0->0,0,0,0,0
112.8441,-2.6388,2,1,1,2->1,0,0,0,0
112.8486,-2.6388,0,1,1,0->1,1,0,0,0
112.8845,-2.6388,1,1,0,1->1,0,0,0,0
112.5297,-2.6343,0,0,0,0->0,0,0,0,0
112.6061,-2.6343,0,0,0,0->0,0,0,0,0
112.624,-2.6343,0,0,0,0->0,0,0,0,0
112.651,-2.6343,2,0,1,2->0,0,1,0,0
112.7184,-2.6343,1,1,0,1->1,0,0,0,0
112.7588,-2.6343,0,0,0,0->0,0,0,0,0
112.8306,-2.6343,1,0,1,1->0,0,1,0,0
112.8396,-2.6343,1,1,0,1->1,0,0,0,0
112.8666,-2.6343,1,0,1,1->0,0,1,0,0
112.8845,-2.6343,1,0,1,1->0,0,1,0,0
112.5836,-2.6298,1,0,1,1->0,0,1,0,0
112.6465,-2.6298,0,0,0,0->0,0,0,0,0
112.651,-2.6298,0,1,1,0->1,1,0,0,0
112.7543,-2.6298,0,0,0,0->0,0,0,0,0
112.7633,-2.6298,0,0,0,0->0,0,0,0,0
112.8621,-2.6298,1,0,1,1->0,0,1,0,0
112.8801,-2.6298,1,0,1,1->0,0,1,0,0
112.6195,-2.6253,0,0,0,0->0,0,0,0,0
112.6869,-2.6253,1,0,1,1->0,0,1,0,0
112.7857,-2.6253,1,1,0,1->1,0,0,0,0
112.8037,-2.6253,0,0,0,0->0,0,0,0,0
112.8262,-2.6253,0,0,0,0->0,0,0,0,0
112.8531,-2.6253,1,0,1,1->0,0,1,0,0
112.5612,-2.6208,0,0,0,0->0,0,0,0,0
112.6645,-2.6208,1,1,0,1->1,0,0,0,0
112.7139,-2.6208,1,1,0,1->1,0,0,0,0
112.7543,-2.6208,0,0,0,0->0,0,0,0,0
112.7812,-2.6208,1,1,0,1->1,0,0,0,0
112.8082,-2.6208,1,1,0,1->1,0,0,0,0
112.8441,-2.6208,1,0,1,1->0,0,1,0,0
112.5252,-2.6163,0,0,0,0->0,0,0,0,0
112.5477,-2.6163,0,0,0,0->0,0,0,0,0
112.651,-2.6163,1,0,1,1->0,0,1,0,0
112.7318,-2.6163,0,0,0,0->0,0,0,0,0
112.7723,-2.6163,1,1,0,1->1,0,0,0,0
112.8666,-2.6163,1,1,0,1->1,0,0,0,0
112.5567,-2.6119,0,0,0,0->0,0,0,0,0
112.5746,-2.6119,0,0,0,0->0,0,0,0,0
112.6555,-2.6119,1,1,0,1->1,0,0,0,0
112.6779,-2.6119,1,1,0,1->1,0,0,0,0
112.5926,-2.6074,0,0,0,0->0,0,0,0,0
112.6375,-2.6074,1,1,0,1->1,0,0,0,0
112.651,-2.6074,1,2,1,1->2,0,0,1,0
112.7094,-2.6074,1,0,1,1->0,0,1,0,0
112.7139,-2.6074,1,1,0,1->1,0,0,0,0
112.5297,-2.6029,0,0,0,0->0,0,0,0,0
112.7049,-2.6029,0,0,0,0->0,0,0,0,0
112.8441,-2.6029,0,0,0,0->0,0,0,0,0
112.8621,-2.6029,0,0,0,0->0,0,0,0,0
112.8801,-2.6029,1,0,1,1->0,0,1,0,0
112.5656,-2.5984,0,0,0,0->0,0,0,0,0
112.6285,-2.5984,1,1,0,1->1,0,0,0,0
112.6689,-2.5984,4,1,1,4->1,0,0,0,0
112.7184,-2.5984,1,1,0,1->1,0,0,0,0
112.8082,-2.5984,1,1,0,1->1,0,0,0,0
112.5656,-2.5939,0,1,1,0->1,1,0,0,0
112.7094,-2.5939,0,0,0,0->0,0,0,0,0
112.7453,-2.5939,0,1,1,0->1,1,0,0,0
112.7678,-2.5939,0,1,1,0->1,1,0,0,0
112.7992,-2.5939,0,0,0,0->0,0,0,0,0
112.8666,-2.5939,1,0,1,1->0,0,1,0,0
112.5252,-2.5894,0,0,0,0->0,0,0,0,0
112.5297,-2.5894,0,2,1,0->2,1,0,1,0
112.5477,-2.5894,0,1,1,0->1,1,0,0,0
112.6689,-2.5894,4,2,1,4->2,0,0,1,0
112.7408,-2.5894,0,0,0,0->0,0,0,0,0
112.7498,-2.5894,0,0,0,0->0,0,0,0,0
112.8082,-2.5894,0,0,0,0->0,0,0,0,0
112.8711,-2.5894,1,1,0,1->1,0,0,0,0
112.5656,-2.5849,0,1,1,0->1,1,0,0,0
112.5701,-2.5849,0,0,0,0->0,0,0,0,0
112.6285,-2.5849,1,0,1,1->0,0,1,0,0
112.633,-2.5849,0,0,0,0->0,0,0,0,0
112.651,-2.5849,0,0,0,0->0,0,0,0,0
112.6869,-2.5849,0,0,0,0->0,0,0,0,0
112.7094,-2.5849,0,0,0,0->0,0,0,0,0
112.7588,-2.5849,0,0,0,0->0,0,0,0,0
112.7767,-2.5849,0,0,0,0->0,0,0,0,0
112.8801,-2.5849,1,0,1,1->0,0,1,0,0
112.5746,-2.5804,0,0,0,0->0,0,0,0,0
112.6959,-2.5804,0,0,0,0->0,0,0,0,0
112.7049,-2.5804,0,0,0,0->0,0,0,0,0
112.8576,-2.5804,1,1,0,1->1,0,0,0,0
112.7633,-2.5759,0,0,0,0->0,0,0,0,0
112.8217,-2.5759,1,0,1,1->0,0,1,0,0
112.5656,-2.5714,0,1,1,0->1,1,0,0,0
112.7767,-2.5714,0,0,0,0->0,0,0,0,0
112.7812,-2.5714,1,1,0,1->1,0,0,0,0
112.8082,-2.5714,0,0,0,0->0,0,0,0,0
112.5791,-2.5669,0,0,0,0->0,0,0,0,0
112.5836,-2.5669,0,0,0,0->0,0,0,0,0
112.7228,-2.5669,0,0,0,0->0,0,0,0,0
112.7992,-2.5669,0,0,0,0->0,0,0,0,0
112.5746,-2.5624,0,0,0,0->0,0,0,0,0
112.6959,-2.5624,0,0,0,0->0,0,0,0,0
112.7543,-2.5624,0,0,0,0->0,0,0,0,0
112.8351,-2.5624,1,0,1,1->0,0,1,0,0
112.8441,-2.5624,1,0,1,1->0,0,1,0,0
112.8801,-2.5624,1,1,0,1->1,0,0,0,0
112.5522,-2.558,0,1,1,0->1,1,0,0,0
112.5612,-2.558,0,1,1,0->1,1,0,0,0
112.6195,-2.558,0,0,0,0->0,0,0,0,0
112.633,-2.558,0,0,0,0->0,0,0,0,0
112.66,-2.558,0,0,0,0->0,0,0,0,0
112.6959,-2.558,1,0,1,1->0,0,1,0,0
112.7543,-2.558,0,0,0,0->0,0,0,0,0
112.7588,-2.558,0,0,0,0->0,0,0,0,0
112.7947,-2.558,0,0,0,0->0,0,0,0,0
112.8306,-2.558,1,1,0,1->1,0,0,0,0
112.5432,-2.5535,0,0,0,0->0,0,0,0,0
112.7678,-2.5535,0,0,0,0->0,0,0,0,0
112.8486,-2.5535,0,0,0,0->0,0,0,0,0
112.633,-2.549,0,0,0,0->0,0,0,0,0
112.651,-2.549,1,0,1,1->0,0,1,0,0
112.7363,-2.549,0,0,0,0->0,0,0,0,0
112.7543,-2.549,0,0,0,0->0,0,0,0,0
112.7678,-2.549,0,0,0,0->0,0,0,0,0
112.8351,-2.549,0,0,0,0->0,0,0,0,0
112.8441,-2.549,1,0,1,1->0,0,1,0,0
112.624,-2.5445,0,0,0,0->0,0,0,0,0
112.6285,-2.5445,0,0,0,0->0,0,0,0,0
112.7094,-2.5445,0,0,0,0->0,0,0,0,0
112.7408,-2.5445,0,0,0,0->0,0,0,0,0
112.7453,-2.5445,0,0,0,0->0,0,0,0,0
112.5387,-2.54,0,0,0,0->0,0,0,0,0
112.5522,-2.54,0,0,0,0->0,0,0,0,0
112.6555,-2.54,0,0,0,0->0,0,0,0,0
112.6645,-2.54,0,0,0,0->0,0,0,0,0
112.6689,-2.54,0,0,0,0->0,0,0,0,0
112.7318,-2.54,0,0,0,0->0,0,0,0,0
112.7498,-2.54,0,0,0,0->0,0,0,0,0
112.8217,-2.54,0,0,0,0->0,0,0,0,0
112.8845,-2.54,1,2,1,1->2,0,0,1,0
112.5342,-2.5355,0,0,0,0->0,0,0,0,0
112.5432,-2.5355,0,0,0,0->0,0,0,0,0
112.5612,-2.5355,0,0,0,0->0,0,0,0,0
112.5971,-2.5355,1,1,0,1->1,0,0,0,0
112.6734,-2.5355,0,0,0,0->0,0,0,0,0
112.7004,-2.5355,0,0,0,0->0,0,0,0,0
112.7184,-2.5355,0,0,0,0->0,0,0,0,0
112.7318,-2.5355,0,0,0,0->0,0,0,0,0
112.7408,-2.5355,0,0,0,0->0,0,0,0,0
112.7498,-2.5355,0,0,0,0->0,0,0,0,0
112.7588,-2.5355,0,0,0,0->0,0,0,0,0
112.8576,-2.5355,1,0,1,1->0,0,1,0,0
112.6555,-2.531,0,0,0,0->0,0,0,0,0
112.6689,-2.531,0,0,0,0->0,0,0,0,0
112.6779,-2.531,0,0,0,0->0,0,0,0,0
112.7094,-2.531,0,0,0,0->0,0,0,0,0
112.8486,-2.531,1,0,1,1->0,0,1,0,0
112.5612,-2.5265,0,0,0,0->0,0,0,0,0
112.5656,-2.5265,0,0,0,0->0,0,0,0,0
112.6195,-2.5265,1,0,1,1->0,0,1,0,0
112.642,-2.5265,0,0,0,0->0,0,0,0,0
112.5836,-2.522,0,0,0,0->0,0,0,0,0
112.6645,-2.522,0,0,0,0->0,0,0,0,0
112.7228,-2.522,0,0,0,0->0,0,0,0,0
112.5252,-2.5175,0,1,1,0->1,1,0,0,0
112.6285,-2.5175,0,2,1,0->2,1,0,1,0
112.642,-2.5175,0,1,1,0->1,1,0,0,0
112.7049,-2.5175,0,0,0,0->0,0,0,0,0
112.8262,-2.5175,0,0,0,0->0,0,0,0,0
112.8845,-2.5175,1,2,1,1->2,0,0,1,0
112.6061,-2.513,0,0,0,0->0,0,0,0,0
112.66,-2.513,0,0,0,0->0,0,0,0,0
112.6689,-2.513,0,0,0,0->0,0,0,0,0
112.6779,-2.513,0,0,0,0->0,0,0,0,0
112.7004,-2.513,0,0,0,0->0,0,0,0,0
112.7767,-2.513,0,0,0,0->0,0,0,0,0
112.5656,-2.5085,0,1,1,0->1,1,0,0,0
112.5971,-2.5085,0,0,0,0->0,0,0,0,0
112.8306,-2.5085,0,0,0,0->0,0,0,0,0
112.5252,-2.5041,0,0,0,0->0,0,0,0,0
112.6106,-2.5041,0,0,0,0->0,0,0,0,0
112.6689,-2.5041,0,0,0,0->0,0,0,0,0
112.6869,-2.5041,0,0,0,0->0,0,0,0,0
112.6914,-2.5041,0,0,0,0->0,0,0,0,0
112.7318,-2.5041,0,0,0,0->0,0,0,0,0
112.7633,-2.5041,0,0,0,0->0,0,0,0,0
112.8396,-2.5041,0,0,0,0->0,0,0,0,0
112.5567,-2.4996,1,1,0,1->1,0,0,0,0
112.6375,-2.4996,0,0,0,0->0,0,0,0,0
112.6869,-2.4996,0,0,0,0->0,0,0,0,0
112.6914,-2.4996,0,0,0,0->0,0,0,0,0
112.8845,-2.4996,1,1,0,1->1,0,0,0,0
112.5522,-2.4951,0,0,0,0->0,0,0,0,0
112.6689,-2.4951,0,0,0,0->0,0,0,0,0
112.7678,-2.4951,0,0,0,0->0,0,0,0,0
112.8127,-2.4951,0,0,0,0->0,0,0,0,0
112.8441,-2.4951,0,0,0,0->0,0,0,0,0
112.5701,-2.4906,0,0,0,0->0,0,0,0,0
112.6016,-2.4906,0,0,0,0->0,0,0,0,0
112.6061,-2.4906,0,0,0,0->0,0,0,0,0
112.6555,-2.4906,0,0,0,0->0,0,0,0,0
112.6869,-2.4906,0,0,0,0->0,0,0,0,0
112.6914,-2.4906,0,0,0,0->0,0,0,0,0
112.8801,-2.4906,1,1,0,1->1,0,0,0,0
112.5342,-2.4861,1,0,1,1->0,0,1,0,0
112.6824,-2.4861,0,0,0,0->0,0,0,0,0
112.6914,-2.4861,0,0,0,0->0,0,0,0,0
112.7049,-2.4861,0,0,0,0->0,0,0,0,0
112.7498,-2.4861,1,1,0,1->1,0,0,0,0
112.6195,-2.4816,0,0,0,0->0,0,0,0,0
112.7453,-2.4816,1,0,1,1->0,0,1,0,0
112.8172,-2.4816,1,0,1,1->0,0,1,0,0
112.8756,-2.4816,1,0,1,1->0,0,1,0,0
113.693,-3.0475,1,1,0,1->1,0,0,0,0
113.711,-3.0296,1,1,0,1->1,0,0,0,0
113.6796,-3.0206,1,1,0,1->1,0,0,0,0
113.6885,-3.0206,1,1,0,1->1,0,0,0,0
113.7065,-3.0206,1,1,0,1->1,0,0,0,0
113.6751,-3.0161,0,0,0,0->0,0,0,0,0
113.7335,-3.0161,1,0,1,1->0,0,1,0,0
113.7379,-3.0116,1,1,0,1->1,0,0,0,0
113.7065,-3.0026,1,1,0,1->1,0,0,0,0
113.72,-3.0026,1,1,0,1->1,0,0,0,0
113.7155,-2.9981,1,1,0,1->1,0,0,0,0
113.729,-2.9936,1,1,0,1->1,0,0,0,0
113.702,-2.9891,1,1,0,1->1,0,0,0,0
113.7065,-2.9891,1,0,1,1->0,0,1,0,0
113.7155,-2.9847,1,0,1,1->0,0,1,0,0
113.7379,-2.9802,1,1,0,1->1,0,0,0,0
113.6751,-2.9757,1,1,0,1->1,0,0,0,0
113.7469,-2.9757,1,1,0,1->1,0,0,0,0
113.7335,-2.9712,1,1,0,1->1,0,0,0,0
113.729,-2.9667,0,1,1,0->1,1,0,0,0
113.7469,-2.9667,0,1,1,0->1,1,0,0,0
113.7424,-2.9622,1,1,0,1->1,0,0,0,0
113.7469,-2.9532,0,2,1,0->2,1,0,1,0
113.7379,-2.9487,1,1,0,1->1,0,0,0,0
113.7514,-2.9487,0,2,1,0->2,1,0,1,0
113.729,-2.9442,0,0,0,0->0,0,0,0,0
113.7424,-2.9442,1,1,0,1->1,0,0,0,0
113.702,-2.9397,0,0,0,0->0,0,0,0,0
113.6975,-2.9352,1,0,1,1->0,0,1,0,0
113.711,-2.9308,1,1,0,1->1,0,0,0,0
113.72,-2.9263,1,1,0,1->1,0,0,0,0
113.6796,-2.9218,1,1,0,1->1,0,0,0,0
113.7469,-2.9128,0,0,0,0->0,0,0,0,0
113.693,-2.9083,0,0,0,0->0,0,0,0,0
113.6975,-2.9083,1,0,1,1->0,0,1,0,0
113.72,-2.8993,0,1,1,0->1,1,0,0,0
113.729,-2.8993,0,0,0,0->0,0,0,0,0
113.684,-2.8948,1,0,1,1->0,0,1,0,0
113.684,-2.8903,1,1,0,1->1,0,0,0,0
113.6975,-2.8903,4,1,1,4->1,0,0,0,0
113.7335,-2.8903,1,1,0,1->1,0,0,0,0
113.7424,-2.8858,1,1,0,1->1,0,0,0,0
113.7379,-2.8813,1,0,1,1->0,0,1,0,0
113.6751,-2.8769,1,0,1,1->0,0,1,0,0
113.6885,-2.8724,1,1,0,1->1,0,0,0,0
113.711,-2.8724,1,1,0,1->1,0,0,0,0
113.72,-2.8679,0,1,1,0->1,1,0,0,0
113.7155,-2.8499,1,1,0,1->1,0,0,0,0
113.7514,-2.8499,0,0,0,0->0,0,0,0,0
113.7649,-2.8499,1,0,1,1->0,0,1,0,0
113.711,-2.8454,1,1,0,1->1,0,0,0,0
113.7245,-2.8454,0,1,1,0->1,1,0,0,0
113.684,-2.8409,1,2,1,1->2,0,0,1,0
113.6885,-2.8409,1,0,1,1->0,0,1,0,0
113.7604,-2.8409,0,0,0,0->0,0,0,0,0
113.6796,-2.8364,4,4,0,4->4,0,0,0,0
113.693,-2.8364,0,1,1,0->1,1,0,0,0
113.711,-2.8364,1,1,0,1->1,0,0,0,0
113.7469,-2.8364,1,0,1,1->0,0,1,0,0
113.6975,-2.8274,0,0,0,0->0,0,0,0,0
113.7694,-2.8274,0,0,0,0->0,0,0,0,0
113.693,-2.823,0,1,1,0->1,1,0,0,0
113.6975,-2.823,0,0,0,0->0,0,0,0,0
113.6975,-2.8185,0,0,0,0->0,0,0,0,0
113.72,-2.8185,1,0,1,1->0,0,1,0,0
113.7424,-2.8185,0,0,0,0->0,0,0,0,0
113.6885,-2.8095,0,0,0,0->0,0,0,0,0
113.7155,-2.8095,1,0,1,1->0,0,1,0,0
113.7469,-2.8095,0,1,1,0->1,1,0,0,0
113.7784,-2.8095,0,0,0,0->0,0,0,0,0
113.7694,-2.805,0,0,0,0->0,0,0,0,0
113.6796,-2.8005,0,0,0,0->0,0,0,0,0
113.6885,-2.8005,0,0,0,0->0,0,0,0,0
113.7469,-2.796,0,0,0,0->0,0,0,0,0
113.7469,-2.7915,0,0,0,0->0,0,0,0,0
113.684,-2.787,0,0,0,0->0,0,0,0,0
113.7245,-2.778,0,0,0,0->0,0,0,0,0
113.729,-2.7691,0,0,0,0->0,0,0,0,0
113.702,-2.7646,0,0,0,0->0,0,0,0,0
113.7424,-2.7646,0,0,0,0->0,0,0,0,0
113.7649,-2.7646,0,0,0,0->0,0,0,0,0
113.7155,-2.7601,0,0,0,0->0,0,0,0,0
113.7155,-2.7556,0,0,0,0->0,0,0,0,0
113.7514,-2.7556,0,0,0,0->0,0,0,0,0
113.6751,-2.7511,0,0,0,0->0,0,0,0,0
113.7335,-2.7466,0,0,0,0->0,0,0,0,0
113.7829,-2.7466,0,0,0,0->0,0,0,0,0
113.729,-2.7421,0,0,0,0->0,0,0,0,0
113.7604,-2.7421,0,0,0,0->0,0,0,0,0
113.7694,-2.7376,0,0,0,0->0,0,0,0,0
113.7155,-2.7331,0,0,0,0->0,0,0,0,0
113.7874,-2.7331,0,0,0,0->0,0,0,0,0
113.7918,-2.7331,0,0,0,0->0,0,0,0,0
113.702,-2.7286,0,0,0,0->0,0,0,0,0
113.7829,-2.7286,0,0,0,0->0,0,0,0,0
113.684,-2.7241,0,0,0,0->0,0,0,0,0
113.6885,-2.7241,0,0,0,0->0,0,0,0,0
113.7245,-2.7241,0,0,0,0->0,0,0,0,0
113.7424,-2.7241,0,0,0,0->0,0,0,0,0
113.7874,-2.7196,1,1,0,1->1,0,0,0,0
113.7918,-2.7152,3,1,1,3->1,0,0,0,0
113.693,-2.7062,0,0,0,0->0,0,0,0,0
113.72,-2.7062,0,0,0,0->0,0,0,0,0
113.702,-2.7017,0,0,0,0->0,0,0,0,0
113.7155,-2.7017,0,0,0,0->0,0,0,0,0
113.7559,-2.7017,0,0,0,0->0,0,0,0,0
113.7155,-2.6972,0,0,0,0->0,0,0,0,0
113.7829,-2.6972,0,0,0,0->0,0,0,0,0
113.711,-2.6927,0,0,0,0->0,0,0,0,0
113.702,-2.6882,0,0,0,0->0,0,0,0,0
113.711,-2.6882,0,0,0,0->0,0,0,0,0
113.7829,-2.6837,0,0,0,0->0,0,0,0,0
113.7065,-2.6747,0,0,0,0->0,0,0,0,0
113.7559,-2.6658,0,0,0,0->0,0,0,0,0
113.7379,-2.6613,0,0,0,0->0,0,0,0,0
113.7739,-2.6613,0,0,0,0->0,0,0,0,0
113.7784,-2.6568,0,0,0,0->0,0,0,0,0
113.7829,-2.6568,0,0,0,0->0,0,0,0,0
113.7649,-2.6478,0,0,0,0->0,0,0,0,0
113.7784,-2.6478,0,0,0,0->0,0,0,0,0
113.72,-2.6433,0,0,0,0->0,0,0,0,0
113.7469,-2.6433,0,0,0,0->0,0,0,0,0
113.7335,-2.6388,0,0,0,0->0,0,0,0,0
113.693,-2.6343,0,0,0,0->0,0,0,0,0
113.7514,-2.6343,0,0,0,0->0,0,0,0,0
113.6796,-2.6298,0,0,0,0->0,0,0,0,0
113.72,-2.6208,0,0,0,0->0,0,0,0,0
113.7379,-2.6208,0,0,0,0->0,0,0,0,0
113.729,-2.6119,0,0,0,0->0,0,0,0,0
113.7379,-2.6119,0,0,0,0->0,0,0,0,0
113.7604,-2.6119,0,0,0,0->0,0,0,0,0
113.7784,-2.6074,0,0,0,0->0,0,0,0,0
113.6975,-2.6029,0,0,0,0->0,0,0,0,0
113.729,-2.6029,0,0,0,0->0,0,0,0,0
113.7829,-2.5984,0,0,0,0->0,0,0,0,0
113.6975,-2.5894,0,0,0,0->0,0,0,0,0
113.7335,-2.5894,0,0,0,0->0,0,0,0,0
113.7514,-2.5894,0,0,0,0->0,0,0,0,0
113.6885,-2.5849,0,0,0,0->0,0,0,0,0
113.7559,-2.5849,0,0,0,0->0,0,0,0,0
113.7065,-2.5804,0,0,0,0->0,0,0,0,0
113.7739,-2.5804,0,0,0,0->0,0,0,0,0
113.7155,-2.5759,0,0,0,0->0,0,0,0,0
113.7335,-2.5759,0,0,0,0->0,0,0,0,0
113.7649,-2.5759,0,0,0,0->0,0,0,0,0
113.7379,-2.5714,0,0,0,0->0,0,0,0,0
113.7559,-2.5714,0,0,0,0->0,0,0,0,0
113.7514,-2.5624,0,0,0,0->0,0,0,0,0
113.6975,-2.5535,0,0,0,0->0,0,0,0,0
113.684,-2.549,0,0,0,0->0,0,0,0,0
113.7559,-2.549,0,0,0,0->0,0,0,0,0
113.6751,-2.5445,0,0,0,0->0,0,0,0,0
113.7379,-2.5445,0,0,0,0->0,0,0,0,0
113.7829,-2.5445,0,0,0,0->0,0,0,0,0
113.6885,-2.54,0,0,0,0->0,0,0,0,0
113.7739,-2.54,0,0,0,0->0,0,0,0,0
113.7155,-2.5355,0,0,0,0->0,0,0,0,0
113.7245,-2.5355,0,0,0,0->0,0,0,0,0
113.7469,-2.5355,0,0,0,0->0,0,0,0,0
113.72,-2.531,0,0,0,0->0,0,0,0,0
113.7559,-2.531,0,0,0,0->0,0,0,0,0
113.693,-2.5265,0,0,0,0->0,0,0,0,0
113.7245,-2.522,0,0,0,0->0,0,0,0,0
113.7604,-2.522,0,0,0,0->0,0,0,0,0
113.7245,-2.5175,0,0,0,0->0,0,0,0,0
113.729,-2.5175,0,0,0,0->0,0,0,0,0
113.7604,-2.513,0,0,0,0->0,0,0,0,0
113.7155,-2.5085,0,0,0,0->0,0,0,0,0
113.7784,-2.5085,0,0,0,0->0,0,0,0,0
113.702,-2.5041,0,0,0,0->0,0,0,0,0
113.7245,-2.5041,0,0,0,0->0,0,0,0,0
113.702,-2.4996,0,0,0,0->0,0,0,0,0
113.7424,-2.4951,0,0,0,0->0,0,0,0,0
113.7424,-2.4861,0,0,0,0->0,0,0,0,0
113.1001,-3.052,4,4,0,4->4,0,0,0,0
113.1585,-3.052,1,0,1,1->0,0,1,0,0
113.199,-3.052,0,0,0,0->0,0,0,0,0
113.2169,-3.052,1,0,1,1->0,0,1,0,0
113.2214,-3.052,0,0,0,0->0,0,0,0,0
113.2439,-3.052,0,0,0,0->0,0,0,0,0
113.2843,-3.052,1,1,0,1->1,0,0,0,0
113.3607,-3.052,0,0,0,0->0,0,0,0,0
113.4684,-3.052,0,0,0,0->0,0,0,0,0
113.1091,-3.0475,3,4,1,3->4,0,0,0,0
113.1316,-3.0475,0,0,0,0->0,0,0,0,0
113.172,-3.0475,1,1,0,1->1,0,0,0,0
113.2259,-3.0475,0,0,0,0->0,0,0,0,0
113.2663,-3.0475,1,0,1,1->0,0,1,0,0
113.3292,-3.0475,1,0,1,1->0,0,1,0,0
113.3337,-3.0475,1,0,1,1->0,0,1,0,0
113.437,-3.0475,0,0,0,0->0,0,0,0,0
113.6706,-3.0475,1,0,1,1->0,0,1,0,0
113.1091,-3.043,1,1,0,1->1,0,0,0,0
113.1675,-3.043,1,0,1,1->0,0,1,0,0
113.181,-3.043,1,1,0,1->1,0,0,0,0
113.2349,-3.043,1,1,0,1->1,0,0,0,0
113.3786,-3.043,0,0,0,0->0,0,0,0,0
113.4235,-3.043,0,0,0,0->0,0,0,0,0
113.4864,-3.043,0,0,0,0->0,0,0,0,0
113.1361,-3.0386,0,0,0,0->0,0,0,0,0
113.163,-3.0386,1,0,1,1->0,0,1,0,0
113.1945,-3.0386,0,0,0,0->0,0,0,0,0
113.2079,-3.0386,0,0,0,0->0,0,0,0,0
113.2798,-3.0386,1,1,0,1->1,0,0,0,0
113.3562,-3.0386,0,0,0,0->0,0,0,0,0
113.6661,-3.0386,1,1,0,1->1,0,0,0,0
113.1046,-3.0341,0,0,0,0->0,0,0,0,0
113.1361,-3.0341,0,0,0,0->0,0,0,0,0
113.154,-3.0341,1,1,0,1->1,0,0,0,0
113.1765,-3.0341,0,0,0,0->0,0,0,0,0
113.419,-3.0341,0,0,0,0->0,0,0,0,0
113.4819,-3.0341,0,0,0,0->0,0,0,0,0
113.5268,-3.0341,1,1,0,1->1,0,0,0,0
113.5673,-3.0341,0,0,0,0->0,0,0,0,0
113.1046,-3.0296,0,0,0,0->0,0,0,0,0
113.2663,-3.0296,0,0,0,0->0,0,0,0,0
113.3786,-3.0296,0,0,0,0->0,0,0,0,0
113.437,-3.0296,0,0,0,0->0,0,0,0,0
113.6167,-3.0296,1,1,0,1->1,0,0,0,0
113.1091,-3.0251,0,0,0,0->0,0,0,0,0
113.1271,-3.0251,0,0,0,0->0,0,0,0,0
113.2124,-3.0251,0,0,0,0->0,0,0,0,0
113.2214,-3.0251,0,0,0,0->0,0,0,0,0
113.2349,-3.0251,0,0,0,0->0,0,0,0,0
113.2843,-3.0251,1,1,0,1->1,0,0,0,0
113.4146,-3.0251,0,0,0,0->0,0,0,0,0
113.4954,-3.0251,0,0,0,0->0,0,0,0,0
113.1495,-3.0206,1,1,0,1->1,0,0,0,0
113.154,-3.0206,0,1,1,0->1,1,0,0,0
113.163,-3.0206,0,0,0,0->0,0,0,0,0
113.1855,-3.0206,0,0,0,0->0,0,0,0,0
113.6391,-3.0206,1,0,1,1->0,0,1,0,0
113.1361,-3.0161,1,1,0,1->1,0,0,0,0
113.1945,-3.0161,0,0,0,0->0,0,0,0,0
113.2304,-3.0161,0,0,0,0->0,0,0,0,0
113.2529,-3.0161,0,0,0,0->0,0,0,0,0
113.2888,-3.0161,1,1,0,1->1,0,0,0,0
113.3696,-3.0161,0,0,0,0->0,0,0,0,0
113.3831,-3.0161,0,0,0,0->0,0,0,0,0
113.4505,-3.0161,0,0,0,0->0,0,0,0,0
113.4595,-3.0161,0,0,0,0->0,0,0,0,0
113.5223,-3.0161,1,0,1,1->0,0,1,0,0
113.2798,-3.0116,1,1,0,1->1,0,0,0,0
113.455,-3.0116,0,0,0,0->0,0,0,0,0
113.464,-3.0116,0,0,0,0->0,0,0,0,0
113.4864,-3.0116,0,0,0,0->0,0,0,0,0
113.5223,-3.0116,0,0,0,0->0,0,0,0,0
113.5718,-3.0116,0,0,0,0->0,0,0,0,0
113.5807,-3.0116,1,0,1,1->0,0,1,0,0
113.1585,-3.0071,0,0,0,0->0,0,0,0,0
113.1675,-3.0071,0,0,0,0->0,0,0,0,0
113.19,-3.0071,0,0,0,0->0,0,0,0,0
113.2304,-3.0071,1,1,0,1->1,0,0,0,0
113.2394,-3.0071,0,1,1,0->1,1,0,0,0
113.2618,-3.0071,1,1,0,1->1,0,0,0,0
113.4595,-3.0071,0,0,0,0->0,0,0,0,0
113.5268,-3.0071,0,0,0,0->0,0,0,0,0
113.5583,-3.0071,0,0,0,0->0,0,0,0,0
113.1181,-3.0026,0,0,0,0->0,0,0,0,0
113.172,-3.0026,0,0,0,0->0,0,0,0,0
113.2259,-3.0026,1,1,0,1->1,0,0,0,0
113.3247,-3.0026,1,0,1,1->0,0,1,0,0
113.446,-3.0026,0,0,0,0->0,0,0,0,0
113.5089,-3.0026,1,0,1,1->0,0,1,0,0
113.5403,-3.0026,0,0,0,0->0,0,0,0,0
113.6706,-3.0026,0,1,1,0->1,1,0,0,0
113.163,-2.9981,0,0,0,0->0,0,0,0,0
113.199,-2.9981,0,0,0,0->0,0,0,0,0
113.2888,-2.9981,1,0,1,1->0,0,1,0,0
113.3023,-2.9981,1,0,1,1->0,0,1,0,0
113.3427,-2.9981,0,0,0,0->0,0,0,0,0
113.3472,-2.9981,0,0,0,0->0,0,0,0,0
113.455,-2.9981,0,0,0,0->0,0,0,0,0
113.4819,-2.9981,0,0,0,0->0,0,0,0,0
113.5448,-2.9981,0,0,0,0->0,0,0,0,0
113.1406,-2.9936,0,0,0,0->0,0,0,0,0
113.154,-2.9936,1,0,1,1->0,0,1,0,0
113.1855,-2.9936,0,0,0,0->0,0,0,0,0
113.2169,-2.9936,1,1,0,1->1,0,0,0,0
113.4729,-2.9936,0,0,0,0->0,0,0,0,0
113.6436,-2.9936,1,1,0,1->1,0,0,0,0
113.6571,-2.9936,1,0,1,1->0,0,1,0,0
113.1091,-2.9891,1,0,1,1->0,0,1,0,0
113.1181,-2.9891,1,0,1,1->0,0,1,0,0
113.172,-2.9891,0,0,0,0->0,0,0,0,0
113.3517,-2.9891,0,0,0,0->0,0,0,0,0
113.4505,-2.9891,0,0,0,0->0,0,0,0,0
113.5493,-2.9891,0,0,0,0->0,0,0,0,0
113.5762,-2.9891,0,0,0,0->0,0,0,0,0
113.2034,-2.9847,1,1,0,1->1,0,0,0,0
113.2618,-2.9847,0,0,0,0->0,0,0,0,0
113.2753,-2.9847,0,0,0,0->0,0,0,0,0
113.3427,-2.9847,1,0,1,1->0,0,1,0,0
113.4011,-2.9847,0,0,0,0->0,0,0,0,0
113.5179,-2.9847,0,0,0,0->0,0,0,0,0
113.5223,-2.9847,0,0,0,0->0,0,0,0,0
113.5358,-2.9847,0,0,0,0->0,0,0,0,0
113.5628,-2.9847,0,0,0,0->0,0,0,0,0
113.5673,-2.9847,0,0,0,0->0,0,0,0,0
113.1316,-2.9802,1,1,0,1->1,0,0,0,0
113.3786,-2.9802,0,0,0,0->0,0,0,0,0
113.437,-2.9802,1,0,1,1->0,0,1,0,0
113.5673,-2.9802,0,0,0,0->0,0,0,0,0
113.1271,-2.9757,0,1,1,0->1,1,0,0,0
113.1585,-2.9757,0,0,0,0->0,0,0,0,0
113.172,-2.9757,0,0,0,0->0,0,0,0,0
113.2394,-2.9757,1,1,0,1->1,0,0,0,0
113.2753,-2.9757,0,0,0,0->0,0,0,0,0
113.3068,-2.9757,1,0,1,1->0,0,1,0,0
113.4101,-2.9757,0,0,0,0->0,0,0,0,0
113.4729,-2.9757,0,0,0,0->0,0,0,0,0
113.5089,-2.9757,0,0,0,0->0,0,0,0,0
113.2034,-2.9712,1,0,1,1->0,0,1,0,0
113.2304,-2.9712,1,0,1,1->0,0,1,0,0
113.2618,-2.9712,0,1,1,0->1,1,0,0,0
113.2843,-2.9712,0,0,0,0->0,0,0,0,0
113.4595,-2.9712,0,0,0,0->0,0,0,0,0
113.4819,-2.9712,0,0,0,0->0,0,0,0,0
113.5089,-2.9712,0,0,0,0->0,0,0,0,0
113.1495,-2.9667,1,1,0,1->1,0,0,0,0
113.2214,-2.9667,1,0,1,1->0,0,1,0,0
113.2349,-2.9667,1,1,0,1->1,0,0,0,0
113.3921,-2.9667,0,0,0,0->0,0,0,0,0
113.4415,-2.9667,0,0,0,0->0,0,0,0,0
113.4999,-2.9667,0,0,0,0->0,0,0,0,0
113.5538,-2.9667,0,1,1,0->1,1,0,0,0
113.5628,-2.9667,0,0,0,0->0,0,0,0,0
113.6706,-2.9667,1,1,0,1->1,0,0,0,0
113.19,-2.9622,0,0,0,0->0,0,0,0,0
113.1945,-2.9622,0,0,0,0->0,0,0,0,0
113.2214,-2.9622,1,1,0,1->1,0,0,0,0
113.2304,-2.9622,1,1,0,1->1,0,0,0,0
113.3112,-2.9622,0,0,0,0->0,0,0,0,0
113.5358,-2.9622,0,0,0,0->0,0,0,0,0
113.5628,-2.9622,0,0,0,0->0,0,0,0,0
113.5673,-2.9622,0,0,0,0->0,0,0,0,0
113.1495,-2.9577,1,0,1,1->0,0,1,0,0
113.4684,-2.9577,0,0,0,0->0,0,0,0,0
113.4909,-2.9577,0,0,0,0->0,0,0,0,0
113.4954,-2.9577,0,0,0,0->0,0,0,0,0
113.5044,-2.9577,0,0,0,0->0,0,0,0,0
113.5673,-2.9577,0,0,0,0->0,0,0,0,0
113.6032,-2.9577,0,0,0,0->0,0,0,0,0
113.1361,-2.9532,1,0,1,1->0,0,1,0,0
113.1945,-2.9532,1,1,0,1->1,0,0,0,0
113.2888,-2.9532,0,2,1,0->2,1,0,1,0
113.3112,-2.9532,1,0,1,1->0,0,1,0,0
113.3292,-2.9532,0,0,0,0->0,0,0,0,0
113.419,-2.9532,0,0,0,0->0,0,0,0,0
113.4235,-2.9532,0,0,0,0->0,0,0,0,0
113.4415,-2.9532,0,0,0,0->0,0,0,0,0
113.5538,-2.9532,0,0,0,0->0,0,0,0,0
113.5942,-2.9532,1,1,0,1->1,0,0,0,0
113.6167,-2.9532,0,0,0,0->0,0,0,0,0
113.6571,-2.9532,0,0,0,0->0,0,0,0,0
113.163,-2.9487,0,0,0,0->0,0,0,0,0
113.2214,-2.9487,1,1,0,1->1,0,0,0,0
113.2439,-2.9487,0,0,0,0->0,0,0,0,0
113.2798,-2.9487,0,0,0,0->0,0,0,0,0
113.3247,-2.9487,0,0,0,0->0,0,0,0,0
113.6077,-2.9487,1,1,0,1->1,0,0,0,0
113.6212,-2.9487,0,0,0,0->0,0,0,0,0
113.6391,-2.9487,0,0,0,0->0,0,0,0,0
113.2349,-2.9442,1,0,1,1->0,0,1,0,0
113.2978,-2.9442,0,1,1,0->1,1,0,0,0
113.3202,-2.9442,0,0,0,0->0,0,0,0,0
113.3472,-2.9442,0,0,0,0->0,0,0,0,0
113.4325,-2.9442,0,0,0,0->0,0,0,0,0
113.5897,-2.9442,1,0,1,1->0,0,1,0,0
113.6436,-2.9442,0,0,0,0->0,0,0,0,0
113.4325,-2.9397,0,0,0,0->0,0,0,0,0
113.446,-2.9397,0,0,0,0->0,0,0,0,0
113.5448,-2.9397,0,0,0,0->0,0,0,0,0
113.5762,-2.9397,0,0,0,0->0,0,0,0,0
113.3966,-2.9352,0,0,0,0->0,0,0,0,0
113.6212,-2.9352,0,0,0,0->0,0,0,0,0
113.6391,-2.9352,0,0,0,0->0,0,0,0,0
113.1451,-2.9308,0,0,0,0->0,0,0,0,0
113.19,-2.9308,0,1,1,0->1,1,0,0,0
113.3472,-2.9308,0,0,0,0->0,0,0,0,0
113.3876,-2.9308,0,0,0,0->0,0,0,0,0
113.4056,-2.9308,0,0,0,0->0,0,0,0,0
113.4325,-2.9308,1,0,1,1->0,0,1,0,0
113.5089,-2.9308,0,0,0,0->0,0,0,0,0
113.5538,-2.9308,0,0,0,0->0,0,0,0,0
113.5628,-2.9308,0,0,0,0->0,0,0,0,0
113.5762,-2.9308,0,0,0,0->0,0,0,0,0
113.5807,-2.9308,0,0,0,0->0,0,0,0,0
113.6481,-2.9308,0,0,0,0->0,0,0,0,0
113.6661,-2.9308,0,0,0,0->0,0,0,0,0
113.1181,-2.9263,1,1,0,1->1,0,0,0,0
113.1406,-2.9263,0,0,0,0->0,0,0,0,0
113.163,-2.9263,0,1,1,0->1,1,0,0,0
113.2484,-2.9263,1,0,1,1->0,0,1,0,0
113.2933,-2.9263,0,0,0,0->0,0,0,0,0
113.3562,-2.9263,0,0,0,0->0,0,0,0,0
113.428,-2.9263,1,0,1,1->0,0,1,0,0
113.4864,-2.9263,0,0,0,0->0,0,0,0,0
113.5268,-2.9263,0,0,0,0->0,0,0,0,0
113.5628,-2.9263,0,0,0,0->0,0,0,0,0
113.6032,-2.9263,0,0,0,0->0,0,0,0,0
113.6346,-2.9263,0,0,0,0->0,0,0,0,0
113.154,-2.9218,0,0,0,0->0,0,0,0,0
113.1675,-2.9218,0,0,0,0->0,0,0,0,0
113.1945,-2.9218,0,0,0,0->0,0,0,0,0
113.3696,-2.9218,0,0,0,0->0,0,0,0,0
113.3786,-2.9218,0,0,0,0->0,0,0,0,0
113.3921,-2.9218,0,0,0,0->0,0,0,0,0
113.1406,-2.9173,0,0,0,0->0,0,0,0,0
113.181,-2.9173,0,0,0,0->0,0,0,0,0
113.2663,-2.9173,1,1,0,1->1,0,0,0,0
113.2753,-2.9173,0,0,0,0->0,0,0,0,0
113.2843,-2.9173,1,1,0,1->1,0,0,0,0
113.3876,-2.9173,0,0,0,0->0,0,0,0,0
113.4146,-2.9173,0,0,0,0->0,0,0,0,0
113.455,-2.9173,0,0,0,0->0,0,0,0,0
113.4729,-2.9173,0,0,0,0->0,0,0,0,0
113.4819,-2.9173,0,0,0,0->0,0,0,0,0
113.5403,-2.9173,0,0,0,0->0,0,0,0,0
113.1316,-2.9128,0,0,0,0->0,0,0,0,0
113.154,-2.9128,0,0,0,0->0,0,0,0,0
113.2394,-2.9128,1,0,1,1->0,0,1,0,0
113.3651,-2.9128,0,0,0,0->0,0,0,0,0
113.3696,-2.9128,0,0,0,0->0,0,0,0,0
113.3966,-2.9128,0,0,0,0->0,0,0,0,0
113.4101,-2.9128,0,0,0,0->0,0,0,0,0
113.419,-2.9128,0,0,0,0->0,0,0,0,0
113.5223,-2.9128,0,0,0,0->0,0,0,0,0
113.154,-2.9083,0,0,0,0->0,0,0,0,0
113.2978,-2.9083,1,1,0,1->1,0,0,0,0
113.3247,-2.9083,1,1,0,1->1,0,0,0,0
113.5134,-2.9083,0,0,0,0->0,0,0,0,0
113.5403,-2.9083,0,0,0,0->0,0,0,0,0
113.5852,-2.9083,0,0,0,0->0,0,0,0,0
113.6212,-2.9083,0,0,0,0->0,0,0,0,0
113.6346,-2.9083,0,0,0,0->0,0,0,0,0
113.6706,-2.9083,0,0,0,0->0,0,0,0,0
113.1406,-2.9038,0,0,0,0->0,0,0,0,0
113.2618,-2.9038,1,0,1,1->0,0,1,0,0
113.2663,-2.9038,1,1,0,1->1,0,0,0,0
113.2843,-2.9038,0,0,0,0->0,0,0,0,0
113.5089,-2.9038,0,0,0,0->0,0,0,0,0
113.5493,-2.9038,0,0,0,0->0,0,0,0,0
113.1001,-2.8993,0,0,0,0->0,0,0,0,0
113.154,-2.8993,0,0,0,0->0,0,0,0,0
113.199,-2.8993,0,0,0,0->0,0,0,0,0
113.2663,-2.8993,1,1,0,1->1,0,0,0,0
113.3876,-2.8993,0,0,0,0->0,0,0,0,0
113.4011,-2.8993,0,0,0,0->0,0,0,0,0
113.437,-2.8993,0,0,0,0->0,0,0,0,0
113.5493,-2.8993,0,0,0,0->0,0,0,0,0
113.5538,-2.8993,0,0,0,0->0,0,0,0,0
113.1001,-2.8948,0,0,0,0->0,0,0,0,0
113.1136,-2.8948,0,0,0,0->0,0,0,0,0
113.1406,-2.8948,0,0,0,0->0,0,0,0,0
113.1585,-2.8948,0,0,0,0->0,0,0,0,0
113.2124,-2.8948,0,0,0,0->0,0,0,0,0
113.2349,-2.8948,1,0,1,1->0,0,1,0,0
113.3157,-2.8948,1,1,0,1->1,0,0,0,0
113.3562,-2.8948,0,0,0,0->0,0,0,0,0
113.4729,-2.8948,0,0,0,0->0,0,0,0,0
113.4819,-2.8948,0,0,0,0->0,0,0,0,0
113.5089,-2.8948,0,0,0,0->0,0,0,0,0
113.1855,-2.8903,0,0,0,0->0,0,0,0,0
113.2259,-2.8903,1,0,1,1->0,0,1,0,0
113.2843,-2.8903,1,1,0,1->1,0,0,0,0
113.419,-2.8903,0,0,0,0->0,0,0,0,0
113.4774,-2.8903,0,0,0,0->0,0,0,0,0
113.1091,-2.8858,0,0,0,0->0,0,0,0,0
113.154,-2.8858,0,0,0,0->0,0,0,0,0
113.181,-2.8858,0,0,0,0->0,0,0,0,0
113.2034,-2.8858,0,0,0,0->0,0,0,0,0
113.2978,-2.8858,1,1,0,1->1,0,0,0,0
113.3292,-2.8858,0,0,0,0->0,0,0,0,0
113.3427,-2.8858,0,0,0,0->0,0,0,0,0
113.3517,-2.8858,0,0,0,0->0,0,0,0,0
113.419,-2.8858,0,0,0,0->0,0,0,0,0
113.4909,-2.8858,0,0,0,0->0,0,0,0,0
113.5089,-2.8858,0,0,0,0->0,0,0,0,0
113.5268,-2.8858,0,0,0,0->0,0,0,0,0
113.6301,-2.8858,0,0,0,0->0,0,0,0,0
113.1046,-2.8813,0,0,0,0->0,0,0,0,0
113.1675,-2.8813,0,0,0,0->0,0,0,0,0
113.19,-2.8813,0,0,0,0->0,0,0,0,0
113.2798,-2.8813,4,4,0,4->4,0,0,0,0
113.2843,-2.8813,0,0,0,0->0,0,0,0,0
113.3023,-2.8813,1,0,1,1->0,0,1,0,0
113.4864,-2.8813,0,0,0,0->0,0,0,0,0
113.5089,-2.8813,0,0,0,0->0,0,0,0,0
113.163,-2.8769,0,0,0,0->0,0,0,0,0
113.19,-2.8769,2,0,1,2->0,0,1,0,0
113.2259,-2.8769,1,0,1,1->0,0,1,0,0
113.2439,-2.8769,1,0,1,1->0,0,1,0,0
113.3068,-2.8769,1,0,1,1->0,0,1,0,0
113.4595,-2.8769,0,0,0,0->0,0,0,0,0
113.4954,-2.8769,0,0,0,0->0,0,0,0,0
113.6167,-2.8769,0,0,0,0->0,0,0,0,0
113.6526,-2.8769,0,0,0,0->0,0,0,0,0
113.1361,-2.8724,0,0,0,0->0,0,0,0,0
113.2034,-2.8724,0,0,0,0->0,0,0,0,0
113.2169,-2.8724,0,0,0,0->0,0,0,0,0
113.3112,-2.8724,1,1,0,1->1,0,0,0,0
113.464,-2.8724,0,0,0,0->0,0,0,0,0
113.5358,-2.8724,0,0,0,0->0,0,0,0,0
113.6032,-2.8724,0,0,0,0->0,0,0,0,0
113.6481,-2.8724,0,0,0,0->0,0,0,0,0
113.1136,-2.8679,0,0,0,0->0,0,0,0,0
113.1765,-2.8679,0,0,0,0->0,0,0,0,0
113.3068,-2.8679,1,1,0,1->1,0,0,0,0
113.5223,-2.8679,0,0,0,0->0,0,0,0,0
113.5942,-2.8679,0,0,0,0->0,0,0,0,0
113.2753,-2.8634,0,0,0,0->0,0,0,0,0
113.3292,-2.8634,0,0,0,0->0,0,0,0,0
113.3517,-2.8634,0,0,0,0->0,0,0,0,0
113.3741,-2.8634,0,0,0,0->0,0,0,0,0
113.4415,-2.8634,0,0,0,0->0,0,0,0,0
113.4729,-2.8634,0,0,0,0->0,0,0,0,0
113.4909,-2.8634,0,0,0,0->0,0,0,0,0
113.5403,-2.8634,0,0,0,0->0,0,0,0,0
113.6391,-2.8634,0,0,0,0->0,0,0,0,0
113.1495,-2.8589,0,0,0,0->0,0,0,0,0
113.2349,-2.8589,1,1,0,1->1,0,0,0,0
113.5807,-2.8589,0,0,0,0->0,0,0,0,0
113.6571,-2.8589,1,0,1,1->0,0,1,0,0
113.3831,-2.8544,0,0,0,0->0,0,0,0,0
113.419,-2.8544,0,0,0,0->0,0,0,0,0
113.5987,-2.8544,0,0,0,0->0,0,0,0,0
113.6706,-2.8544,1,0,1,1->0,0,1,0,0
113.2349,-2.8499,1,0,1,1->0,0,1,0,0
113.3068,-2.8499,0,1,1,0->1,1,0,0,0
113.3741,-2.8499,0,0,0,0->0,0,0,0,0
113.5718,-2.8499,0,0,0,0->0,0,0,0,0
113.6212,-2.8499,0,0,0,0->0,0,0,0,0
113.6571,-2.8499,0,1,1,0->1,1,0,0,0
113.1001,-2.8454,0,0,0,0->0,0,0,0,0
113.1361,-2.8454,0,0,0,0->0,0,0,0,0
113.1406,-2.8454,0,0,0,0->0,0,0,0,0
113.2124,-2.8454,0,0,0,0->0,0,0,0,0
113.3157,-2.8454,0,0,0,0->0,0,0,0,0
113.3831,-2.8454,0,0,0,0->0,0,0,0,0
113.4505,-2.8454,0,0,0,0->0,0,0,0,0
113.5403,-2.8454,0,0,0,0->0,0,0,0,0
113.6526,-2.8454,1,0,1,1->0,0,1,0,0
113.1271,-2.8409,0,0,0,0->0,0,0,0,0
113.1316,-2.8409,0,0,0,0->0,0,0,0,0
113.1675,-2.8409,0,0,0,0->0,0,0,0,0
113.3966,-2.8409,0,0,0,0->0,0,0,0,0
113.4235,-2.8409,0,0,0,0->0,0,0,0,0
113.4505,-2.8409,0,0,0,0->0,0,0,0,0
113.4684,-2.8409,0,0,0,0->0,0,0,0,0
113.5403,-2.8409,0,0,0,0->0,0,0,0,0
113.5807,-2.8409,0,0,0,0->0,0,0,0,0
113.6257,-2.8409,0,0,0,0->0,0,0,0,0
113.154,-2.8364,0,0,0,0->0,0,0,0,0
113.2663,-2.8364,0,0,0,0->0,0,0,0,0
113.2888,-2.8364,1,1,0,1->1,0,0,0,0
113.3247,-2.8364,0,0,0,0->0,0,0,0,0
113.3427,-2.8364,0,0,0,0->0,0,0,0,0
113.4011,-2.8364,0,0,0,0->0,0,0,0,0
113.4415,-2.8364,0,0,0,0->0,0,0,0,0
113.6301,-2.8364,0,0,0,0->0,0,0,0,0
113.6481,-2.8364,1,0,1,1->0,0,1,0,0
113.6661,-2.8364,1,1,0,1->1,0,0,0,0
113.1316,-2.8319,0,0,0,0->0,0,0,0,0
113.1361,-2.8319,0,0,0,0->0,0,0,0,0
113.19,-2.8319,0,0,0,0->0,0,0,0,0
113.2079,-2.8319,1,0,1,1->0,0,1,0,0
113.3427,-2.8319,0,0,0,0->0,0,0,0,0
113.5313,-2.8319,0,0,0,0->0,0,0,0,0
113.6571,-2.8319,1,1,0,1->1,0,0,0,0
113.1046,-2.8274,0,0,0,0->0,0,0,0,0
113.1226,-2.8274,0,0,0,0->0,0,0,0,0
113.1316,-2.8274,0,0,0,0->0,0,0,0,0
113.1451,-2.8274,0,0,0,0->0,0,0,0,0
113.1765,-2.8274,0,0,0,0->0,0,0,0,0
113.2843,-2.8274,4,4,0,4->4,0,0,0,0
113.2933,-2.8274,1,1,0,1->1,0,0,0,0
113.3562,-2.8274,0,0,0,0->0,0,0,0,0
113.437,-2.8274,0,0,0,0->0,0,0,0,0
113.4415,-2.8274,0,0,0,0->0,0,0,0,0
113.464,-2.8274,0,0,0,0->0,0,0,0,0
113.5493,-2.8274,0,0,0,0->0,0,0,0,0
113.5628,-2.8274,0,0,0,0->0,0,0,0,0
113.6167,-2.8274,0,0,0,0->0,0,0,0,0
113.6571,-2.8274,1,0,1,1->0,0,1,0,0
113.1181,-2.823,0,0,0,0->0,0,0,0,0
113.1316,-2.823,0,0,0,0->0,0,0,0,0
113.2034,-2.823,0,0,0,0->0,0,0,0,0
113.4011,-2.823,0,0,0,0->0,0,0,0,0
113.4235,-2.823,0,0,0,0->0,0,0,0,0
113.4325,-2.823,0,0,0,0->0,0,0,0,0
113.5897,-2.823,0,0,0,0->0,0,0,0,0
113.6032,-2.823,0,0,0,0->0,0,0,0,0
113.6481,-2.823,0,0,0,0->0,0,0,0,0
113.199,-2.8185,0,0,0,0->0,0,0,0,0
113.2394,-2.8185,1,0,1,1->0,0,1,0,0
113.2618,-2.8185,0,0,0,0->0,0,0,0,0
113.2843,-2.8185,0,0,0,0->0,0,0,0,0
113.2888,-2.8185,4,4,0,4->4,0,0,0,0
113.4146,-2.8185,0,0,0,0->0,0,0,0,0
113.5268,-2.8185,0,0,0,0->0,0,0,0,0
113.6077,-2.8185,0,0,0,0->0,0,0,0,0
113.6257,-2.8185,0,0,0,0->0,0,0,0,0
113.6436,-2.8185,0,0,0,0->0,0,0,0,0
113.1091,-2.814,0,0,0,0->0,0,0,0,0
113.2529,-2.814,1,0,1,1->0,0,1,0,0
113.2798,-2.814,0,0,0,0->0,0,0,0,0
113.4101,-2.814,0,0,0,0->0,0,0,0,0
113.5942,-2.814,0,0,0,0->0,0,0,0,0
113.6212,-2.814,0,0,0,0->0,0,0,0,0
113.6436,-2.814,0,0,0,0->0,0,0,0,0
113.6706,-2.814,4,1,1,4->1,0,0,0,0
113.1046,-2.8095,0,0,0,0->0,0,0,0,0
113.181,-2.8095,0,0,0,0->0,0,0,0,0
113.199,-2.8095,0,0,0,0->0,0,0,0,0
113.3023,-2.8095,0,1,1,0->1,1,0,0,0
113.4235,-2.8095,0,0,0,0->0,0,0,0,0
113.455,-2.8095,0,0,0,0->0,0,0,0,0
113.4595,-2.8095,0,0,0,0->0,0,0,0,0
113.6706,-2.8095,0,0,0,0->0,0,0,0,0
113.1136,-2.805,0,0,0,0->0,0,0,0,0
113.163,-2.805,0,0,0,0->0,0,0,0,0
113.2349,-2.805,1,0,1,1->0,0,1,0,0
113.3247,-2.805,1,0,1,1->0,0,1,0,0
113.3607,-2.805,0,0,0,0->0,0,0,0,0
113.3966,-2.805,0,0,0,0->0,0,0,0,0
113.4011,-2.805,0,0,0,0->0,0,0,0,0
113.4325,-2.805,0,0,0,0->0,0,0,0,0
113.5179,-2.805,0,0,0,0->0,0,0,0,0
113.5897,-2.805,0,0,0,0->0,0,0,0,0
113.6257,-2.805,0,0,0,0->0,0,0,0,0
113.6436,-2.805,0,0,0,0->0,0,0,0,0
113.6661,-2.805,0,1,1,0->1,1,0,0,0
113.181,-2.8005,0,0,0,0->0,0,0,0,0
113.3427,-2.8005,0,0,0,0->0,0,0,0,0
113.446,-2.8005,0,0,0,0->0,0,0,0,0
113.464,-2.8005,0,0,0,0->0,0,0,0,0
113.5313,-2.8005,0,0,0,0->0,0,0,0,0
113.5493,-2.8005,0,0,0,0->0,0,0,0,0
113.5718,-2.8005,0,0,0,0->0,0,0,0,0
113.5762,-2.8005,0,0,0,0->0,0,0,0,0
113.5807,-2.8005,0,0,0,0->0,0,0,0,0
113.6616,-2.8005,0,0,0,0->0,0,0,0,0
113.2304,-2.796,1,1,0,1->1,0,0,0,0
113.2663,-2.796,0,1,1,0->1,1,0,0,0
113.2798,-2.796,4,4,0,4->4,0,0,0,0
113.3472,-2.796,0,0,0,0->0,0,0,0,0
113.3607,-2.796,0,0,0,0->0,0,0,0,0
113.4595,-2.796,0,0,0,0->0,0,0,0,0
113.4954,-2.796,0,0,0,0->0,0,0,0,0
113.5223,-2.796,0,0,0,0->0,0,0,0,0
113.5987,-2.796,0,0,0,0->0,0,0,0,0
113.6526,-2.796,0,0,0,0->0,0,0,0,0
113.1001,-2.7915,0,0,0,0->0,0,0,0,0
113.1406,-2.7915,0,0,0,0->0,0,0,0,0
113.2708,-2.7915,0,0,0,0->0,0,0,0,0
113.3921,-2.7915,0,0,0,0->0,0,0,0,0
113.4954,-2.7915,0,0,0,0->0,0,0,0,0
113.5134,-2.7915,0,0,0,0->0,0,0,0,0
113.6257,-2.7915,0,0,0,0->0,0,0,0,0
113.6391,-2.7915,0,0,0,0->0,0,0,0,0
113.2978,-2.787,1,1,0,1->1,0,0,0,0
113.3427,-2.787,1,1,0,1->1,0,0,0,0
113.3472,-2.787,1,1,0,1->1,0,0,0,0
113.3607,-2.787,0,0,0,0->0,0,0,0,0
113.3921,-2.787,0,0,0,0->0,0,0,0,0
113.4999,-2.787,0,0,0,0->0,0,0,0,0
113.5268,-2.787,0,0,0,0->0,0,0,0,0
113.5673,-2.787,0,0,0,0->0,0,0,0,0
113.6122,-2.787,0,0,0,0->0,0,0,0,0
113.6257,-2.787,0,0,0,0->0,0,0,0,0
113.6571,-2.787,1,1,0,1->1,0,0,0,0
113.6661,-2.787,0,0,0,0->0,0,0,0,0
113.1585,-2.7825,0,0,0,0->0,0,0,0,0
113.181,-2.7825,0,0,0,0->0,0,0,0,0
113.437,-2.7825,0,0,0,0->0,0,0,0,0
113.5223,-2.7825,0,0,0,0->0,0,0,0,0
113.6257,-2.7825,0,0,0,0->0,0,0,0,0
113.1046,-2.778,0,0,0,0->0,0,0,0,0
113.1136,-2.778,0,0,0,0->0,0,0,0,0
113.154,-2.778,0,0,0,0->0,0,0,0,0
113.172,-2.778,0,0,0,0->0,0,0,0,0
113.2618,-2.778,1,1,0,1->1,0,0,0,0
113.2663,-2.778,0,1,1,0->1,1,0,0,0
113.2708,-2.778,0,1,1,0->1,1,0,0,0
113.2933,-2.778,1,0,1,1->0,0,1,0,0
113.3427,-2.778,0,0,0,0->0,0,0,0,0
113.3786,-2.778,0,0,0,0->0,0,0,0,0
113.3876,-2.778,0,0,0,0->0,0,0,0,0
113.4325,-2.778,0,0,0,0->0,0,0,0,0
113.4505,-2.778,0,0,0,0->0,0,0,0,0
113.4684,-2.778,0,0,0,0->0,0,0,0,0
113.5673,-2.778,0,0,0,0->0,0,0,0,0
113.5807,-2.778,0,0,0,0->0,0,0,0,0
113.6616,-2.778,0,0,0,0->0,0,0,0,0
113.1181,-2.7735,0,0,0,0->0,0,0,0,0
113.2618,-2.7735,1,0,1,1->0,0,1,0,0
113.2978,-2.7735,1,1,0,1->1,0,0,0,0
113.4999,-2.7735,0,0,0,0->0,0,0,0,0
113.5493,-2.7735,0,0,0,0->0,0,0,0,0
113.6212,-2.7735,0,0,0,0->0,0,0,0,0
113.6346,-2.7735,0,0,0,0->0,0,0,0,0
113.3382,-2.7691,0,0,0,0->0,0,0,0,0
113.4415,-2.7691,0,0,0,0->0,0,0,0,0
113.1136,-2.7646,0,0,0,0->0,0,0,0,0
113.163,-2.7646,0,0,0,0->0,0,0,0,0
113.2394,-2.7646,0,0,0,0->0,0,0,0,0
113.4056,-2.7646,0,0,0,0->0,0,0,0,0
113.4235,-2.7646,0,0,0,0->0,0,0,0,0
113.4909,-2.7646,0,0,0,0->0,0,0,0,0
113.5942,-2.7646,0,0,0,0->0,0,0,0,0
113.2439,-2.7601,1,1,0,1->1,0,0,0,0
113.2484,-2.7601,1,0,1,1->0,0,1,0,0
113.3247,-2.7601,1,1,0,1->1,0,0,0,0
113.4235,-2.7601,0,0,0,0->0,0,0,0,0
113.4954,-2.7601,0,0,0,0->0,0,0,0,0
113.6167,-2.7601,0,0,0,0->0,0,0,0,0
113.1316,-2.7556,0,0,0,0->0,0,0,0,0
113.1585,-2.7556,0,0,0,0->0,0,0,0,0
113.3517,-2.7556,0,0,0,0->0,0,0,0,0
113.446,-2.7556,0,0,0,0->0,0,0,0,0
113.5223,-2.7556,0,0,0,0->0,0,0,0,0
113.5448,-2.7556,0,0,0,0->0,0,0,0,0
113.1495,-2.7511,0,0,0,0->0,0,0,0,0
113.2034,-2.7511,1,0,1,1->0,0,1,0,0
113.3966,-2.7511,0,0,0,0->0,0,0,0,0
113.4774,-2.7511,0,0,0,0->0,0,0,0,0
113.5223,-2.7511,0,0,0,0->0,0,0,0,0
113.5942,-2.7511,0,0,0,0->0,0,0,0,0
113.6257,-2.7511,0,0,0,0->0,0,0,0,0
113.1451,-2.7466,0,0,0,0->0,0,0,0,0
113.2663,-2.7466,1,2,1,1->2,0,0,1,0
113.2798,-2.7466,0,0,0,0->0,0,0,0,0
113.2888,-2.7466,0,0,0,0->0,0,0,0,0
113.3427,-2.7466,0,0,0,0->0,0,0,0,0
113.3517,-2.7466,0,0,0,0->0,0,0,0,0
113.4909,-2.7466,0,0,0,0->0,0,0,0,0
113.1495,-2.7421,0,0,0,0->0,0,0,0,0
113.19,-2.7421,0,0,0,0->0,0,0,0,0
113.2573,-2.7421,1,1,0,1->1,0,0,0,0
113.3112,-2.7421,1,1,0,1->1,0,0,0,0
113.4999,-2.7421,0,0,0,0->0,0,0,0,0
113.6032,-2.7421,0,0,0,0->0,0,0,0,0
113.1181,-2.7376,0,0,0,0->0,0,0,0,0
113.1495,-2.7376,0,0,0,0->0,0,0,0,0
113.2573,-2.7376,0,1,1,0->1,1,0,0,0
113.3023,-2.7376,1,1,0,1->1,0,0,0,0
113.3517,-2.7376,0,0,0,0->0,0,0,0,0
113.3966,-2.7376,0,0,0,0->0,0,0,0,0
113.5718,-2.7376,0,0,0,0->0,0,0,0,0
113.6122,-2.7376,0,0,0,0->0,0,0,0,0
113.2573,-2.7331,1,1,0,1->1,0,0,0,0
113.2618,-2.7331,0,1,1,0->1,1,0,0,0
113.3831,-2.7331,0,0,0,0->0,0,0,0,0
113.4011,-2.7331,0,0,0,0->0,0,0,0,0
113.4325,-2.7331,0,0,0,0->0,0,0,0,0
113.4415,-2.7331,0,0,0,0->0,0,0,0,0
113.5628,-2.7331,0,0,0,0->0,0,0,0,0
113.6077,-2.7331,0,0,0,0->0,0,0,0,0
113.1226,-2.7286,0,0,0,0->0,0,0,0,0
113.163,-2.7286,0,0,0,0->0,0,0,0,0
113.181,-2.7286,0,0,0,0->0,0,0,0,0
113.1945,-2.7286,0,0,0,0->0,0,0,0,0
113.2708,-2.7286,1,1,0,1->1,0,0,0,0
113.3831,-2.7286,0,0,0,0->0,0,0,0,0
113.5313,-2.7286,0,0,0,0->0,0,0,0,0
113.5448,-2.7286,0,0,0,0->0,0,0,0,0
113.6077,-2.7286,0,0,0,0->0,0,0,0,0
113.1046,-2.7241,0,0,0,0->0,0,0,0,0
113.1226,-2.7241,0,0,0,0->0,0,0,0,0
113.2573,-2.7241,1,0,1,1->0,0,1,0,0
113.3427,-2.7241,0,0,0,0->0,0,0,0,0
113.4819,-2.7241,0,0,0,0->0,0,0,0,0
113.2214,-2.7196,0,0,0,0->0,0,0,0,0
113.2708,-2.7196,1,0,1,1->0,0,1,0,0
113.3068,-2.7196,1,4,1,1->4,0,0,0,0
113.4101,-2.7196,0,0,0,0->0,0,0,0,0
113.4235,-2.7196,0,0,0,0->0,0,0,0,0
113.5089,-2.7196,0,0,0,0->0,0,0,0,0
113.5538,-2.7196,0,0,0,0->0,0,0,0,0
113.5897,-2.7196,0,0,0,0->0,0,0,0,0
113.6616,-2.7196,0,0,0,0->0,0,0,0,0
113.1406,-2.7152,0,0,0,0->0,0,0,0,0
113.1495,-2.7152,0,0,0,0->0,0,0,0,0
113.2439,-2.7152,1,0,1,1->0,0,1,0,0
113.3023,-2.7152,0,1,1,0->1,1,0,0,0
113.3921,-2.7152,0,0,0,0->0,0,0,0,0
113.455,-2.7152,0,0,0,0->0,0,0,0,0
113.5538,-2.7152,0,0,0,0->0,0,0,0,0
113.5852,-2.7152,0,0,0,0->0,0,0,0,0
113.6301,-2.7152,0,0,0,0->0,0,0,0,0
113.6391,-2.7152,0,0,0,0->0,0,0,0,0
113.6257,-2.7062,0,0,0,0->0,0,0,0,0
113.6346,-2.6972,0,0,0,0->0,0,0,0,0
113.6212,-2.6927,0,0,0,0->0,0,0,0,0
113.6481,-2.6927,0,0,0,0->0,0,0,0,0
113.6661,-2.6927,0,0,0,0->0,0,0,0,0
113.6661,-2.6882,0,0,0,0->0,0,0,0,0
113.6706,-2.6882,0,0,0,0->0,0,0,0,0
113.6436,-2.6837,0,0,0,0->0,0,0,0,0
113.6481,-2.6837,0,0,0,0->0,0,0,0,0
113.6526,-2.6792,0,0,0,0->0,0,0,0,0
113.6616,-2.6747,0,0,0,0->0,0,0,0,0
113.6257,-2.6702,0,0,0,0->0,0,0,0,0
113.6571,-2.6658,0,0,0,0->0,0,0,0,0
113.6616,-2.6568,0,0,0,0->0,0,0,0,0
113.6616,-2.6523,0,0,0,0->0,0,0,0,0
113.6436,-2.6478,0,0,0,0->0,0,0,0,0
113.6481,-2.6253,0,0,0,0->0,0,0,0,0
113.6526,-2.6163,0,0,0,0->0,0,0,0,0
113.6436,-2.6119,0,0,0,0->0,0,0,0,0
113.6481,-2.6119,0,0,0,0->0,0,0,0,0
113.6661,-2.6074,0,0,0,0->0,0,0,0,0
113.6706,-2.6074,0,0,0,0->0,0,0,0,0
113.6436,-2.5939,0,0,0,0->0,0,0,0,0
113.6571,-2.5894,0,0,0,0->0,0,0,0,0
113.6706,-2.5849,0,0,0,0->0,0,0,0,0
113.6616,-2.5804,0,0,0,0->0,0,0,0,0
113.6391,-2.5714,0,0,0,0->0,0,0,0,0
113.6391,-2.5669,0,0,0,0->0,0,0,0,0
113.6526,-2.5624,0,0,0,0->0,0,0,0,0
113.6571,-2.5445,0,0,0,0->0,0,0,0,0
113.6481,-2.531,1,1,0,1->1,0,0,0,0
113.6526,-2.5175,1,1,0,1->1,0,0,0,0
113.6616,-2.4951,0,0,0,0->0,0,0,0,0
119.4422,-2.8005,0,0,0,0->0,0,0,0,0
119.4872,-2.8005,0,0,0,0->0,0,0,0,0
119.4333,-2.796,0,0,0,0->0,0,0,0,0
119.4917,-2.796,0,0,0,0->0,0,0,0,0
119.4557,-2.7915,0,0,0,0->0,0,0,0,0
119.4333,-2.7735,0,1,1,0->1,1,0,0,0
119.4692,-2.7735,0,0,0,0->0,0,0,0,0
119.4288,-2.7691,0,0,0,0->0,0,0,0,0
119.4692,-2.7601,0,0,0,0->0,0,0,0,0
119.4288,-2.7556,0,0,0,0->0,0,0,0,0
119.4378,-2.7556,0,1,1,0->1,1,0,0,0
119.4647,-2.7511,0,0,0,0->0,0,0,0,0
119.4422,-2.7466,0,0,0,0->0,0,0,0,0
119.4647,-2.7421,0,0,0,0->0,0,0,0,0
119.4827,-2.7421,0,0,0,0->0,0,0,0,0
119.4961,-2.7331,0,1,1,0->1,1,0,0,0
119.4647,-2.7286,0,0,0,0->0,0,0,0,0
119.4378,-2.7196,0,0,0,0->0,0,0,0,0
119.4917,-2.7196,0,0,0,0->0,0,0,0,0
119.4647,-2.7152,0,0,0,0->0,0,0,0,0
119.4512,-2.7107,0,0,0,0->0,0,0,0,0
119.4333,-2.7017,0,0,0,0->0,0,0,0,0
119.4422,-2.7017,0,0,0,0->0,0,0,0,0
119.4872,-2.6972,0,0,0,0->0,0,0,0,0
119.4378,-2.6927,0,0,0,0->0,0,0,0,0
119.4512,-2.6837,0,0,0,0->0,0,0,0,0
119.4557,-2.6837,0,0,0,0->0,0,0,0,0
119.4647,-2.6792,0,0,0,0->0,0,0,0,0
119.4872,-2.6792,0,0,0,0->0,0,0,0,0
119.4243,-2.6747,0,0,0,0->0,0,0,0,0
119.4378,-2.6747,0,0,0,0->0,0,0,0,0
119.4827,-2.6702,0,0,0,0->0,0,0,0,0
119.4557,-2.6568,0,0,0,0->0,0,0,0,0
119.4827,-2.6568,0,1,1,0->1,1,0,0,0
119.4243,-2.6523,0,0,0,0->0,0,0,0,0
119.4917,-2.6523,0,0,0,0->0,0,0,0,0
119.4557,-2.6478,0,0,0,0->0,0,0,0,0
119.4647,-2.6433,0,0,0,0->0,0,0,0,0
119.4512,-2.6298,0,0,0,0->0,0,0,0,0
119.4647,-2.6208,0,0,0,0->0,0,0,0,0
119.4378,-2.6119,0,0,0,0->0,0,0,0,0
119.4422,-2.6119,0,0,0,0->0,0,0,0,0
119.4737,-2.6119,0,0,0,0->0,0,0,0,0
119.4422,-2.6074,0,0,0,0->0,0,0,0,0
119.4917,-2.6029,0,0,0,0->0,0,0,0,0
119.4467,-2.5984,0,0,0,0->0,0,0,0,0
119.4961,-2.5939,0,0,0,0->0,0,0,0,0
119.4333,-2.5894,0,0,0,0->0,0,0,0,0
119.4737,-2.5894,0,0,0,0->0,0,0,0,0
119.4557,-2.5849,0,0,0,0->0,0,0,0,0
119.4782,-2.5849,0,0,0,0->0,0,0,0,0
119.4827,-2.5849,0,0,0,0->0,0,0,0,0
119.4288,-2.5714,0,0,0,0->0,0,0,0,0
119.4333,-2.5714,0,0,0,0->0,0,0,0,0
119.4692,-2.5714,0,0,0,0->0,0,0,0,0
119.4333,-2.5669,0,0,0,0->0,0,0,0,0
119.4422,-2.5624,0,0,0,0->0,0,0,0,0
119.4872,-2.558,0,0,0,0->0,0,0,0,0
119.4917,-2.5535,0,0,0,0->0,0,0,0,0
119.4378,-2.549,0,0,0,0->0,0,0,0,0
119.4961,-2.5445,1,1,0,1->1,0,0,0,0
119.4647,-2.531,0,0,0,0->0,0,0,0,0
119.4288,-2.5265,0,0,0,0->0,0,0,0,0
119.4333,-2.5265,0,0,0,0->0,0,0,0,0
119.4333,-2.522,0,0,0,0->0,0,0,0,0
119.4378,-2.5175,0,0,0,0->0,0,0,0,0
119.4512,-2.5175,0,0,0,0->0,0,0,0,0
119.4961,-2.513,0,0,0,0->0,0,0,0,0
119.4243,-2.5085,0,0,0,0->0,0,0,0,0
119.4288,-2.5085,0,0,0,0->0,0,0,0,0
119.4557,-2.5085,1,0,1,1->0,0,1,0,0
119.4557,-2.5041,0,0,0,0->0,0,0,0,0
119.4872,-2.5041,1,1,0,1->1,0,0,0,0
119.4422,-2.4996,0,0,0,0->0,0,0,0,0
119.4692,-2.4996,0,0,0,0->0,0,0,0,0
119.4737,-2.4996,0,0,0,0->0,0,0,0,0
119.4782,-2.4996,0,0,0,0->0,0,0,0,0
119.4961,-2.4951,1,1,0,1->1,0,0,0,0
119.4647,-2.4906,1,1,0,1->1,0,0,0,0
119.4692,-2.4906,1,1,0,1->1,0,0,0,0
119.4782,-2.4906,0,0,0,0->0,0,0,0,0
119.4378,-2.4861,0,0,0,0->0,0,0,0,0
112.094,-2.4771,0,1,1,0->1,1,0,0,0
112.121,-2.4771,0,0,0,0->0,0,0,0,0
112.1345,-2.4771,1,1,0,1->1,0,0,0,0
112.1389,-2.4771,0,0,0,0->0,0,0,0,0
112.2378,-2.4771,0,0,0,0->0,0,0,0,0
112.2557,-2.4771,1,1,0,1->1,0,0,0,0
112.4129,-2.4771,0,0,0,0->0,0,0,0,0
112.5117,-2.4771,0,0,0,0->0,0,0,0,0
111.9907,-2.4726,0,1,1,0->1,1,0,0,0
112.0446,-2.4726,0,0,0,0->0,0,0,0,0
112.2153,-2.4726,1,1,0,1->1,0,0,0,0
112.2422,-2.4726,0,1,1,0->1,1,0,0,0
112.2467,-2.4726,0,0,0,0->0,0,0,0,0
112.3276,-2.4726,1,1,0,1->1,0,0,0,0
112.4578,-2.4726,0,0,0,0->0,0,0,0,0
112.5028,-2.4726,0,0,0,0->0,0,0,0,0
112.0581,-2.4681,0,0,0,0->0,0,0,0,0
112.13,-2.4681,0,0,0,0->0,0,0,0,0
112.2198,-2.4681,0,0,0,0->0,0,0,0,0
112.2827,-2.4681,0,1,1,0->1,1,0,0,0
112.4354,-2.4681,0,1,1,0->1,1,0,0,0
112.4578,-2.4681,1,0,1,1->0,0,1,0,0
111.9817,-2.4636,0,0,0,0->0,0,0,0,0
112.0042,-2.4636,1,1,0,1->1,0,0,0,0
112.0446,-2.4636,0,0,0,0->0,0,0,0,0
112.1524,-2.4636,0,1,1,0->1,1,0,0,0
112.2917,-2.4636,0,0,0,0->0,0,0,0,0
112.1255,-2.4591,1,0,1,1->0,0,1,0,0
112.1479,-2.4591,1,3,1,1->3,0,0,0,1
112.1569,-2.4591,1,0,1,1->0,0,1,0,0
112.2378,-2.4591,0,0,0,0->0,0,0,0,0
112.2872,-2.4591,0,0,0,0->0,0,0,0,0
112.359,-2.4591,0,0,0,0->0,0,0,0,0
112.3725,-2.4591,0,0,0,0->0,0,0,0,0
112.4219,-2.4591,0,0,0,0->0,0,0,0,0
112.4489,-2.4591,1,1,0,1->1,0,0,0,0
111.9952,-2.4546,0,0,0,0->0,0,0,0,0
112.2108,-2.4546,0,0,0,0->0,0,0,0,0
112.3051,-2.4546,0,0,0,0->0,0,0,0,0
112.3141,-2.4546,0,0,0,0->0,0,0,0,0
112.35,-2.4546,0,0,0,0->0,0,0,0,0
112.3815,-2.4546,0,0,0,0->0,0,0,0,0
112.4264,-2.4546,0,0,0,0->0,0,0,0,0
112.5117,-2.4546,0,0,0,0->0,0,0,0,0
112.5162,-2.4546,1,0,1,1->0,0,1,0,0
111.9728,-2.4502,1,1,0,1->1,0,0,0,0
112.2108,-2.4502,1,0,1,1->0,0,1,0,0
112.2602,-2.4502,0,1,1,0->1,1,0,0,0
112.3276,-2.4502,1,0,1,1->0,0,1,0,0
112.359,-2.4502,0,0,0,0->0,0,0,0,0
112.4039,-2.4502,0,0,0,0->0,0,0,0,0
112.4174,-2.4502,0,0,0,0->0,0,0,0,0
112.1524,-2.4457,0,0,0,0->0,0,0,0,0
112.2917,-2.4457,0,0,0,0->0,0,0,0,0
112.359,-2.4457,0,0,0,0->0,0,0,0,0
112.395,-2.4457,0,0,0,0->0,0,0,0,0
112.0177,-2.4412,0,0,0,0->0,0,0,0,0
112.3231,-2.4412,0,0,0,0->0,0,0,0,0
112.3411,-2.4412,0,0,0,0->0,0,0,0,0
112.4039,-2.4412,0,0,0,0->0,0,0,0,0
112.4399,-2.4412,0,1,1,0->1,1,0,0,0
112.4444,-2.4412,0,0,0,0->0,0,0,0,0
112.4534,-2.4412,0,0,0,0->0,0,0,0,0
112.5162,-2.4412,0,0,0,0->0,0,0,0,0
111.9503,-2.4367,0,0,0,0->0,0,0,0,0
112.2018,-2.4367,1,1,0,1->1,0,0,0,0
112.2467,-2.4367,0,0,0,0->0,0,0,0,0
112.2512,-2.4367,0,0,0,0->0,0,0,0,0
112.2827,-2.4367,0,1,1,0->1,1,0,0,0
112.3905,-2.4367,0,0,0,0->0,0,0,0,0
112.1345,-2.4322,0,1,1,0->1,1,0,0,0
112.1614,-2.4322,2,0,1,2->0,0,1,0,0
112.2422,-2.4322,0,0,0,0->0,0,0,0,0
112.3276,-2.4322,1,0,1,1->0,0,1,0,0
112.386,-2.4322,0,0,0,0->0,0,0,0,0
112.395,-2.4322,0,0,0,0->0,0,0,0,0
112.4848,-2.4322,0,0,0,0->0,0,0,0,0
112.0716,-2.4277,0,1,1,0->1,1,0,0,0
112.1614,-2.4277,0,0,0,0->0,0,0,0,0
112.1884,-2.4277,1,0,1,1->0,0,1,0,0
112.359,-2.4277,0,0,0,0->0,0,0,0,0
112.4084,-2.4277,0,0,0,0->0,0,0,0,0
111.9997,-2.4232,0,0,0,0->0,0,0,0,0
112.0401,-2.4232,0,0,0,0->0,0,0,0,0
112.0491,-2.4232,0,0,0,0->0,0,0,0,0
112.0895,-2.4232,0,0,0,0->0,0,0,0,0
112.094,-2.4232,0,0,0,0->0,0,0,0,0
112.1749,-2.4232,2,0,1,2->0,0,1,0,0
112.3905,-2.4232,0,0,0,0->0,0,0,0,0
112.4489,-2.4232,1,1,0,1->1,0,0,0,0
112.4758,-2.4232,0,0,0,0->0,0,0,0,0
112.4983,-2.4232,0,1,1,0->1,1,0,0,0
111.9772,-2.4187,0,0,0,0->0,0,0,0,0
112.0222,-2.4187,0,0,0,0->0,0,0,0,0
112.0356,-2.4187,0,1,1,0->1,1,0,0,0
112.0491,-2.4187,0,0,0,0->0,0,0,0,0
112.085,-2.4187,0,0,0,0->0,0,0,0,0
112.1614,-2.4187,2,0,1,2->0,0,1,0,0
112.3096,-2.4187,0,1,1,0->1,1,0,0,0
112.4983,-2.4187,1,1,0,1->1,0,0,0,0
111.9548,-2.4142,0,1,1,0->1,1,0,0,0
112.0222,-2.4142,0,0,0,0->0,0,0,0,0
112.0761,-2.4142,0,0,0,0->0,0,0,0,0
112.2737,-2.4142,0,0,0,0->0,0,0,0,0
112.2961,-2.4142,0,0,0,0->0,0,0,0,0
112.3051,-2.4142,0,0,0,0->0,0,0,0,0
112.4084,-2.4142,0,0,0,0->0,0,0,0,0
112.4938,-2.4142,0,1,1,0->1,1,0,0,0
112.1569,-2.4097,0,1,1,0->1,1,0,0,0
112.3006,-2.4097,0,0,0,0->0,0,0,0,0
112.3051,-2.4097,0,0,0,0->0,0,0,0,0
112.359,-2.4097,0,1,1,0->1,1,0,0,0
112.368,-2.4097,0,0,0,0->0,0,0,0,0
112.4668,-2.4097,0,0,0,0->0,0,0,0,0
112.4803,-2.4097,2,1,1,2->1,0,0,0,0
112.4848,-2.4097,1,1,0,1->1,0,0,0,0
112.1839,-2.4052,0,1,1,0->1,1,0,0,0
112.2063,-2.4052,0,1,1,0->1,1,0,0,0
112.3096,-2.4052,0,0,0,0->0,0,0,0,0
112.3995,-2.4052,0,0,0,0->0,0,0,0,0
112.4219,-2.4052,0,0,0,0->0,0,0,0,0
112.0177,-2.4007,0,0,0,0->0,0,0,0,0
112.1928,-2.4007,1,1,0,1->1,0,0,0,0
112.2467,-2.4007,0,0,0,0->0,0,0,0,0
112.2602,-2.4007,0,0,0,0->0,0,0,0,0
112.2737,-2.4007,0,1,1,0->1,1,0,0,0
112.3186,-2.4007,0,0,0,0->0,0,0,0,0
112.0222,-2.3963,0,0,0,0->0,0,0,0,0
112.2153,-2.3963,1,1,0,1->1,0,0,0,0
112.4174,-2.3963,0,0,0,0->0,0,0,0,0
112.4578,-2.3963,0,0,0,0->0,0,0,0,0
112.2243,-2.3918,0,0,0,0->0,0,0,0,0
112.2467,-2.3918,0,1,1,0->1,1,0,0,0
112.2602,-2.3918,0,0,0,0->0,0,0,0,0
112.377,-2.3918,0,0,0,0->0,0,0,0,0
112.4039,-2.3918,0,0,0,0->0,0,0,0,0
112.4983,-2.3918,0,0,0,0->0,0,0,0,0
112.0132,-2.3873,0,0,0,0->0,0,0,0,0
112.2512,-2.3873,0,2,1,0->2,1,0,1,0
112.3635,-2.3873,0,0,0,0->0,0,0,0,0
112.4399,-2.3873,0,0,0,0->0,0,0,0,0
112.4893,-2.3873,0,1,1,0->1,1,0,0,0
111.9638,-2.3828,0,1,1,0->1,1,0,0,0
111.9952,-2.3828,0,0,0,0->0,0,0,0,0
112.0087,-2.3828,0,0,0,0->0,0,0,0,0
112.0491,-2.3828,0,0,0,0->0,0,0,0,0
112.1479,-2.3828,0,1,1,0->1,1,0,0,0
112.2512,-2.3828,0,0,0,0->0,0,0,0,0
112.3725,-2.3828,0,0,0,0->0,0,0,0,0
112.395,-2.3828,0,0,0,0->0,0,0,0,0
112.4399,-2.3828,1,1,0,1->1,0,0,0,0
112.4489,-2.3828,0,0,0,0->0,0,0,0,0
112.4713,-2.3828,0,0,0,0->0,0,0,0,0
111.9862,-2.3783,0,0,0,0->0,0,0,0,0
112.0132,-2.3783,0,1,1,0->1,1,0,0,0
112.0356,-2.3783,0,0,0,0->0,0,0,0,0
112.1389,-2.3783,0,0,0,0->0,0,0,0,0
112.1479,-2.3783,0,1,1,0->1,1,0,0,0
112.2737,-2.3783,1,1,0,1->1,0,0,0,0
112.3141,-2.3783,0,0,0,0->0,0,0,0,0
112.359,-2.3783,0,0,0,0->0,0,0,0,0
112.4084,-2.3783,0,0,0,0->0,0,0,0,0
112.4264,-2.3783,0,0,0,0->0,0,0,0,0
112.4309,-2.3783,0,0,0,0->0,0,0,0,0
112.4399,-2.3783,1,1,0,1->1,0,0,0,0
112.5028,-2.3783,0,0,0,0->0,0,0,0,0
111.9548,-2.3738,0,0,0,0->0,0,0,0,0
111.9683,-2.3738,0,0,0,0->0,0,0,0,0
112.2737,-2.3738,0,1,1,0->1,1,0,0,0
112.3096,-2.3738,0,0,0,0->0,0,0,0,0
112.3366,-2.3738,0,0,0,0->0,0,0,0,0
112.35,-2.3738,0,1,1,0->1,1,0,0,0
112.4758,-2.3738,1,0,1,1->0,0,1,0,0
111.9503,-2.3693,0,0,0,0->0,0,0,0,0
111.9907,-2.3693,0,0,0,0->0,0,0,0,0
111.9952,-2.3693,0,0,0,0->0,0,0,0,0
112.1345,-2.3693,0,0,0,0->0,0,0,0,0
112.4354,-2.3693,1,1,0,1->1,0,0,0,0
112.4938,-2.3693,0,0,0,0->0,0,0,0,0
111.9817,-2.3648,0,0,0,0->0,0,0,0,0
112.1749,-2.3648,1,1,0,1->1,0,0,0,0
112.1794,-2.3648,0,1,1,0->1,1,0,0,0
112.2467,-2.3648,0,0,0,0->0,0,0,0,0
112.2737,-2.3648,0,0,0,0->0,0,0,0,0
112.2782,-2.3648,1,1,0,1->1,0,0,0,0
112.3456,-2.3648,0,1,1,0->1,1,0,0,0
112.4174,-2.3648,0,0,0,0->0,0,0,0,0
111.9638,-2.3603,0,0,0,0->0,0,0,0,0
111.9772,-2.3603,0,0,0,0->0,0,0,0,0
112.1659,-2.3603,1,1,0,1->1,0,0,0,0
112.35,-2.3603,1,1,0,1->1,0,0,0,0
112.3545,-2.3603,0,0,0,0->0,0,0,0,0
112.4309,-2.3603,0,0,0,0->0,0,0,0,0
112.5028,-2.3603,0,0,0,0->0,0,0,0,0
111.9548,-2.3558,0,0,0,0->0,0,0,0,0
111.9772,-2.3558,0,0,0,0->0,0,0,0,0
112.2198,-2.3558,0,1,1,0->1,1,0,0,0
112.2692,-2.3558,0,1,1,0->1,1,0,0,0
112.3411,-2.3558,1,1,0,1->1,0,0,0,0
112.4354,-2.3558,0,0,0,0->0,0,0,0,0
112.4668,-2.3558,1,2,1,1->2,0,0,1,0
112.5028,-2.3558,0,0,0,0->0,0,0,0,0
112.1524,-2.3513,1,1,0,1->1,0,0,0,0
112.1569,-2.3513,0,1,1,0->1,1,0,0,0
112.1973,-2.3513,0,0,0,0->0,0,0,0,0
112.2512,-2.3513,0,1,1,0->1,1,0,0,0
112.2737,-2.3513,0,1,1,0->1,1,0,0,0
112.3006,-2.3513,1,0,1,1->0,0,1,0,0
112.395,-2.3513,0,0,0,0->0,0,0,0,0
112.4084,-2.3513,0,0,0,0->0,0,0,0,0
112.4444,-2.3513,2,1,1,2->1,0,0,0,0
112.5028,-2.3513,0,0,0,0->0,0,0,0,0
112.094,-2.3468,0,0,0,0->0,0,0,0,0
112.1614,-2.3468,0,1,1,0->1,1,0,0,0
112.1973,-2.3468,0,0,0,0->0,0,0,0,0
112.2602,-2.3468,0,1,1,0->1,1,0,0,0
112.2827,-2.3468,0,0,0,0->0,0,0,0,0
112.359,-2.3468,0,0,0,0->0,0,0,0,0
112.386,-2.3468,0,0,0,0->0,0,0,0,0
111.9728,-2.3424,0,0,0,0->0,0,0,0,0
112.0042,-2.3424,0,0,0,0->0,0,0,0,0
112.1389,-2.3424,0,0,0,0->0,0,0,0,0
112.1479,-2.3424,0,0,0,0->0,0,0,0,0
112.1973,-2.3424,0,0,0,0->0,0,0,0,0
112.3006,-2.3424,0,0,0,0->0,0,0,0,0
112.4399,-2.3424,1,1,0,1->1,0,0,0,0
112.4668,-2.3424,1,2,1,1->2,0,0,1,0
112.085,-2.3379,0,0,0,0->0,0,0,0,0
112.0985,-2.3379,0,0,0,0->0,0,0,0,0
112.103,-2.3379,0,0,0,0->0,0,0,0,0
112.2467,-2.3379,0,0,0,0->0,0,0,0,0
112.2557,-2.3379,0,1,1,0->1,1,0,0,0
112.3006,-2.3379,0,0,0,0->0,0,0,0,0
112.359,-2.3379,0,0,0,0->0,0,0,0,0
112.4893,-2.3379,0,0,0,0->0,0,0,0,0
112.5207,-2.3379,0,0,0,0->0,0,0,0,0
112.0311,-2.3334,0,0,0,0->0,0,0,0,0
112.1614,-2.3334,1,1,0,1->1,0,0,0,0
112.2467,-2.3334,0,0,0,0->0,0,0,0,0
112.2692,-2.3334,0,1,1,0->1,1,0,0,0
112.3276,-2.3334,0,0,0,0->0,0,0,0,0
112.4938,-2.3334,0,0,0,0->0,0,0,0,0
112.0536,-2.3289,0,0,0,0->0,0,0,0,0
112.3141,-2.3289,1,2,1,1->2,0,0,1,0
112.3231,-2.3289,0,1,1,0->1,1,0,0,0
112.3276,-2.3289,0,0,0,0->0,0,0,0,0
112.4489,-2.3289,1,1,0,1->1,0,0,0,0
112.0311,-2.3244,1,0,1,1->0,0,1,0,0
112.0806,-2.3244,0,0,0,0->0,0,0,0,0
112.103,-2.3244,0,0,0,0->0,0,0,0,0
112.1075,-2.3244,0,0,0,0->0,0,0,0,0
112.112,-2.3244,0,0,0,0->0,0,0,0,0
112.1389,-2.3244,0,0,0,0->0,0,0,0,0
112.2378,-2.3244,0,0,0,0->0,0,0,0,0
112.2647,-2.3244,0,2,1,0->2,1,0,1,0
112.368,-2.3244,0,0,0,0->0,0,0,0,0
112.4174,-2.3244,0,0,0,0->0,0,0,0,0
112.4489,-2.3244,1,1,0,1->1,0,0,0,0
112.4803,-2.3244,0,0,0,0->0,0,0,0,0
111.9593,-2.3199,0,0,0,0->0,0,0,0,0
111.9728,-2.3199,0,0,0,0->0,0,0,0,0
112.0446,-2.3199,0,0,0,0->0,0,0,0,0
112.0536,-2.3199,0,0,0,0->0,0,0,0,0
112.1839,-2.3199,0,2,1,0->2,1,0,1,0
112.1884,-2.3199,1,1,0,1->1,0,0,0,0
112.2198,-2.3199,1,2,1,1->2,0,0,1,0
112.2422,-2.3199,0,0,0,0->0,0,0,0,0
112.3096,-2.3199,0,0,0,0->0,0,0,0,0
112.4848,-2.3199,0,0,0,0->0,0,0,0,0
112.0446,-2.3154,0,0,0,0->0,0,0,0,0
112.1704,-2.3154,1,0,1,1->0,0,1,0,0
112.2692,-2.3154,0,1,1,0->1,1,0,0,0
112.4264,-2.3154,0,0,0,0->0,0,0,0,0
112.4623,-2.3154,1,1,0,1->1,0,0,0,0
112.5207,-2.3154,0,0,0,0->0,0,0,0,0
111.9548,-2.3109,0,0,0,0->0,0,0,0,0
111.9772,-2.3109,0,1,1,0->1,1,0,0,0
111.9862,-2.3109,0,0,0,0->0,0,0,0,0
112.0267,-2.3109,0,0,0,0->0,0,0,0,0
112.0311,-2.3109,0,0,0,0->0,0,0,0,0
112.0626,-2.3109,0,0,0,0->0,0,0,0,0
112.1479,-2.3109,0,0,0,0->0,0,0,0,0
112.1839,-2.3109,1,0,1,1->0,0,1,0,0
112.1973,-2.3109,0,0,0,0->0,0,0,0,0
112.2153,-2.3109,0,0,0,0->0,0,0,0,0
112.2737,-2.3109,0,0,0,0->0,0,0,0,0
112.3231,-2.3109,0,0,0,0->0,0,0,0,0
112.368,-2.3109,0,0,0,0->0,0,0,0,0
112.4039,-2.3109,0,0,0,0->0,0,0,0,0
111.9638,-2.3064,0,0,0,0->0,0,0,0,0
112.2422,-2.3064,1,1,0,1->1,0,0,0,0
112.2827,-2.3064,0,0,0,0->0,0,0,0,0
112.35,-2.3064,0,0,0,0->0,0,0,0,0
112.3995,-2.3064,0,0,0,0->0,0,0,0,0
111.9772,-2.3019,0,0,0,0->0,0,0,0,0
111.9817,-2.3019,0,0,0,0->0,0,0,0,0
112.0042,-2.3019,0,0,0,0->0,0,0,0,0
112.0087,-2.3019,0,0,0,0->0,0,0,0,0
112.0267,-2.3019,0,0,0,0->0,0,0,0,0
112.0491,-2.3019,0,0,0,0->0,0,0,0,0
112.0716,-2.3019,0,0,0,0->0,0,0,0,0
112.1524,-2.3019,0,1,1,0->1,1,0,0,0
112.1569,-2.3019,0,0,0,0->0,0,0,0,0
112.1794,-2.3019,0,0,0,0->0,0,0,0,0
112.2602,-2.3019,0,1,1,0->1,1,0,0,0
112.2827,-2.3019,0,0,0,0->0,0,0,0,0
112.2872,-2.3019,0,0,0,0->0,0,0,0,0
112.2961,-2.3019,0,0,0,0->0,0,0,0,0
111.9593,-2.2974,0,0,0,0->0,0,0,0,0
112.0042,-2.2974,1,1,0,1->1,0,0,0,0
112.0087,-2.2974,1,1,0,1->1,0,0,0,0
112.0761,-2.2974,1,0,1,1->0,0,1,0,0
112.368,-2.2974,0,0,0,0->0,0,0,0,0
111.9683,-2.2929,0,0,0,0->0,0,0,0,0
112.0311,-2.2929,0,0,0,0->0,0,0,0,0
112.1434,-2.2929,0,0,0,0->0,0,0,0,0
112.1839,-2.2929,1,0,1,1->0,0,1,0,0
112.1884,-2.2929,0,1,1,0->1,1,0,0,0
112.3186,-2.2929,0,1,1,0->1,1,0,0,0
112.4938,-2.2929,0,0,0,0->0,0,0,0,0
111.9817,-2.2885,0,0,0,0->0,0,0,0,0
112.0132,-2.2885,0,0,0,0->0,0,0,0,0
112.1704,-2.2885,1,0,1,1->0,0,1,0,0
112.1973,-2.2885,0,2,1,0->2,1,0,1,0
112.386,-2.2885,0,0,0,0->0,0,0,0,0
112.3905,-2.2885,0,0,0,0->0,0,0,0,0
112.2647,-2.284,0,1,1,0->1,1,0,0,0
112.2737,-2.284,0,1,1,0->1,1,0,0,0
112.3276,-2.284,0,1,1,0->1,1,0,0,0
112.3366,-2.284,0,0,0,0->0,0,0,0,0
112.3905,-2.284,0,0,0,0->0,0,0,0,0
112.4983,-2.284,0,0,0,0->0,0,0,0,0
112.0087,-2.2795,0,0,0,0->0,0,0,0,0
112.0311,-2.2795,0,0,0,0->0,0,0,0,0
112.103,-2.2795,0,0,0,0->0,0,0,0,0
112.1884,-2.2795,1,0,1,1->0,0,1,0,0
112.2243,-2.2795,0,0,0,0->0,0,0,0,0
112.3051,-2.2795,1,0,1,1->0,0,1,0,0
112.3231,-2.2795,0,0,0,0->0,0,0,0,0
112.377,-2.2795,0,0,0,0->0,0,0,0,0
112.3321,-2.275,0,0,0,0->0,0,0,0,0
112.0042,-2.2705,0,0,0,0->0,0,0,0,0
112.1839,-2.2705,0,1,1,0->1,1,0,0,0
112.2378,-2.2705,1,1,0,1->1,0,0,0,0
112.3141,-2.2705,0,0,0,0->0,0,0,0,0
112.3905,-2.2705,0,0,0,0->0,0,0,0,0
112.4938,-2.2705,0,0,0,0->0,0,0,0,0
112.0536,-2.266,0,1,1,0->1,1,0,0,0
112.1839,-2.266,0,0,0,0->0,0,0,0,0
112.3186,-2.266,0,0,0,0->0,0,0,0,0
112.3456,-2.266,0,0,0,0->0,0,0,0,0
112.4309,-2.266,0,0,0,0->0,0,0,0,0
112.4758,-2.266,2,1,1,2->1,0,0,0,0
111.9862,-2.2615,0,0,0,0->0,0,0,0,0
111.9997,-2.2615,0,0,0,0->0,0,0,0,0
112.0177,-2.2615,0,0,0,0->0,0,0,0,0
112.1075,-2.2615,0,0,0,0->0,0,0,0,0
112.2153,-2.2615,0,0,0,0->0,0,0,0,0
112.2378,-2.2615,0,0,0,0->0,0,0,0,0
112.3725,-2.2615,0,0,0,0->0,0,0,0,0
112.4983,-2.2615,0,0,0,0->0,0,0,0,0
112.103,-2.257,0,0,0,0->0,0,0,0,0
112.1389,-2.257,0,0,0,0->0,0,0,0,0
112.2512,-2.257,0,0,0,0->0,0,0,0,0
112.386,-2.257,0,0,0,0->0,0,0,0,0
112.0446,-2.2525,0,0,0,0->0,0,0,0,0
112.0806,-2.2525,0,1,1,0->1,1,0,0,0
112.1614,-2.2525,1,0,1,1->0,0,1,0,0
112.1884,-2.2525,0,0,0,0->0,0,0,0,0
112.2198,-2.2525,1,1,0,1->1,0,0,0,0
112.2333,-2.2525,0,0,0,0->0,0,0,0,0
112.2378,-2.2525,0,0,0,0->0,0,0,0,0
112.2557,-2.2525,0,1,1,0->1,1,0,0,0
112.4084,-2.2525,1,1,0,1->1,0,0,0,0
112.5073,-2.2525,0,0,0,0->0,0,0,0,0
111.9772,-2.248,0,0,0,0->0,0,0,0,0
112.094,-2.248,0,0,0,0->0,0,0,0,0
112.13,-2.248,0,0,0,0->0,0,0,0,0
112.2243,-2.248,0,1,1,0->1,1,0,0,0
112.3141,-2.248,0,0,0,0->0,0,0,0,0
112.377,-2.248,0,2,1,0->2,1,0,1,0
112.4174,-2.248,0,0,0,0->0,0,0,0,0
112.4219,-2.248,0,0,0,0->0,0,0,0,0
112.4803,-2.248,1,1,0,1->1,0,0,0,0
112.5073,-2.248,0,0,0,0->0,0,0,0,0
111.9503,-2.2435,0,0,0,0->0,0,0,0,0
112.0042,-2.2435,0,1,1,0->1,1,0,0,0
112.0626,-2.2435,0,1,1,0->1,1,0,0,0
112.1569,-2.2435,1,0,1,1->0,0,1,0,0
112.1928,-2.2435,1,1,0,1->1,0,0,0,0
112.2512,-2.2435,0,0,0,0->0,0,0,0,0
112.2872,-2.2435,0,0,0,0->0,0,0,0,0
112.3186,-2.2435,0,0,0,0->0,0,0,0,0
112.395,-2.2435,0,0,0,0->0,0,0,0,0
112.1165,-2.2391,0,0,0,0->0,0,0,0,0
112.1524,-2.2391,0,0,0,0->0,0,0,0,0
112.2153,-2.2391,0,0,0,0->0,0,0,0,0
112.3321,-2.2391,0,0,0,0->0,0,0,0,0
112.3545,-2.2391,0,0,0,0->0,0,0,0,0
111.9728,-2.2346,0,0,0,0->0,0,0,0,0
111.9907,-2.2346,0,0,0,0->0,0,0,0,0
112.0446,-2.2346,0,0,0,0->0,0,0,0,0
112.2602,-2.2346,0,0,0,0->0,0,0,0,0
112.4848,-2.2346,0,0,0,0->0,0,0,0,0
111.9593,-2.2301,0,0,0,0->0,0,0,0,0
111.9817,-2.2301,0,2,1,0->2,1,0,1,0
111.9862,-2.2301,0,0,0,0->0,0,0,0,0
112.0042,-2.2301,0,0,0,0->0,0,0,0,0
112.0267,-2.2301,0,1,1,0->1,1,0,0,0
112.0626,-2.2301,0,0,0,0->0,0,0,0,0
112.0895,-2.2301,0,0,0,0->0,0,0,0,0
112.2018,-2.2301,0,0,0,0->0,0,0,0,0
112.2467,-2.2301,0,0,0,0->0,0,0,0,0
112.2602,-2.2301,0,1,1,0->1,1,0,0,0
112.3051,-2.2301,0,0,0,0->0,0,0,0,0
112.4219,-2.2301,0,0,0,0->0,0,0,0,0
112.4354,-2.2301,0,0,0,0->0,0,0,0,0
111.9638,-2.2256,0,0,0,0->0,0,0,0,0
112.0446,-2.2256,0,0,0,0->0,0,0,0,0
112.2378,-2.2256,0,0,0,0->0,0,0,0,0
112.3141,-2.2256,0,0,0,0->0,0,0,0,0
112.3366,-2.2256,0,0,0,0->0,0,0,0,0
112.4219,-2.2256,0,2,1,0->2,1,0,1,0
112.4489,-2.2256,1,0,1,1->0,0,1,0,0
112.4938,-2.2256,2,2,0,2->2,0,0,0,0
112.5207,-2.2256,0,0,0,0->0,0,0,0,0
111.9997,-2.2211,0,0,0,0->0,0,0,0,0
112.1389,-2.2211,0,0,0,0->0,0,0,0,0
112.2467,-2.2211,0,0,0,0->0,0,0,0,0
112.4983,-2.2211,0,0,0,0->0,0,0,0,0
112.0536,-2.2166,0,0,0,0->0,0,0,0,0
112.0761,-2.2166,0,0,0,0->0,0,0,0,0
112.1434,-2.2166,1,0,1,1->0,0,1,0,0
112.1569,-2.2166,0,0,0,0->0,0,0,0,0
112.2063,-2.2166,0,0,0,0->0,0,0,0,0
112.2378,-2.2166,1,1,0,1->1,0,0,0,0
112.3366,-2.2166,0,1,1,0->1,1,0,0,0
112.4668,-2.2166,2,2,0,2->2,0,0,0,0
112.5162,-2.2166,0,0,0,0->0,0,0,0,0
111.9638,-2.2121,1,1,0,1->1,0,0,0,0
111.9817,-2.2121,0,0,0,0->0,0,0,0,0
112.0446,-2.2121,0,1,1,0->1,1,0,0,0
112.0895,-2.2121,0,0,0,0->0,0,0,0,0
112.1255,-2.2121,1,0,1,1->0,0,1,0,0
112.1569,-2.2121,0,0,0,0->0,0,0,0,0
112.3545,-2.2121,0,0,0,0->0,0,0,0,0
112.3635,-2.2121,0,0,0,0->0,0,0,0,0
112.377,-2.2121,0,1,1,0->1,1,0,0,0
112.4084,-2.2121,0,2,1,0->2,1,0,1,0
111.9907,-2.2076,0,0,0,0->0,0,0,0,0
112.0311,-2.2076,0,0,0,0->0,0,0,0,0
112.0356,-2.2076,0,2,1,0->2,1,0,1,0
112.121,-2.2076,1,1,0,1->1,0,0,0,0
112.1928,-2.2076,0,1,1,0->1,1,0,0,0
112.2153,-2.2076,0,0,0,0->0,0,0,0,0
112.2647,-2.2076,0,0,0,0->0,0,0,0,0
112.2692,-2.2076,0,1,1,0->1,1,0,0,0
112.3096,-2.2076,0,2,1,0->2,1,0,1,0
112.3456,-2.2076,0,0,0,0->0,0,0,0,0
112.4129,-2.2076,0,1,1,0->1,1,0,0,0
111.9997,-2.2031,0,0,0,0->0,0,0,0,0
112.3366,-2.2031,0,0,0,0->0,0,0,0,0
112.3456,-2.2031,0,0,0,0->0,0,0,0,0
112.3725,-2.2031,0,0,0,0->0,0,0,0,0
112.3815,-2.2031,0,0,0,0->0,0,0,0,0
112.5162,-2.2031,0,1,1,0->1,1,0,0,0
111.9728,-2.1986,0,1,1,0->1,1,0,0,0
112.0446,-2.1986,0,1,1,0->1,1,0,0,0
112.1794,-2.1986,1,0,1,1->0,0,1,0,0
112.2288,-2.1986,0,0,0,0->0,0,0,0,0
112.377,-2.1986,0,0,0,0->0,0,0,0,0
112.3995,-2.1986,1,2,1,1->2,0,0,1,0
111.9907,-2.1941,0,0,0,0->0,0,0,0,0
112.0087,-2.1941,0,1,1,0->1,1,0,0,0
112.0132,-2.1941,0,0,0,0->0,0,0,0,0
112.1075,-2.1941,0,0,0,0->0,0,0,0,0
112.1434,-2.1941,0,1,1,0->1,1,0,0,0
112.0132,-2.1896,1,1,0,1->1,0,0,0,0
112.0536,-2.1896,0,1,1,0->1,1,0,0,0
112.1479,-2.1896,0,0,0,0->0,0,0,0,0
112.1524,-2.1896,0,1,1,0->1,1,0,0,0
112.1749,-2.1896,1,0,1,1->0,0,1,0,0
112.2108,-2.1896,0,0,0,0->0,0,0,0,0
112.2422,-2.1896,0,1,1,0->1,1,0,0,0
112.2692,-2.1896,0,0,0,0->0,0,0,0,0
112.3276,-2.1896,0,0,0,0->0,0,0,0,0
112.4219,-2.1896,0,0,0,0->0,0,0,0,0
112.0177,-2.1852,0,0,0,0->0,0,0,0,0
112.0311,-2.1852,0,1,1,0->1,1,0,0,0
112.0401,-2.1852,0,0,0,0->0,0,0,0,0
112.0671,-2.1852,0,0,0,0->0,0,0,0,0
112.103,-2.1852,0,0,0,0->0,0,0,0,0
112.3096,-2.1852,0,0,0,0->0,0,0,0,0
112.377,-2.1852,1,0,1,1->0,0,1,0,0
112.4264,-2.1852,1,0,1,1->0,0,1,0,0
112.4578,-2.1852,0,0,0,0->0,0,0,0,0
112.5073,-2.1852,2,2,0,2->2,0,0,0,0
112.0401,-2.1807,0,0,0,0->0,0,0,0,0
112.1165,-2.1807,0,0,0,0->0,0,0,0,0
112.2333,-2.1807,0,0,0,0->0,0,0,0,0
112.2827,-2.1807,0,1,1,0->1,1,0,0,0
112.3635,-2.1807,0,0,0,0->0,0,0,0,0
112.3995,-2.1807,0,0,0,0->0,0,0,0,0
112.4848,-2.1807,1,1,0,1->1,0,0,0,0
112.4983,-2.1807,0,0,0,0->0,0,0,0,0
112.5117,-2.1807,1,1,0,1->1,0,0,0,0
112.5162,-2.1807,2,2,0,2->2,0,0,0,0
112.0087,-2.1762,0,0,0,0->0,0,0,0,0
112.0806,-2.1762,0,0,0,0->0,0,0,0,0
112.1614,-2.1762,0,1,1,0->1,1,0,0,0
112.2198,-2.1762,0,0,0,0->0,0,0,0,0
112.2333,-2.1762,0,0,0,0->0,0,0,0,0
112.2647,-2.1762,1,0,1,1->0,0,1,0,0
112.2782,-2.1762,0,1,1,0->1,1,0,0,0
112.368,-2.1762,0,0,0,0->0,0,0,0,0
112.3815,-2.1762,1,0,1,1->0,0,1,0,0
112.4084,-2.1762,0,0,0,0->0,0,0,0,0
112.4713,-2.1762,1,1,0,1->1,0,0,0,0
112.4848,-2.1762,2,2,0,2->2,0,0,0,0
112.0985,-2.1717,0,0,0,0->0,0,0,0,0
112.1704,-2.1717,0,0,0,0->0,0,0,0,0
112.2018,-2.1717,0,0,0,0->0,0,0,0,0
112.2467,-2.1717,0,0,0,0->0,0,0,0,0
112.2961,-2.1717,0,0,0,0->0,0,0,0,0
112.377,-2.1717,0,1,1,0->1,1,0,0,0
111.9817,-2.1672,0,0,0,0->0,0,0,0,0
112.0895,-2.1672,0,0,0,0->0,0,0,0,0
112.4039,-2.1672,3,0,1,3->0,0,1,0,0
112.4309,-2.1672,0,0,0,0->0,0,0,0,0
112.4623,-2.1672,1,1,0,1->1,0,0,0,0
111.9683,-2.1627,0,0,0,0->0,0,0,0,0
112.0985,-2.1627,0,1,1,0->1,1,0,0,0
112.1569,-2.1627,0,0,0,0->0,0,0,0,0
112.1704,-2.1627,0,0,0,0->0,0,0,0,0
112.1839,-2.1627,0,0,0,0->0,0,0,0,0
112.2422,-2.1627,0,0,0,0->0,0,0,0,0
112.2602,-2.1627,0,0,0,0->0,0,0,0,0
112.3725,-2.1627,0,0,0,0->0,0,0,0,0
112.0267,-2.1582,0,0,0,0->0,0,0,0,0
112.0356,-2.1582,0,0,0,0->0,0,0,0,0
112.0806,-2.1582,0,0,0,0->0,0,0,0,0
112.1345,-2.1582,0,0,0,0->0,0,0,0,0
112.3815,-2.1582,0,0,0,0->0,0,0,0,0
112.4668,-2.1582,1,1,0,1->1,0,0,0,0
112.4848,-2.1582,2,3,1,2->3,0,0,0,1
111.9638,-2.1537,0,0,0,0->0,0,0,0,0
111.9728,-2.1537,0,0,0,0->0,0,0,0,0
112.0177,-2.1537,0,1,1,0->1,1,0,0,0
112.0671,-2.1537,0,0,0,0->0,0,0,0,0
112.1659,-2.1537,1,1,0,1->1,0,0,0,0
112.2243,-2.1537,0,0,0,0->0,0,0,0,0
112.2737,-2.1537,0,1,1,0->1,1,0,0,0
112.395,-2.1537,0,0,0,0->0,0,0,0,0
112.4039,-2.1537,0,0,0,0->0,0,0,0,0
112.4264,-2.1537,0,0,0,0->0,0,0,0,0
112.0222,-2.1492,0,0,0,0->0,0,0,0,0
112.4039,-2.1492,0,0,0,0->0,0,0,0,0
112.4264,-2.1492,0,0,0,0->0,0,0,0,0
112.4354,-2.1492,0,0,0,0->0,0,0,0,0
112.4578,-2.1492,3,1,1,3->1,0,0,0,0
111.9952,-2.1447,0,0,0,0->0,0,0,0,0
112.0311,-2.1447,0,0,0,0->0,0,0,0,0
112.1749,-2.1447,0,0,0,0->0,0,0,0,0
112.1973,-2.1447,0,0,0,0->0,0,0,0,0
112.2333,-2.1447,0,0,0,0->0,0,0,0,0
112.3321,-2.1447,0,0,0,0->0,0,0,0,0
112.386,-2.1447,0,0,0,0->0,0,0,0,0
112.4444,-2.1447,1,1,0,1->1,0,0,0,0
111.9997,-2.1402,0,0,0,0->0,0,0,0,0
112.0132,-2.1402,0,0,0,0->0,0,0,0,0
112.0267,-2.1402,0,0,0,0->0,0,0,0,0
112.085,-2.1402,2,1,1,2->1,0,0,0,0
112.121,-2.1402,0,0,0,0->0,0,0,0,0
112.1973,-2.1402,0,0,0,0->0,0,0,0,0
112.2872,-2.1402,0,0,0,0->0,0,0,0,0
112.35,-2.1402,0,0,0,0->0,0,0,0,0
112.4354,-2.1402,0,0,0,0->0,0,0,0,0
112.094,-2.1357,0,0,0,0->0,0,0,0,0
112.0985,-2.1357,0,0,0,0->0,0,0,0,0
112.2422,-2.1357,0,0,0,0->0,0,0,0,0
112.2692,-2.1357,0,0,0,0->0,0,0,0,0
111.9772,-2.1313,0,1,1,0->1,1,0,0,0
112.0536,-2.1313,0,0,0,0->0,0,0,0,0
112.0626,-2.1313,1,1,0,1->1,0,0,0,0
112.121,-2.1313,0,0,0,0->0,0,0,0,0
112.1479,-2.1313,0,0,0,0->0,0,0,0,0
112.3545,-2.1313,0,0,0,0->0,0,0,0,0
112.359,-2.1313,0,0,0,0->0,0,0,0,0
112.3815,-2.1313,0,0,0,0->0,0,0,0,0
112.395,-2.1313,0,1,1,0->1,1,0,0,0
112.3995,-2.1313,0,0,0,0->0,0,0,0,0
112.4309,-2.1313,0,0,0,0->0,0,0,0,0
112.4354,-2.1313,1,1,0,1->1,0,0,0,0
112.121,-2.1268,1,1,0,1->1,0,0,0,0
112.1345,-2.1268,0,0,0,0->0,0,0,0,0
112.3186,-2.1268,1,0,1,1->0,0,1,0,0
112.359,-2.1268,0,0,0,0->0,0,0,0,0
112.3725,-2.1268,0,0,0,0->0,0,0,0,0
112.4983,-2.1268,0,0,0,0->0,0,0,0,0
112.5028,-2.1268,0,0,0,0->0,0,0,0,0
111.9503,-2.1223,0,1,1,0->1,1,0,0,0
112.0491,-2.1223,0,2,1,0->2,1,0,1,0
112.1345,-2.1223,0,1,1,0->1,1,0,0,0
112.1524,-2.1223,0,1,1,0->1,1,0,0,0
112.1973,-2.1223,0,0,0,0->0,0,0,0,0
112.35,-2.1223,0,0,0,0->0,0,0,0,0
112.368,-2.1223,0,1,1,0->1,1,0,0,0
111.9862,-2.1178,0,0,0,0->0,0,0,0,0
112.0132,-2.1178,1,1,0,1->1,0,0,0,0
112.0491,-2.1178,0,0,0,0->0,0,0,0,0
112.2557,-2.1178,0,0,0,0->0,0,0,0,0
112.4264,-2.1178,0,0,0,0->0,0,0,0,0
112.4713,-2.1178,1,1,0,1->1,0,0,0,0
112.5028,-2.1178,0,0,0,0->0,0,0,0,0
112.0042,-2.1133,1,0,1,1->0,0,1,0,0
112.0356,-2.1133,1,0,1,1->0,0,1,0,0
112.13,-2.1133,0,0,0,0->0,0,0,0,0
112.2467,-2.1133,0,0,0,0->0,0,0,0,0
112.3545,-2.1133,0,0,0,0->0,0,0,0,0
112.377,-2.1133,0,0,0,0->0,0,0,0,0
112.4848,-2.1133,2,1,1,2->1,0,0,0,0
111.9638,-2.1088,0,0,0,0->0,0,0,0,0
111.9772,-2.1088,1,1,0,1->1,0,0,0,0
112.0895,-2.1088,0,0,0,0->0,0,0,0,0
112.121,-2.1088,1,3,1,1->3,0,0,0,1
112.13,-2.1088,0,0,0,0->0,0,0,0,0
112.1884,-2.1088,0,1,1,0->1,1,0,0,0
112.2782,-2.1088,0,0,0,0->0,0,0,0,0
112.2961,-2.1088,0,0,0,0->0,0,0,0,0
112.368,-2.1088,0,0,0,0->0,0,0,0,0
112.3905,-2.1088,0,0,0,0->0,0,0,0,0
112.1659,-2.1043,0,0,0,0->0,0,0,0,0
112.2288,-2.1043,0,0,0,0->0,0,0,0,0
112.2512,-2.1043,0,1,1,0->1,1,0,0,0
112.2737,-2.1043,0,1,1,0->1,1,0,0,0
112.3456,-2.1043,1,0,1,1->0,0,1,0,0
112.4039,-2.1043,0,0,0,0->0,0,0,0,0
112.4399,-2.1043,0,0,0,0->0,0,0,0,0
112.4534,-2.1043,0,0,0,0->0,0,0,0,0
112.4803,-2.1043,0,1,1,0->1,1,0,0,0
112.0671,-2.0998,1,1,0,1->1,0,0,0,0
112.3186,-2.0998,0,1,1,0->1,1,0,0,0
112.4084,-2.0998,0,0,0,0->0,0,0,0,0
111.9593,-2.0953,0,0,0,0->0,0,0,0,0
112.0356,-2.0953,0,0,0,0->0,0,0,0,0
112.0446,-2.0953,1,0,1,1->0,0,1,0,0
112.2782,-2.0953,0,0,0,0->0,0,0,0,0
112.377,-2.0953,0,0,0,0->0,0,0,0,0
112.4084,-2.0953,0,0,0,0->0,0,0,0,0
112.4354,-2.0953,0,0,0,0->0,0,0,0,0
112.4713,-2.0953,0,0,0,0->0,0,0,0,0
112.0311,-2.0908,0,0,0,0->0,0,0,0,0
112.0806,-2.0908,1,1,0,1->1,0,0,0,0
112.1165,-2.0908,1,1,0,1->1,0,0,0,0
112.2198,-2.0908,0,0,0,0->0,0,0,0,0
112.2333,-2.0908,0,0,0,0->0,0,0,0,0
112.3366,-2.0908,2,0,1,2->0,0,1,0,0
112.3456,-2.0908,1,0,1,1->0,0,1,0,0
112.3545,-2.0908,0,0,0,0->0,0,0,0,0
112.4489,-2.0908,0,0,0,0->0,0,0,0,0
111.9638,-2.0863,1,0,1,1->0,0,1,0,0
111.9728,-2.0863,0,1,1,0->1,1,0,0,0
112.3141,-2.0863,1,0,1,1->0,0,1,0,0
112.3995,-2.0863,0,0,0,0->0,0,0,0,0
112.4264,-2.0863,0,0,0,0->0,0,0,0,0
112.4578,-2.0863,1,1,0,1->1,0,0,0,0
112.121,-2.0818,1,1,0,1->1,0,0,0,0
112.13,-2.0818,1,3,1,1->3,0,0,0,1
112.1839,-2.0818,0,0,0,0->0,0,0,0,0
112.2737,-2.0818,0,1,1,0->1,1,0,0,0
112.3231,-2.0818,1,0,1,1->0,0,1,0,0
112.3276,-2.0818,1,0,1,1->0,0,1,0,0
112.4489,-2.0818,0,0,0,0->0,0,0,0,0
112.4803,-2.0818,0,0,0,0->0,0,0,0,0
111.9907,-2.0774,0,0,0,0->0,0,0,0,0
112.2018,-2.0774,0,0,0,0->0,0,0,0,0
111.9952,-2.0729,0,0,0,0->0,0,0,0,0
112.103,-2.0729,1,0,1,1->0,0,1,0,0
112.1165,-2.0729,0,0,0,0->0,0,0,0,0
112.1255,-2.0729,1,1,0,1->1,0,0,0,0
112.1434,-2.0729,1,0,1,1->0,0,1,0,0
112.2108,-2.0729,0,0,0,0->0,0,0,0,0
112.2153,-2.0729,0,0,0,0->0,0,0,0,0
112.2737,-2.0729,0,0,0,0->0,0,0,0,0
112.2827,-2.0729,1,0,1,1->0,0,1,0,0
112.3186,-2.0729,0,0,0,0->0,0,0,0,0
112.3545,-2.0729,0,0,0,0->0,0,0,0,0
112.368,-2.0729,0,0,0,0->0,0,0,0,0
111.9997,-2.0684,1,0,1,1->0,0,1,0,0
112.1839,-2.0684,0,0,0,0->0,0,0,0,0
112.1973,-2.0684,0,1,1,0->1,1,0,0,0
112.3096,-2.0684,1,0,1,1->0,0,1,0,0
112.3141,-2.0684,1,0,1,1->0,0,1,0,0
112.4399,-2.0684,0,0,0,0->0,0,0,0,0
112.4758,-2.0684,0,0,0,0->0,0,0,0,0
111.9548,-2.0639,0,0,0,0->0,0,0,0,0
112.368,-2.0639,0,0,0,0->0,0,0,0,0
112.3905,-2.0639,0,1,1,0->1,1,0,0,0
112.4174,-2.0639,0,0,0,0->0,0,0,0,0
112.4983,-2.0639,0,0,0,0->0,0,0,0,0
111.9593,-2.0594,0,1,1,0->1,1,0,0,0
111.9817,-2.0594,0,1,1,0->1,1,0,0,0
112.1794,-2.0594,1,0,1,1->0,0,1,0,0
112.2243,-2.0594,0,0,0,0->0,0,0,0,0
112.2422,-2.0594,0,1,1,0->1,1,0,0,0
112.3366,-2.0594,0,0,0,0->0,0,0,0,0
112.3815,-2.0594,0,0,0,0->0,0,0,0,0
112.4309,-2.0594,0,1,1,0->1,1,0,0,0
112.4623,-2.0594,0,0,0,0->0,0,0,0,0
111.9503,-2.0549,0,2,1,0->2,1,0,1,0
111.9952,-2.0549,0,0,0,0->0,0,0,0,0
112.0177,-2.0549,0,0,0,0->0,0,0,0,0
112.0401,-2.0549,1,1,0,1->1,0,0,0,0
112.2422,-2.0549,1,0,1,1->0,0,1,0,0
112.2737,-2.0549,0,0,0,0->0,0,0,0,0
112.2872,-2.0549,0,0,0,0->0,0,0,0,0
112.395,-2.0549,0,0,0,0->0,0,0,0,0
112.4174,-2.0549,0,0,0,0->0,0,0,0,0
111.9952,-2.0504,0,0,0,0->0,0,0,0,0
112.0311,-2.0504,0,0,0,0->0,0,0,0,0
112.0626,-2.0504,0,0,0,0->0,0,0,0,0
112.0985,-2.0504,0,0,0,0->0,0,0,0,0
112.1614,-2.0504,1,0,1,1->0,0,1,0,0
112.3096,-2.0504,0,0,0,0->0,0,0,0,0
112.3231,-2.0504,0,0,0,0->0,0,0,0,0
112.386,-2.0504,0,0,0,0->0,0,0,0,0
112.4803,-2.0504,0,0,0,0->0,0,0,0,0
112.4848,-2.0504,0,0,0,0->0,0,0,0,0
111.9503,-2.0459,1,0,1,1->0,0,1,0,0
111.9548,-2.0459,0,1,1,0->1,1,0,0,0
112.0985,-2.0459,0,0,0,0->0,0,0,0,0
112.1255,-2.0459,0,0,0,0->0,0,0,0,0
112.1614,-2.0459,1,0,1,1->0,0,1,0,0
112.5028,-2.0459,0,0,0,0->0,0,0,0,0
111.9728,-2.0414,0,1,1,0->1,1,0,0,0
111.9862,-2.0414,0,1,1,0->1,1,0,0,0
112.0311,-2.0414,0,0,0,0->0,0,0,0,0
112.0356,-2.0414,0,0,0,0->0,0,0,0,0
112.0761,-2.0414,0,0,0,0->0,0,0,0,0
112.1479,-2.0414,0,1,1,0->1,1,0,0,0
112.1569,-2.0414,1,0,1,1->0,0,1,0,0
112.2467,-2.0414,0,0,0,0->0,0,0,0,0
112.2737,-2.0414,0,0,0,0->0,0,0,0,0
112.377,-2.0414,0,0,0,0->0,0,0,0,0
112.3995,-2.0414,0,0,0,0->0,0,0,0,0
112.4084,-2.0414,0,0,0,0->0,0,0,0,0
112.4578,-2.0414,0,0,0,0->0,0,0,0,0
112.4758,-2.0414,0,0,0,0->0,0,0,0,0
112.5207,-2.0414,0,0,0,0->0,0,0,0,0
112.1569,-2.0369,1,1,0,1->1,0,0,0,0
112.2378,-2.0369,2,2,0,2->2,0,0,0,0
112.2602,-2.0369,0,0,0,0->0,0,0,0,0
112.5162,-2.0369,0,0,0,0->0,0,0,0,0
112.3141,-2.0324,0,0,0,0->0,0,0,0,0
112.359,-2.0324,0,0,0,0->0,0,0,0,0
112.4129,-2.0324,0,0,0,0->0,0,0,0,0
112.4219,-2.0324,0,0,0,0->0,0,0,0,0
112.4354,-2.0324,0,0,0,0->0,0,0,0,0
112.4534,-2.0324,0,0,0,0->0,0,0,0,0
112.4983,-2.0324,0,0,0,0->0,0,0,0,0
112.5073,-2.0324,0,0,0,0->0,0,0,0,0
111.9683,-2.0279,0,0,0,0->0,0,0,0,0
111.9862,-2.0279,0,0,0,0->0,0,0,0,0
112.0806,-2.0279,0,0,0,0->0,0,0,0,0
112.0985,-2.0279,0,0,0,0->0,0,0,0,0
112.3635,-2.0279,0,0,0,0->0,0,0,0,0
112.4489,-2.0279,0,0,0,0->0,0,0,0,0
112.5162,-2.0279,1,1,0,1->1,0,0,0,0
112.0042,-2.0235,1,1,0,1->1,0,0,0,0
112.0267,-2.0235,1,1,0,1->1,0,0,0,0
112.0536,-2.0235,0,0,0,0->0,0,0,0,0
112.0761,-2.0235,0,0,0,0->0,0,0,0,0
112.2198,-2.0235,0,0,0,0->0,0,0,0,0
112.3725,-2.0235,0,0,0,0->0,0,0,0,0
112.377,-2.0235,0,0,0,0->0,0,0,0,0
112.4084,-2.0235,0,0,0,0->0,0,0,0,0
112.4893,-2.0235,1,0,1,1->0,0,1,0,0
112.5162,-2.0235,1,1,0,1->1,0,0,0,0
111.9817,-2.019,0,0,0,0->0,0,0,0,0
112.2647,-2.019,0,0,0,0->0,0,0,0,0
112.2827,-2.019,0,0,0,0->0,0,0,0,0
112.2872,-2.019,0,0,0,0->0,0,0,0,0
112.3321,-2.019,0,0,0,0->0,0,0,0,0
112.3366,-2.019,0,0,0,0->0,0,0,0,0
112.4354,-2.019,0,0,0,0->0,0,0,0,0
111.9817,-2.0145,0,1,1,0->1,1,0,0,0
112.094,-2.0145,0,0,0,0->0,0,0,0,0
112.2422,-2.0145,0,0,0,0->0,0,0,0,0
112.4713,-2.0145,0,0,0,0->0,0,0,0,0
112.4848,-2.0145,1,2,1,1->2,0,0,1,0
112.1614,-2.01,0,0,0,0->0,0,0,0,0
112.2288,-2.01,0,0,0,0->0,0,0,0,0
112.2557,-2.01,0,1,1,0->1,1,0,0,0
112.3815,-2.01,0,0,0,0->0,0,0,0,0
112.4803,-2.01,0,0,0,0->0,0,0,0,0
112.5073,-2.01,1,2,1,1->2,0,0,1,0
112.0985,-2.0055,1,0,1,1->0,0,1,0,0
112.2108,-2.0055,0,0,0,0->0,0,0,0,0
112.2467,-2.0055,1,0,1,1->0,0,1,0,0
112.2512,-2.0055,1,0,1,1->0,0,1,0,0
112.4893,-2.0055,1,0,1,1->0,0,1,0,0
112.4983,-2.0055,0,1,1,0->1,1,0,0,0
112.0356,-2.001,0,1,1,0->1,1,0,0,0
112.0536,-2.001,0,0,0,0->0,0,0,0,0
112.0626,-2.001,1,1,0,1->1,0,0,0,0
112.0895,-2.001,0,0,0,0->0,0,0,0,0
112.2243,-2.001,0,0,0,0->0,0,0,0,0
112.2692,-2.001,1,0,1,1->0,0,1,0,0
112.4174,-2.001,1,1,0,1->1,0,0,0,0
112.4803,-2.001,0,0,0,0->0,0,0,0,0
112.0042,-1.9965,0,0,0,0->0,0,0,0,0
112.0716,-1.9965,1,1,0,1->1,0,0,0,0
112.0761,-1.9965,3,0,1,3->0,0,1,0,0
112.386,-1.9965,0,0,0,0->0,0,0,0,0
112.4309,-1.9965,0,0,0,0->0,0,0,0,0
112.4534,-1.9965,1,0,1,1->0,0,1,0,0
112.4803,-1.9965,0,1,1,0->1,1,0,0,0
112.4938,-1.9965,1,0,1,1->0,0,1,0,0
112.0267,-1.992,0,0,0,0->0,0,0,0,0
112.2198,-1.992,0,0,0,0->0,0,0,0,0
112.3141,-1.992,0,0,0,0->0,0,0,0,0
111.9683,-1.9875,0,0,0,0->0,0,0,0,0
112.1524,-1.9875,0,0,0,0->0,0,0,0,0
112.2243,-1.9875,0,0,0,0->0,0,0,0,0
112.2602,-1.9875,1,1,0,1->1,0,0,0,0
112.4264,-1.9875,0,0,0,0->0,0,0,0,0
112.4444,-1.9875,0,0,0,0->0,0,0,0,0
112.4489,-1.9875,0,0,0,0->0,0,0,0,0
112.0401,-1.983,0,0,0,0->0,0,0,0,0
112.0716,-1.983,1,1,0,1->1,0,0,0,0
112.1345,-1.983,1,0,1,1->0,0,1,0,0
112.2018,-1.983,0,0,0,0->0,0,0,0,0
112.2917,-1.983,0,0,0,0->0,0,0,0,0
112.4354,-1.983,0,0,0,0->0,0,0,0,0
112.4668,-1.983,1,0,1,1->0,0,1,0,0
112.4803,-1.983,0,2,1,0->2,1,0,1,0
112.4893,-1.983,1,1,0,1->1,0,0,0,0
111.9638,-1.9785,0,0,0,0->0,0,0,0,0
112.0222,-1.9785,0,1,1,0->1,1,0,0,0
112.0716,-1.9785,0,1,1,0->1,1,0,0,0
112.1479,-1.9785,0,0,0,0->0,0,0,0,0
112.1794,-1.9785,1,1,0,1->1,0,0,0,0
112.2198,-1.9785,0,0,0,0->0,0,0,0,0
112.2243,-1.9785,0,0,0,0->0,0,0,0,0
112.35,-1.9785,0,0,0,0->0,0,0,0,0
112.359,-1.9785,0,0,0,0->0,0,0,0,0
112.377,-1.9785,0,0,0,0->0,0,0,0,0
112.3905,-1.9785,0,0,0,0->0,0,0,0,0
112.4848,-1.9785,0,0,0,0->0,0,0,0,0
112.4983,-1.9785,0,0,0,0->0,0,0,0,0
111.9593,-1.974,1,0,1,1->0,0,1,0,0
112.0042,-1.974,0,0,0,0->0,0,0,0,0
112.3051,-1.974,0,0,0,0->0,0,0,0,0
112.3141,-1.974,0,1,1,0->1,1,0,0,0
111.9683,-1.9696,0,0,0,0->0,0,0,0,0
112.0311,-1.9696,0,0,0,0->0,0,0,0,0
112.0716,-1.9696,1,1,0,1->1,0,0,0,0
112.1345,-1.9696,0,0,0,0->0,0,0,0,0
112.2917,-1.9696,1,1,0,1->1,0,0,0,0
112.3186,-1.9696,0,0,0,0->0,0,0,0,0
112.377,-1.9696,0,0,0,0->0,0,0,0,0
112.4039,-1.9696,0,0,0,0->0,0,0,0,0
112.4893,-1.9696,0,1,1,0->1,1,0,0,0
112.5117,-1.9696,1,3,1,1->3,0,0,0,1
112.0671,-1.9651,1,1,0,1->1,0,0,0,0
112.0761,-1.9651,1,1,0,1->1,0,0,0,0
112.2108,-1.9651,0,0,0,0->0,0,0,0,0
112.2467,-1.9651,1,1,0,1->1,0,0,0,0
111.9593,-1.9606,0,2,1,0->2,1,0,1,0
112.0222,-1.9606,0,0,0,0->0,0,0,0,0
112.0356,-1.9606,0,0,0,0->0,0,0,0,0
112.4039,-1.9606,0,0,0,0->0,0,0,0,0
111.9503,-1.9561,1,1,0,1->1,0,0,0,0
111.9683,-1.9561,0,1,1,0->1,1,0,0,0
112.0536,-1.9561,0,1,1,0->1,1,0,0,0
112.103,-1.9561,0,0,0,0->0,0,0,0,0
112.3231,-1.9561,0,0,0,0->0,0,0,0,0
112.4668,-1.9561,0,0,0,0->0,0,0,0,0
112.0267,-1.9516,0,0,0,0->0,0,0,0,0
112.0671,-1.9516,0,0,0,0->0,0,0,0,0
112.2153,-1.9516,0,0,0,0->0,0,0,0,0
112.2198,-1.9516,0,0,0,0->0,0,0,0,0
112.2378,-1.9516,0,0,0,0->0,0,0,0,0
112.4039,-1.9516,0,0,0,0->0,0,0,0,0
112.4354,-1.9516,0,0,0,0->0,0,0,0,0
112.5073,-1.9516,0,0,0,0->0,0,0,0,0
111.9952,-1.9471,0,0,0,0->0,0,0,0,0
112.2827,-1.9471,1,0,1,1->0,0,1,0,0
112.368,-1.9471,0,0,0,0->0,0,0,0,0
112.4578,-1.9471,0,0,0,0->0,0,0,0,0
112.0626,-1.9426,0,0,0,0->0,0,0,0,0
112.1165,-1.9426,0,1,1,0->1,1,0,0,0
112.121,-1.9426,0,0,0,0->0,0,0,0,0
112.2602,-1.9426,0,0,0,0->0,0,0,0,0
112.2782,-1.9426,0,0,0,0->0,0,0,0,0
112.3051,-1.9426,0,0,0,0->0,0,0,0,0
112.4623,-1.9426,0,0,0,0->0,0,0,0,0
112.4758,-1.9426,0,1,1,0->1,1,0,0,0
112.0536,-1.9381,0,0,0,0->0,0,0,0,0
112.0761,-1.9381,0,0,0,0->0,0,0,0,0
112.1569,-1.9381,0,0,0,0->0,0,0,0,0
112.1659,-1.9381,0,0,0,0->0,0,0,0,0
112.3141,-1.9381,0,0,0,0->0,0,0,0,0
112.3186,-1.9381,0,0,0,0->0,0,0,0,0
112.4174,-1.9381,0,0,0,0->0,0,0,0,0
112.4489,-1.9381,0,0,0,0->0,0,0,0,0
112.0267,-1.9336,0,0,0,0->0,0,0,0,0
112.0446,-1.9336,0,0,0,0->0,0,0,0,0
112.0761,-1.9336,0,0,0,0->0,0,0,0,0
112.1389,-1.9336,0,0,0,0->0,0,0,0,0
112.1704,-1.9336,0,0,0,0->0,0,0,0,0
112.2018,-1.9336,0,0,0,0->0,0,0,0,0
112.4039,-1.9336,0,0,0,0->0,0,0,0,0
112.4084,-1.9336,0,1,1,0->1,1,0,0,0
112.4534,-1.9336,0,0,0,0->0,0,0,0,0
111.9772,-1.9291,1,1,0,1->1,0,0,0,0
112.0267,-1.9291,0,0,0,0->0,0,0,0,0
112.2557,-1.9291,0,2,1,0->2,1,0,1,0
112.1569,-1.9246,0,0,0,0->0,0,0,0,0
112.2288,-1.9246,0,0,0,0->0,0,0,0,0
112.2557,-1.9246,0,1,1,0->1,1,0,0,0
112.3366,-1.9246,0,0,0,0->0,0,0,0,0
112.4848,-1.9246,0,0,0,0->0,0,0,0,0
112.0132,-1.9201,0,0,0,0->0,0,0,0,0
112.1794,-1.9201,0,0,0,0->0,0,0,0,0
112.4534,-1.9201,0,1,1,0->1,1,0,0,0
112.5207,-1.9201,0,0,0,0->0,0,0,0,0
111.9503,-1.9157,0,0,0,0->0,0,0,0,0
112.0401,-1.9157,0,0,0,0->0,0,0,0,0
112.103,-1.9157,1,1,0,1->1,0,0,0,0
112.1524,-1.9157,0,0,0,0->0,0,0,0,0
112.3411,-1.9157,0,0,0,0->0,0,0,0,0
112.3456,-1.9157,0,0,0,0->0,0,0,0,0
112.4309,-1.9157,0,0,0,0->0,0,0,0,0
112.0401,-1.9112,0,0,0,0->0,0,0,0,0
112.0761,-1.9112,0,1,1,0->1,1,0,0,0
112.1569,-1.9112,0,0,0,0->0,0,0,0,0
112.2018,-1.9112,0,0,0,0->0,0,0,0,0
112.4264,-1.9112,0,0,0,0->0,0,0,0,0
112.4354,-1.9112,0,0,0,0->0,0,0,0,0
112.4713,-1.9112,0,0,0,0->0,0,0,0,0
112.5028,-1.9112,0,0,0,0->0,0,0,0,0
111.9862,-1.9067,0,0,0,0->0,0,0,0,0
112.1569,-1.9067,0,0,0,0->0,0,0,0,0
112.1614,-1.9067,0,0,0,0->0,0,0,0,0
112.2872,-1.9067,0,0,0,0->0,0,0,0,0
112.4174,-1.9067,0,0,0,0->0,0,0,0,0
112.4534,-1.9067,0,0,0,0->0,0,0,0,0
108.7523,-2.4771,4,4,0,4->4,0,0,0,0
108.7792,-2.4771,4,4,0,4->4,0,0,0,0
108.7837,-2.4771,4,4,0,4->4,0,0,0,0
108.7927,-2.4726,4,4,0,4->4,0,0,0,0
108.7972,-2.4726,4,4,0,4->4,0,0,0,0
108.5412,-2.4681,4,4,0,4->4,0,0,0,0
108.5412,-2.4636,4,4,0,4->4,0,0,0,0
108.7568,-2.4636,4,4,0,4->4,0,0,0,0
108.7658,-2.4636,4,4,0,4->4,0,0,0,0
108.7568,-2.4591,4,4,0,4->4,0,0,0,0
108.7703,-2.4546,4,4,0,4->4,0,0,0,0
113.6661,-2.4771,0,0,0,0->0,0,0,0,0
113.6706,-2.4771,1,0,1,1->0,0,1,0,0
113.6661,-2.4726,0,0,0,0->0,0,0,0,0
113.6706,-2.4322,0,0,0,0->0,0,0,0,0
111.9368,-2.4771,1,1,0,1->1,0,0,0,0
111.9189,-2.4726,0,1,1,0->1,1,0,0,0
111.9323,-2.4636,1,1,0,1->1,0,0,0,0
111.9368,-2.4591,1,1,0,1->1,0,0,0,0
111.9009,-2.4546,0,0,0,0->0,0,0,0,0
111.9054,-2.4546,0,0,0,0->0,0,0,0,0
111.9323,-2.4546,1,2,1,1->2,0,0,1,0
111.9368,-2.4546,1,1,0,1->1,0,0,0,0
111.9458,-2.4367,0,0,0,0->0,0,0,0,0
111.9189,-2.4277,1,2,1,1->2,0,0,1,0
111.9458,-2.4277,0,0,0,0->0,0,0,0,0
111.9099,-2.4232,0,0,0,0->0,0,0,0,0
111.9278,-2.4232,1,1,0,1->1,0,0,0,0
111.9099,-2.4187,1,0,1,1->0,0,1,0,0
111.9099,-2.4142,1,1,0,1->1,0,0,0,0
111.9099,-2.3963,0,1,1,0->1,1,0,0,0
111.9144,-2.3783,0,2,1,0->2,1,0,1,0
111.9054,-2.3738,1,2,1,1->2,0,0,1,0
111.9278,-2.3693,0,2,1,0->2,1,0,1,0
111.9144,-2.3648,1,2,1,1->2,0,0,1,0
111.9278,-2.3648,0,0,0,0->0,0,0,0,0
111.9323,-2.3603,0,0,0,0->0,0,0,0,0
111.9323,-2.3424,0,0,0,0->0,0,0,0,0
111.9009,-2.3334,0,0,0,0->0,0,0,0,0
111.9099,-2.3289,0,1,1,0->1,1,0,0,0
111.9458,-2.3244,0,0,0,0->0,0,0,0,0
111.9413,-2.3199,0,0,0,0->0,0,0,0,0
111.9054,-2.3154,0,0,0,0->0,0,0,0,0
111.9413,-2.3154,0,0,0,0->0,0,0,0,0
111.9144,-2.3064,0,1,1,0->1,1,0,0,0
111.9368,-2.3064,0,0,0,0->0,0,0,0,0
111.9323,-2.3019,0,0,0,0->0,0,0,0,0
111.9413,-2.2974,0,0,0,0->0,0,0,0,0
111.9144,-2.284,0,0,0,0->0,0,0,0,0
111.9278,-2.284,0,0,0,0->0,0,0,0,0
111.9323,-2.275,0,1,1,0->1,1,0,0,0
111.9323,-2.2705,0,0,0,0->0,0,0,0,0
111.9233,-2.266,0,0,0,0->0,0,0,0,0
111.9233,-2.2615,0,1,1,0->1,1,0,0,0
111.9009,-2.2525,1,1,0,1->1,0,0,0,0
111.9323,-2.248,0,1,1,0->1,1,0,0,0
111.9368,-2.248,0,1,1,0->1,1,0,0,0
111.9413,-2.248,0,0,0,0->0,0,0,0,0
111.9323,-2.2435,0,0,0,0->0,0,0,0,0
111.9413,-2.2435,0,1,1,0->1,1,0,0,0
111.9189,-2.2301,0,0,0,0->0,0,0,0,0
111.9233,-2.2256,0,1,1,0->1,1,0,0,0
111.9323,-2.2211,0,0,0,0->0,0,0,0,0
111.9413,-2.2211,0,0,0,0->0,0,0,0,0
111.9458,-2.2166,0,0,0,0->0,0,0,0,0
111.9368,-2.2121,0,0,0,0->0,0,0,0,0
111.9458,-2.2076,1,0,1,1->0,0,1,0,0
111.9144,-2.1986,1,2,1,1->2,0,0,1,0
111.9189,-2.1986,1,1,0,1->1,0,0,0,0
111.9278,-2.1941,1,1,0,1->1,0,0,0,0
111.9009,-2.1896,1,1,0,1->1,0,0,0,0
111.9323,-2.1762,1,1,0,1->1,0,0,0,0
111.9458,-2.1717,1,0,1,1->0,0,1,0,0
111.9009,-2.1537,0,0,0,0->0,0,0,0,0
111.9458,-2.1537,1,1,0,1->1,0,0,0,0
111.9368,-2.1492,1,0,1,1->0,0,1,0,0
111.9099,-2.1402,0,1,1,0->1,1,0,0,0
111.9458,-2.1402,1,1,0,1->1,0,0,0,0
111.9099,-2.1313,0,0,0,0->0,0,0,0,0
111.9413,-2.1313,0,0,0,0->0,0,0,0,0
111.9054,-2.1268,0,0,0,0->0,0,0,0,0
111.9144,-2.1268,0,0,0,0->0,0,0,0,0
111.9099,-2.1178,0,0,0,0->0,0,0,0,0
111.9278,-2.1043,0,0,0,0->0,0,0,0,0
111.9413,-2.0863,0,0,0,0->0,0,0,0,0
111.9323,-2.0818,0,1,1,0->1,1,0,0,0
111.9144,-2.0639,0,2,1,0->2,1,0,1,0
111.9278,-2.0639,0,0,0,0->0,0,0,0,0
111.9323,-2.0639,0,0,0,0->0,0,0,0,0
111.9233,-2.0594,0,0,0,0->0,0,0,0,0
111.9144,-2.0459,0,0,0,0->0,0,0,0,0
111.9054,-2.0414,0,0,0,0->0,0,0,0,0
111.9054,-2.0369,0,0,0,0->0,0,0,0,0
111.9278,-2.0324,0,0,0,0->0,0,0,0,0
111.9144,-2.01,0,0,0,0->0,0,0,0,0
111.9278,-2.01,0,0,0,0->0,0,0,0,0
111.9189,-2.0055,0,0,0,0->0,0,0,0,0
111.9278,-1.992,0,0,0,0->0,0,0,0,0
111.9278,-1.9875,1,0,1,1->0,0,1,0,0
111.9413,-1.9696,0,1,1,0->1,1,0,0,0
111.9009,-1.9516,0,0,0,0->0,0,0,0,0
111.9368,-1.9471,0,1,1,0->1,1,0,0,0
111.9189,-1.9426,1,0,1,1->0,0,1,0,0
111.9368,-1.9426,0,0,0,0->0,0,0,0,0
111.9099,-1.9381,1,0,1,1->0,0,1,0,0
111.9458,-1.9381,0,1,1,0->1,1,0,0,0
111.9054,-1.9291,0,2,1,0->2,1,0,1,0
111.9233,-1.9291,0,1,1,0->1,1,0,0,0
111.9323,-1.9201,0,0,0,0->0,0,0,0,0
111.9368,-1.9201,0,0,0,0->0,0,0,0,0
111.9144,-1.9157,0,1,1,0->1,1,0,0,0
111.9458,-1.9157,0,0,0,0->0,0,0,0,0
111.9278,-1.9112,0,1,1,0->1,1,0,0,0
111.9099,-1.9067,0,0,0,0->0,0,0,0,0
111.9413,-1.9067,0,0,0,0->0,0,0,0,0
111.9458,-1.9067,0,0,0,0->0,0,0,0,0
112.7678,-2.4771,0,0,0,0->0,0,0,0,0
112.7767,-2.4771,0,0,0,0->0,0,0,0,0
112.8351,-2.4771,0,0,0,0->0,0,0,0,0
112.8396,-2.4771,1,1,0,1->1,0,0,0,0
112.8756,-2.4771,1,0,1,1->0,0,1,0,0
112.5522,-2.4726,0,0,0,0->0,0,0,0,0
112.8845,-2.4726,1,1,0,1->1,0,0,0,0
112.5432,-2.4681,0,0,0,0->0,0,0,0,0
112.7318,-2.4681,1,0,1,1->0,0,1,0,0
112.8172,-2.4681,0,1,1,0->1,1,0,0,0
112.8217,-2.4681,0,1,1,0->1,1,0,0,0
112.6645,-2.4636,0,0,0,0->0,0,0,0,0
112.7184,-2.4636,0,0,0,0->0,0,0,0,0
112.7228,-2.4636,0,1,1,0->1,1,0,0,0
112.7678,-2.4636,0,0,0,0->0,0,0,0,0
112.7812,-2.4636,0,0,0,0->0,0,0,0,0
112.7857,-2.4636,0,0,0,0->0,0,0,0,0
112.5612,-2.4591,0,0,0,0->0,0,0,0,0
112.5701,-2.4591,0,1,1,0->1,1,0,0,0
112.6061,-2.4591,0,0,0,0->0,0,0,0,0
112.8845,-2.4591,3,1,1,3->1,0,0,0,0
112.5612,-2.4546,0,0,0,0->0,0,0,0,0
112.66,-2.4546,0,0,0,0->0,0,0,0,0
112.6689,-2.4546,0,0,0,0->0,0,0,0,0
112.7273,-2.4546,0,0,0,0->0,0,0,0,0
112.7767,-2.4546,0,0,0,0->0,0,0,0,0
112.5342,-2.4502,0,0,0,0->0,0,0,0,0
112.6869,-2.4502,0,0,0,0->0,0,0,0,0
112.7184,-2.4502,0,0,0,0->0,0,0,0,0
112.5612,-2.4457,0,0,0,0->0,0,0,0,0
112.5656,-2.4457,0,0,0,0->0,0,0,0,0
112.8576,-2.4457,0,1,1,0->1,1,0,0,0
112.5701,-2.4412,0,0,0,0->0,0,0,0,0
112.5746,-2.4412,0,1,1,0->1,1,0,0,0
112.7363,-2.4412,0,0,0,0->0,0,0,0,0
112.7453,-2.4412,0,0,0,0->0,0,0,0,0
112.8037,-2.4412,0,0,0,0->0,0,0,0,0
112.615,-2.4367,0,0,0,0->0,0,0,0,0
112.8082,-2.4367,0,0,0,0->0,0,0,0,0
112.6779,-2.4322,0,0,0,0->0,0,0,0,0
112.8621,-2.4322,1,1,0,1->1,0,0,0,0
112.5656,-2.4277,1,1,0,1->1,0,0,0,0
112.7139,-2.4277,0,0,0,0->0,0,0,0,0
112.8082,-2.4277,0,0,0,0->0,0,0,0,0
112.8756,-2.4277,1,1,0,1->1,0,0,0,0
112.7408,-2.4232,0,0,0,0->0,0,0,0,0
112.7498,-2.4232,0,0,0,0->0,0,0,0,0
112.7723,-2.4232,0,0,0,0->0,0,0,0,0
112.8217,-2.4232,0,0,0,0->0,0,0,0,0
112.5252,-2.4187,1,1,0,1->1,0,0,0,0
112.5297,-2.4187,1,0,1,1->0,0,1,0,0
112.5656,-2.4187,1,1,0,1->1,0,0,0,0
112.6016,-2.4187,0,0,0,0->0,0,0,0,0
112.6106,-2.4187,0,1,1,0->1,1,0,0,0
112.6465,-2.4187,0,0,0,0->0,0,0,0,0
112.66,-2.4187,0,1,1,0->1,1,0,0,0
112.8396,-2.4187,0,0,0,0->0,0,0,0,0
112.5522,-2.4142,0,1,1,0->1,1,0,0,0
112.5567,-2.4142,0,0,0,0->0,0,0,0,0
112.5612,-2.4142,0,0,0,0->0,0,0,0,0
112.5881,-2.4142,1,0,1,1->0,0,1,0,0
112.6195,-2.4142,1,0,1,1->0,0,1,0,0
112.642,-2.4142,1,1,0,1->1,0,0,0,0
112.7273,-2.4142,0,0,0,0->0,0,0,0,0
112.7453,-2.4142,0,0,0,0->0,0,0,0,0
112.5612,-2.4097,0,0,0,0->0,0,0,0,0
112.6016,-2.4097,0,1,1,0->1,1,0,0,0
112.7228,-2.4097,0,1,1,0->1,1,0,0,0
112.7363,-2.4097,0,1,1,0->1,1,0,0,0
112.7543,-2.4097,0,0,0,0->0,0,0,0,0
112.8711,-2.4097,0,0,0,0->0,0,0,0,0
112.6779,-2.4052,1,2,1,1->2,0,0,1,0
112.7678,-2.4052,0,0,0,0->0,0,0,0,0
112.7723,-2.4052,1,0,1,1->0,0,1,0,0
112.8351,-2.4052,0,0,0,0->0,0,0,0,0
112.8531,-2.4052,0,0,0,0->0,0,0,0,0
112.8621,-2.4052,0,0,0,0->0,0,0,0,0
112.8801,-2.4052,1,0,1,1->0,0,1,0,0
112.66,-2.4007,1,1,0,1->1,0,0,0,0
112.7094,-2.4007,0,0,0,0->0,0,0,0,0
112.7184,-2.4007,1,1,0,1->1,0,0,0,0
112.5567,-2.3963,0,0,0,0->0,0,0,0,0
112.5791,-2.3963,0,0,0,0->0,0,0,0,0
112.5971,-2.3963,0,0,0,0->0,0,0,0,0
112.7049,-2.3963,0,0,0,0->0,0,0,0,0
112.7139,-2.3963,1,0,1,1->0,0,1,0,0
112.7678,-2.3963,0,1,1,0->1,1,0,0,0
112.8127,-2.3963,0,1,1,0->1,1,0,0,0
112.8262,-2.3963,1,0,1,1->0,0,1,0,0
112.8711,-2.3963,0,0,0,0->0,0,0,0,0
112.7184,-2.3918,0,1,1,0->1,1,0,0,0
112.7767,-2.3918,1,0,1,1->0,0,1,0,0
112.5567,-2.3873,0,0,0,0->0,0,0,0,0
112.7184,-2.3873,0,1,1,0->1,1,0,0,0
112.8351,-2.3873,1,0,1,1->0,0,1,0,0
112.8845,-2.3873,0,0,0,0->0,0,0,0,0
112.5791,-2.3828,0,0,0,0->0,0,0,0,0
112.6734,-2.3828,1,1,0,1->1,0,0,0,0
112.5612,-2.3783,0,0,0,0->0,0,0,0,0
112.8441,-2.3783,0,0,0,0->0,0,0,0,0
112.6195,-2.3738,0,0,0,0->0,0,0,0,0
112.6465,-2.3738,0,0,0,0->0,0,0,0,0
112.8306,-2.3738,0,0,0,0->0,0,0,0,0
112.5746,-2.3693,0,0,0,0->0,0,0,0,0
112.6465,-2.3693,0,0,0,0->0,0,0,0,0
112.8576,-2.3693,1,1,0,1->1,0,0,0,0
112.8666,-2.3693,1,1,0,1->1,0,0,0,0
112.5567,-2.3648,0,0,0,0->0,0,0,0,0
112.5656,-2.3648,1,0,1,1->0,0,1,0,0
112.6375,-2.3648,0,0,0,0->0,0,0,0,0
112.7273,-2.3648,1,0,1,1->0,0,1,0,0
112.7498,-2.3648,0,0,0,0->0,0,0,0,0
112.7857,-2.3648,0,0,0,0->0,0,0,0,0
112.8666,-2.3648,0,0,0,0->0,0,0,0,0
112.5746,-2.3603,0,0,0,0->0,0,0,0,0
112.6195,-2.3603,0,0,0,0->0,0,0,0,0
112.7004,-2.3603,1,1,0,1->1,0,0,0,0
112.7947,-2.3603,0,0,0,0->0,0,0,0,0
112.5881,-2.3558,0,0,0,0->0,0,0,0,0
112.6061,-2.3558,0,0,0,0->0,0,0,0,0
112.6285,-2.3558,0,0,0,0->0,0,0,0,0
112.7588,-2.3558,1,0,1,1->0,0,1,0,0
112.8441,-2.3558,0,0,0,0->0,0,0,0,0
112.5836,-2.3513,0,0,0,0->0,0,0,0,0
112.7633,-2.3513,0,0,0,0->0,0,0,0,0
112.5656,-2.3468,0,1,1,0->1,1,0,0,0
112.5297,-2.3424,0,0,0,0->0,0,0,0,0
112.8351,-2.3424,1,1,0,1->1,0,0,0,0
112.8441,-2.3379,1,1,0,1->1,0,0,0,0
112.6195,-2.3334,2,3,1,2->3,0,0,0,1
112.6285,-2.3334,1,1,0,1->1,0,0,0,0
112.8845,-2.3334,0,0,0,0->0,0,0,0,0
112.5522,-2.3289,0,0,0,0->0,0,0,0,0
112.6285,-2.3289,1,2,1,1->2,0,0,1,0
112.7408,-2.3289,0,0,0,0->0,0,0,0,0
112.8396,-2.3289,1,0,1,1->0,0,1,0,0
112.8486,-2.3289,1,0,1,1->0,0,1,0,0
112.8576,-2.3289,0,0,0,0->0,0,0,0,0
112.6016,-2.3244,0,0,0,0->0,0,0,0,0
112.6195,-2.3244,0,0,0,0->0,0,0,0,0
112.6734,-2.3244,0,0,0,0->0,0,0,0,0
112.6959,-2.3244,1,1,0,1->1,0,0,0,0
112.5252,-2.3199,0,0,0,0->0,0,0,0,0
112.5297,-2.3199,0,0,0,0->0,0,0,0,0
112.5567,-2.3199,0,0,0,0->0,0,0,0,0
112.5791,-2.3199,1,0,1,1->0,0,1,0,0
112.624,-2.3199,0,0,0,0->0,0,0,0,0
112.6555,-2.3199,0,0,0,0->0,0,0,0,0
112.7498,-2.3199,1,0,1,1->0,0,1,0,0
112.7947,-2.3199,1,0,1,1->0,0,1,0,0
112.8486,-2.3199,0,0,0,0->0,0,0,0,0
112.5252,-2.3154,0,0,0,0->0,0,0,0,0
112.5432,-2.3154,0,0,0,0->0,0,0,0,0
112.6106,-2.3154,0,0,0,0->0,0,0,0,0
112.7094,-2.3154,1,0,1,1->0,0,1,0,0
112.7588,-2.3154,0,0,0,0->0,0,0,0,0
112.7723,-2.3154,1,1,0,1->1,0,0,0,0
112.7902,-2.3154,1,1,0,1->1,0,0,0,0
112.8396,-2.3154,0,0,0,0->0,0,0,0,0
112.8666,-2.3154,0,0,0,0->0,0,0,0,0
112.5252,-2.3109,0,0,0,0->0,0,0,0,0
112.5297,-2.3109,0,0,0,0->0,0,0,0,0
112.5342,-2.3109,0,0,0,0->0,0,0,0,0
112.6869,-2.3109,0,0,0,0->0,0,0,0,0
112.7633,-2.3109,0,0,0,0->0,0,0,0,0
112.7678,-2.3109,0,0,0,0->0,0,0,0,0
112.8262,-2.3109,1,1,0,1->1,0,0,0,0
112.8756,-2.3109,0,0,0,0->0,0,0,0,0
112.5612,-2.3064,0,0,0,0->0,0,0,0,0
112.66,-2.3064,0,0,0,0->0,0,0,0,0
112.7543,-2.3064,0,0,0,0->0,0,0,0,0
112.7902,-2.3064,1,0,1,1->0,0,1,0,0
112.5522,-2.3019,0,0,0,0->0,0,0,0,0
112.5971,-2.3019,0,0,0,0->0,0,0,0,0
112.6465,-2.3019,0,0,0,0->0,0,0,0,0
112.651,-2.3019,1,0,1,1->0,0,1,0,0
112.7453,-2.3019,1,1,0,1->1,0,0,0,0
112.7498,-2.3019,1,1,0,1->1,0,0,0,0
112.7857,-2.3019,1,0,1,1->0,0,1,0,0
112.5297,-2.2974,0,0,0,0->0,0,0,0,0
112.5387,-2.2974,1,0,1,1->0,0,1,0,0
112.6689,-2.2974,0,0,0,0->0,0,0,0,0
112.6959,-2.2974,0,0,0,0->0,0,0,0,0
112.8396,-2.2974,0,0,0,0->0,0,0,0,0
112.6016,-2.2929,0,0,0,0->0,0,0,0,0
112.6106,-2.2929,1,1,0,1->1,0,0,0,0
112.6375,-2.2929,1,1,0,1->1,0,0,0,0
112.6645,-2.2929,1,0,1,1->0,0,1,0,0
112.7723,-2.2929,0,0,0,0->0,0,0,0,0
112.8441,-2.2929,0,1,1,0->1,1,0,0,0
112.5297,-2.2885,0,0,0,0->0,0,0,0,0
112.5432,-2.2885,0,0,0,0->0,0,0,0,0
112.5701,-2.2885,1,0,1,1->0,0,1,0,0
112.6375,-2.2885,1,0,1,1->0,0,1,0,0
112.7228,-2.2885,0,0,0,0->0,0,0,0,0
112.5926,-2.284,0,0,0,0->0,0,0,0,0
112.6195,-2.284,0,0,0,0->0,0,0,0,0
112.6285,-2.2795,1,0,1,1->0,0,1,0,0
112.7543,-2.2795,0,1,1,0->1,1,0,0,0
112.7633,-2.2795,1,0,1,1->0,0,1,0,0
112.8082,-2.2795,0,0,0,0->0,0,0,0,0
112.8531,-2.2795,0,0,0,0->0,0,0,0,0
112.8621,-2.2795,0,0,0,0->0,0,0,0,0
112.5387,-2.275,0,0,0,0->0,0,0,0,0
112.6106,-2.275,0,0,0,0->0,0,0,0,0
112.7049,-2.275,0,0,0,0->0,0,0,0,0
112.8082,-2.275,1,0,1,1->0,0,1,0,0
112.7633,-2.2705,0,0,0,0->0,0,0,0,0
112.5342,-2.266,0,0,0,0->0,0,0,0,0
112.6061,-2.266,0,0,0,0->0,0,0,0,0
112.6689,-2.266,1,0,1,1->0,0,1,0,0
112.7318,-2.266,0,0,0,0->0,0,0,0,0
112.7543,-2.266,1,1,0,1->1,0,0,0,0
112.8082,-2.266,0,0,0,0->0,0,0,0,0
112.8621,-2.266,0,0,0,0->0,0,0,0,0
112.7767,-2.2615,0,0,0,0->0,0,0,0,0
112.7857,-2.2615,0,0,0,0->0,0,0,0,0
112.8486,-2.2615,1,0,1,1->0,0,1,0,0
112.6016,-2.257,0,0,0,0->0,0,0,0,0
112.6689,-2.257,0,0,0,0->0,0,0,0,0
112.6779,-2.257,1,1,0,1->1,0,0,0,0
112.7363,-2.257,0,0,0,0->0,0,0,0,0
112.7992,-2.257,0,0,0,0->0,0,0,0,0
112.5971,-2.2525,0,0,0,0->0,0,0,0,0
112.651,-2.2525,0,0,0,0->0,0,0,0,0
112.7139,-2.2525,0,0,0,0->0,0,0,0,0
112.7408,-2.2525,0,1,1,0->1,1,0,0,0
112.7543,-2.2525,0,0,0,0->0,0,0,0,0
112.8037,-2.2525,0,0,0,0->0,0,0,0,0
112.8172,-2.2525,0,0,0,0->0,0,0,0,0
112.8306,-2.2525,1,0,1,1->0,0,1,0,0
112.8621,-2.2525,0,0,0,0->0,0,0,0,0
112.5567,-2.248,2,2,0,2->2,0,0,0,0
112.5836,-2.248,0,0,0,0->0,0,0,0,0
112.5971,-2.248,1,0,1,1->0,0,1,0,0
112.6106,-2.248,0,0,0,0->0,0,0,0,0
112.7947,-2.248,0,0,0,0->0,0,0,0,0
112.7992,-2.248,0,0,0,0->0,0,0,0,0
112.6106,-2.2435,0,0,0,0->0,0,0,0,0
112.615,-2.2435,0,0,0,0->0,0,0,0,0
112.651,-2.2435,0,0,0,0->0,0,0,0,0
112.6914,-2.2435,0,0,0,0->0,0,0,0,0
112.6959,-2.2435,0,0,0,0->0,0,0,0,0
112.7004,-2.2435,0,1,1,0->1,1,0,0,0
112.7049,-2.2435,0,0,0,0->0,0,0,0,0
112.7184,-2.2435,0,0,0,0->0,0,0,0,0
112.7363,-2.2435,1,0,1,1->0,0,1,0,0
112.5342,-2.2391,0,0,0,0->0,0,0,0,0
112.5432,-2.2391,0,0,0,0->0,0,0,0,0
112.5971,-2.2391,0,0,0,0->0,0,0,0,0
112.6465,-2.2391,0,0,0,0->0,0,0,0,0
112.6689,-2.2391,1,1,0,1->1,0,0,0,0
112.7363,-2.2391,0,0,0,0->0,0,0,0,0
112.7453,-2.2391,1,1,0,1->1,0,0,0,0
112.6106,-2.2346,1,1,0,1->1,0,0,0,0
112.6195,-2.2346,0,0,0,0->0,0,0,0,0
112.7453,-2.2346,0,0,0,0->0,0,0,0,0
112.8127,-2.2346,0,0,0,0->0,0,0,0,0
112.7902,-2.2301,0,0,0,0->0,0,0,0,0
112.66,-2.2256,0,0,0,0->0,0,0,0,0
112.6689,-2.2256,0,0,0,0->0,0,0,0,0
112.7184,-2.2256,0,0,0,0->0,0,0,0,0
112.8082,-2.2256,0,0,0,0->0,0,0,0,0
112.6375,-2.2211,1,0,1,1->0,0,1,0,0
112.651,-2.2211,0,0,0,0->0,0,0,0,0
112.6824,-2.2211,0,0,0,0->0,0,0,0,0
112.7408,-2.2211,0,1,1,0->1,1,0,0,0
112.8172,-2.2211,0,0,0,0->0,0,0,0,0
112.6061,-2.2166,1,0,1,1->0,0,1,0,0
112.651,-2.2166,0,0,0,0->0,0,0,0,0
112.7139,-2.2166,0,0,0,0->0,0,0,0,0
112.8666,-2.2166,0,0,0,0->0,0,0,0,0
112.5477,-2.2121,0,0,0,0->0,0,0,0,0
112.5567,-2.2121,0,0,0,0->0,0,0,0,0
112.6285,-2.2121,1,1,0,1->1,0,0,0,0
112.66,-2.2121,0,0,0,0->0,0,0,0,0
112.6779,-2.2121,1,0,1,1->0,0,1,0,0
112.7184,-2.2121,0,2,1,0->2,1,0,1,0
112.7228,-2.2121,1,1,0,1->1,0,0,0,0
112.7857,-2.2121,1,0,1,1->0,0,1,0,0
112.8127,-2.2121,0,0,0,0->0,0,0,0,0
112.8351,-2.2121,0,0,0,0->0,0,0,0,0
112.5297,-2.2076,1,1,0,1->1,0,0,0,0
112.5342,-2.2076,1,1,0,1->1,0,0,0,0
112.5746,-2.2076,1,1,0,1->1,0,0,0,0
112.5971,-2.2076,0,0,0,0->0,0,0,0,0
112.6195,-2.2076,0,0,0,0->0,0,0,0,0
112.6734,-2.2076,0,0,0,0->0,0,0,0,0
112.7408,-2.2076,1,1,0,1->1,0,0,0,0
112.8486,-2.2076,0,0,0,0->0,0,0,0,0
112.8711,-2.2076,0,0,0,0->0,0,0,0,0
112.5387,-2.2031,3,2,1,3->2,0,0,1,0
112.5926,-2.2031,0,0,0,0->0,0,0,0,0
112.6914,-2.2031,0,0,0,0->0,0,0,0,0
112.6016,-2.1986,0,0,0,0->0,0,0,0,0
112.7767,-2.1986,1,1,0,1->1,0,0,0,0
112.8351,-2.1986,0,0,0,0->0,0,0,0,0
112.8666,-2.1986,0,0,0,0->0,0,0,0,0
112.8845,-2.1986,0,0,0,0->0,0,0,0,0
112.5477,-2.1941,0,0,0,0->0,0,0,0,0
112.5567,-2.1941,0,0,0,0->0,0,0,0,0
112.624,-2.1941,1,0,1,1->0,0,1,0,0
112.7139,-2.1941,0,0,0,0->0,0,0,0,0
112.7453,-2.1941,1,1,0,1->1,0,0,0,0
112.7767,-2.1941,1,1,0,1->1,0,0,0,0
112.8172,-2.1941,0,0,0,0->0,0,0,0,0
112.8531,-2.1941,0,0,0,0->0,0,0,0,0
112.8756,-2.1941,0,0,0,0->0,0,0,0,0
112.5612,-2.1896,0,0,0,0->0,0,0,0,0
112.6061,-2.1896,0,0,0,0->0,0,0,0,0
112.8172,-2.1896,0,0,0,0->0,0,0,0,0
112.5567,-2.1852,0,0,0,0->0,0,0,0,0
112.7049,-2.1852,1,0,1,1->0,0,1,0,0
112.7947,-2.1852,1,0,1,1->0,0,1,0,0
112.8172,-2.1852,0,0,0,0->0,0,0,0,0
112.6779,-2.1807,0,0,0,0->0,0,0,0,0
112.7588,-2.1807,1,1,0,1->1,0,0,0,0
112.7678,-2.1807,1,0,1,1->0,0,1,0,0
112.5612,-2.1762,0,0,0,0->0,0,0,0,0
112.6285,-2.1762,0,0,0,0->0,0,0,0,0
112.6869,-2.1762,1,1,0,1->1,0,0,0,0
112.7767,-2.1762,0,0,0,0->0,0,0,0,0
112.8127,-2.1762,0,0,0,0->0,0,0,0,0
112.651,-2.1717,0,0,0,0->0,0,0,0,0
112.7318,-2.1717,1,0,1,1->0,0,1,0,0
112.6061,-2.1672,1,1,0,1->1,0,0,0,0
112.66,-2.1672,0,0,0,0->0,0,0,0,0
112.7678,-2.1672,1,0,1,1->0,0,1,0,0
112.7723,-2.1672,0,1,1,0->1,1,0,0,0
112.8756,-2.1672,0,0,0,0->0,0,0,0,0
112.5252,-2.1627,0,0,0,0->0,0,0,0,0
112.5432,-2.1627,1,1,0,1->1,0,0,0,0
112.7857,-2.1627,1,1,0,1->1,0,0,0,0
112.7947,-2.1627,0,0,0,0->0,0,0,0,0
112.8306,-2.1627,0,0,0,0->0,0,0,0,0
112.5252,-2.1582,1,0,1,1->0,0,1,0,0
112.6465,-2.1582,0,0,0,0->0,0,0,0,0
112.651,-2.1582,0,0,0,0->0,0,0,0,0
112.6959,-2.1582,1,1,0,1->1,0,0,0,0
112.7049,-2.1582,1,0,1,1->0,0,1,0,0
112.8082,-2.1582,0,0,0,0->0,0,0,0,0
112.8396,-2.1582,0,0,0,0->0,0,0,0,0
112.8531,-2.1582,0,0,0,0->0,0,0,0,0
112.5252,-2.1537,0,0,0,0->0,0,0,0,0
112.633,-2.1537,0,0,0,0->0,0,0,0,0
112.7139,-2.1537,0,0,0,0->0,0,0,0,0
112.7228,-2.1537,0,0,0,0->0,0,0,0,0
112.7902,-2.1537,0,1,1,0->1,1,0,0,0
112.8531,-2.1537,0,0,0,0->0,0,0,0,0
112.7004,-2.1492,0,0,0,0->0,0,0,0,0
112.7498,-2.1492,0,0,0,0->0,0,0,0,0
112.8845,-2.1492,0,0,0,0->0,0,0,0,0
112.5701,-2.1447,0,0,0,0->0,0,0,0,0
112.6959,-2.1447,0,0,0,0->0,0,0,0,0
112.7004,-2.1447,0,0,0,0->0,0,0,0,0
112.7184,-2.1447,0,0,0,0->0,0,0,0,0
112.7498,-2.1447,1,1,0,1->1,0,0,0,0
112.8037,-2.1447,0,0,0,0->0,0,0,0,0
112.8351,-2.1447,0,0,0,0->0,0,0,0,0
112.8531,-2.1447,0,0,0,0->0,0,0,0,0
112.5297,-2.1402,2,0,1,2->0,0,1,0,0
112.6106,-2.1402,1,1,0,1->1,0,0,0,0
112.633,-2.1402,1,1,0,1->1,0,0,0,0
112.6375,-2.1402,1,1,0,1->1,0,0,0,0
112.642,-2.1402,0,0,0,0->0,0,0,0,0
112.6959,-2.1402,0,0,0,0->0,0,0,0,0
112.7139,-2.1402,0,0,0,0->0,0,0,0,0
112.7363,-2.1402,0,1,1,0->1,1,0,0,0
112.7543,-2.1402,1,1,0,1->1,0,0,0,0
112.7857,-2.1402,0,0,0,0->0,0,0,0,0
112.8486,-2.1402,0,0,0,0->0,0,0,0,0
112.6959,-2.1357,0,0,0,0->0,0,0,0,0
112.5746,-2.1313,0,0,0,0->0,0,0,0,0
112.6285,-2.1313,1,0,1,1->0,0,1,0,0
112.6734,-2.1313,0,0,0,0->0,0,0,0,0
112.7408,-2.1313,1,1,0,1->1,0,0,0,0
112.8801,-2.1313,0,0,0,0->0,0,0,0,0
112.5612,-2.1268,1,1,0,1->1,0,0,0,0
112.5881,-2.1268,0,0,0,0->0,0,0,0,0
112.5971,-2.1268,1,0,1,1->0,0,1,0,0
112.7004,-2.1268,0,0,0,0->0,0,0,0,0
112.8262,-2.1268,0,0,0,0->0,0,0,0,0
112.5387,-2.1223,0,0,0,0->0,0,0,0,0
112.6869,-2.1223,0,0,0,0->0,0,0,0,0
112.633,-2.1178,0,0,0,0->0,0,0,0,0
112.6375,-2.1178,0,1,1,0->1,1,0,0,0
112.7723,-2.1178,1,1,0,1->1,0,0,0,0
112.7992,-2.1178,0,0,0,0->0,0,0,0,0
112.5836,-2.1133,1,2,1,1->2,0,0,1,0
112.6555,-2.1133,0,0,0,0->0,0,0,0,0
112.7498,-2.1133,0,1,1,0->1,1,0,0,0
112.7543,-2.1133,1,1,0,1->1,0,0,0,0
112.8845,-2.1133,0,0,0,0->0,0,0,0,0
112.5477,-2.1088,0,0,0,0->0,0,0,0,0
112.6779,-2.1088,0,0,0,0->0,0,0,0,0
112.7184,-2.1088,1,0,1,1->0,0,1,0,0
112.7228,-2.1088,1,0,1,1->0,0,1,0,0
112.5297,-2.1043,0,0,0,0->0,0,0,0,0
112.7408,-2.1043,1,0,1,1->0,0,1,0,0
112.5342,-2.0998,0,0,0,0->0,0,0,0,0
112.6869,-2.0998,0,0,0,0->0,0,0,0,0
112.7363,-2.0998,1,1,0,1->1,0,0,0,0
112.7902,-2.0998,1,1,0,1->1,0,0,0,0
112.8351,-2.0998,0,0,0,0->0,0,0,0,0
112.615,-2.0953,1,1,0,1->1,0,0,0,0
112.6689,-2.0953,0,0,0,0->0,0,0,0,0
112.6779,-2.0953,0,0,0,0->0,0,0,0,0
112.6869,-2.0953,0,0,0,0->0,0,0,0,0
112.7228,-2.0953,0,0,0,0->0,0,0,0,0
112.8351,-2.0953,0,0,0,0->0,0,0,0,0
112.8711,-2.0953,0,0,0,0->0,0,0,0,0
112.5387,-2.0908,3,2,1,3->2,0,0,1,0
112.5881,-2.0908,0,1,1,0->1,1,0,0,0
112.8756,-2.0908,1,1,0,1->1,0,0,0,0
112.5881,-2.0863,1,0,1,1->0,0,1,0,0
112.7408,-2.0863,1,1,0,1->1,0,0,0,0
112.8351,-2.0863,0,0,0,0->0,0,0,0,0
112.7363,-2.0818,1,1,0,1->1,0,0,0,0
112.8037,-2.0818,0,2,1,0->2,1,0,1,0
112.8621,-2.0818,1,0,1,1->0,0,1,0,0
112.8756,-2.0818,0,0,0,0->0,0,0,0,0
112.8845,-2.0818,0,0,0,0->0,0,0,0,0
112.5252,-2.0774,0,0,0,0->0,0,0,0,0
112.7139,-2.0774,0,0,0,0->0,0,0,0,0
112.7902,-2.0774,0,1,1,0->1,1,0,0,0
112.7992,-2.0774,0,2,1,0->2,1,0,1,0
112.6106,-2.0729,0,1,1,0->1,1,0,0,0
112.7273,-2.0729,1,1,0,1->1,0,0,0,0
112.7992,-2.0729,0,2,1,0->2,1,0,1,0
112.651,-2.0684,0,0,0,0->0,0,0,0,0
112.6555,-2.0684,0,0,0,0->0,0,0,0,0
112.8531,-2.0684,2,0,1,2->0,0,1,0,0
112.8845,-2.0684,1,1,0,1->1,0,0,0,0
112.651,-2.0639,0,0,0,0->0,0,0,0,0
112.7363,-2.0639,0,0,0,0->0,0,0,0,0
112.7678,-2.0639,0,0,0,0->0,0,0,0,0
112.8396,-2.0639,0,1,1,0->1,1,0,0,0
112.8576,-2.0639,1,0,1,1->0,0,1,0,0
112.5656,-2.0594,0,0,0,0->0,0,0,0,0
112.5791,-2.0594,1,1,0,1->1,0,0,0,0
112.6285,-2.0594,0,0,0,0->0,0,0,0,0
112.6465,-2.0594,0,0,0,0->0,0,0,0,0
112.66,-2.0594,0,0,0,0->0,0,0,0,0
112.7947,-2.0594,1,2,1,1->2,0,0,1,0
112.8351,-2.0594,0,1,1,0->1,1,0,0,0
112.8441,-2.0594,0,1,1,0->1,1,0,0,0
112.8801,-2.0594,1,0,1,1->0,0,1,0,0
112.6016,-2.0549,2,0,1,2->0,0,1,0,0
112.6824,-2.0549,0,0,0,0->0,0,0,0,0
112.7049,-2.0549,0,0,0,0->0,0,0,0,0
112.7498,-2.0549,0,0,0,0->0,0,0,0,0
112.7049,-2.0504,0,0,0,0->0,0,0,0,0
112.7633,-2.0504,0,0,0,0->0,0,0,0,0
112.8801,-2.0504,0,1,1,0->1,1,0,0,0
112.5477,-2.0459,0,0,0,0->0,0,0,0,0
112.5656,-2.0459,1,1,0,1->1,0,0,0,0
112.6106,-2.0459,1,1,0,1->1,0,0,0,0
112.8127,-2.0459,0,1,1,0->1,1,0,0,0
112.6555,-2.0414,0,0,0,0->0,0,0,0,0
112.6779,-2.0414,0,0,0,0->0,0,0,0,0
112.7228,-2.0414,0,2,1,0->2,1,0,1,0
112.624,-2.0369,0,0,0,0->0,0,0,0,0
112.6734,-2.0369,0,0,0,0->0,0,0,0,0
112.7453,-2.0369,0,0,0,0->0,0,0,0,0
112.8666,-2.0369,0,0,0,0->0,0,0,0,0
112.5746,-2.0324,0,0,0,0->0,0,0,0,0
112.615,-2.0324,0,0,0,0->0,0,0,0,0
112.6285,-2.0324,0,1,1,0->1,1,0,0,0
112.6779,-2.0324,0,0,0,0->0,0,0,0,0
112.7543,-2.0324,0,0,0,0->0,0,0,0,0
112.8217,-2.0324,0,1,1,0->1,1,0,0,0
112.8262,-2.0324,0,1,1,0->1,1,0,0,0
112.8801,-2.0324,0,0,0,0->0,0,0,0,0
112.8845,-2.0324,1,0,1,1->0,0,1,0,0
112.5252,-2.0279,1,0,1,1->0,0,1,0,0
112.5297,-2.0279,2,1,1,2->1,0,0,0,0
112.7498,-2.0279,0,0,0,0->0,0,0,0,0
112.624,-2.0235,0,0,0,0->0,0,0,0,0
112.6375,-2.0235,0,0,0,0->0,0,0,0,0
112.7004,-2.0235,0,0,0,0->0,0,0,0,0
112.7184,-2.019,0,0,0,0->0,0,0,0,0
112.7902,-2.019,0,2,1,0->2,1,0,1,0
112.8037,-2.019,0,2,1,0->2,1,0,1,0
112.8441,-2.019,0,0,0,0->0,0,0,0,0
112.7318,-2.0145,1,0,1,1->0,0,1,0,0
112.7453,-2.0145,0,1,1,0->1,1,0,0,0
112.5881,-2.01,0,0,0,0->0,0,0,0,0
112.633,-2.01,0,0,0,0->0,0,0,0,0
112.642,-2.01,0,0,0,0->0,0,0,0,0
112.6734,-2.01,0,0,0,0->0,0,0,0,0
112.7094,-2.01,0,0,0,0->0,0,0,0,0
112.7363,-2.01,0,0,0,0->0,0,0,0,0
112.5387,-2.0055,0,0,0,0->0,0,0,0,0
112.5701,-2.0055,0,0,0,0->0,0,0,0,0
112.633,-2.0055,0,0,0,0->0,0,0,0,0
112.66,-2.0055,0,0,0,0->0,0,0,0,0
112.7363,-2.0055,0,0,0,0->0,0,0,0,0
112.8172,-2.0055,0,0,0,0->0,0,0,0,0
112.5881,-2.001,1,1,0,1->1,0,0,0,0
112.6195,-2.001,0,0,0,0->0,0,0,0,0
112.6285,-2.001,0,0,0,0->0,0,0,0,0
112.5926,-1.9965,1,0,1,1->0,0,1,0,0
112.5522,-1.992,1,1,0,1->1,0,0,0,0
112.6375,-1.992,0,0,0,0->0,0,0,0,0
112.7049,-1.992,0,0,0,0->0,0,0,0,0
112.7184,-1.992,0,0,0,0->0,0,0,0,0
112.7498,-1.992,1,1,0,1->1,0,0,0,0
112.8037,-1.992,0,1,1,0->1,1,0,0,0
112.8756,-1.992,0,2,1,0->2,1,0,1,0
112.5342,-1.9875,0,0,0,0->0,0,0,0,0
112.5612,-1.9875,0,1,1,0->1,1,0,0,0
112.6016,-1.9875,0,0,0,0->0,0,0,0,0
112.6061,-1.9875,0,0,0,0->0,0,0,0,0
112.6195,-1.9875,0,0,0,0->0,0,0,0,0
112.6465,-1.9875,0,0,0,0->0,0,0,0,0
112.651,-1.9875,0,0,0,0->0,0,0,0,0
112.7633,-1.9875,0,0,0,0->0,0,0,0,0
112.8621,-1.9875,0,0,0,0->0,0,0,0,0
112.5836,-1.983,1,1,0,1->1,0,0,0,0
112.6061,-1.983,0,0,0,0->0,0,0,0,0
112.615,-1.983,0,0,0,0->0,0,0,0,0
112.6195,-1.983,0,0,0,0->0,0,0,0,0
112.7094,-1.983,0,0,0,0->0,0,0,0,0
112.7857,-1.983,0,1,1,0->1,1,0,0,0
112.5836,-1.9785,0,0,0,0->0,0,0,0,0
112.6465,-1.9785,0,0,0,0->0,0,0,0,0
112.7857,-1.9785,0,1,1,0->1,1,0,0,0
112.5522,-1.974,1,0,1,1->0,0,1,0,0
112.6106,-1.974,1,1,0,1->1,0,0,0,0
112.7228,-1.974,0,0,0,0->0,0,0,0,0
112.6869,-1.9696,0,0,0,0->0,0,0,0,0
112.7678,-1.9696,2,0,1,2->0,0,1,0,0
112.8262,-1.9696,0,1,1,0->1,1,0,0,0
112.5881,-1.9651,0,1,1,0->1,1,0,0,0
112.5926,-1.9651,1,0,1,1->0,0,1,0,0
112.6375,-1.9651,0,1,1,0->1,1,0,0,0
112.5746,-1.9606,1,0,1,1->0,0,1,0,0
112.7228,-1.9606,0,0,0,0->0,0,0,0,0
112.8756,-1.9606,0,0,0,0->0,0,0,0,0
112.8801,-1.9606,0,0,0,0->0,0,0,0,0
112.5432,-1.9561,1,0,1,1->0,0,1,0,0
112.6555,-1.9561,0,0,0,0->0,0,0,0,0
112.6689,-1.9516,0,0,0,0->0,0,0,0,0
112.6645,-1.9471,0,0,0,0->0,0,0,0,0
112.7678,-1.9471,0,0,0,0->0,0,0,0,0
112.8801,-1.9471,0,0,0,0->0,0,0,0,0
112.5612,-1.9426,0,0,0,0->0,0,0,0,0
112.7094,-1.9426,0,0,0,0->0,0,0,0,0
112.8082,-1.9426,0,0,0,0->0,0,0,0,0
112.8576,-1.9426,0,0,0,0->0,0,0,0,0
112.5656,-1.9381,0,1,1,0->1,1,0,0,0
112.5926,-1.9381,0,0,0,0->0,0,0,0,0
112.7723,-1.9381,0,0,0,0->0,0,0,0,0
112.7992,-1.9381,0,1,1,0->1,1,0,0,0
112.8127,-1.9381,0,0,0,0->0,0,0,0,0
112.8486,-1.9381,0,0,0,0->0,0,0,0,0
112.633,-1.9336,1,1,0,1->1,0,0,0,0
112.7723,-1.9336,0,0,0,0->0,0,0,0,0
112.5342,-1.9291,0,0,0,0->0,0,0,0,0
112.5432,-1.9291,0,0,0,0->0,0,0,0,0
112.7857,-1.9291,0,0,0,0->0,0,0,0,0
112.8756,-1.9291,0,0,0,0->0,0,0,0,0
112.5791,-1.9246,0,0,0,0->0,0,0,0,0
112.651,-1.9246,0,2,1,0->2,1,0,1,0
112.66,-1.9246,0,1,1,0->1,1,0,0,0
112.7588,-1.9246,0,0,0,0->0,0,0,0,0
112.5567,-1.9201,0,0,0,0->0,0,0,0,0
112.5926,-1.9201,0,0,0,0->0,0,0,0,0
112.5387,-1.9157,0,0,0,0->0,0,0,0,0
112.5612,-1.9157,0,0,0,0->0,0,0,0,0
112.5746,-1.9157,0,0,0,0->0,0,0,0,0
112.7363,-1.9157,0,0,0,0->0,0,0,0,0
112.5567,-1.9112,0,0,0,0->0,0,0,0,0
112.5656,-1.9112,0,0,0,0->0,0,0,0,0
112.6061,-1.9112,0,0,0,0->0,0,0,0,0
112.7588,-1.9112,0,0,0,0->0,0,0,0,0
112.5522,-1.9067,0,0,0,0->0,0,0,0,0
108.5053,-2.6882,4,4,0,4->4,0,0,0,0
108.5412,-2.6837,4,4,0,4->4,0,0,0,0
108.5097,-2.6792,4,4,0,4->4,0,0,0,0
108.5412,-2.6792,3,4,1,3->4,0,0,0,0
108.5412,-2.6702,4,4,0,4->4,0,0,0,0
108.5008,-2.6658,4,4,0,4->4,0,0,0,0
108.5187,-2.6613,4,4,0,4->4,0,0,0,0
108.5187,-2.6568,4,4,0,4->4,0,0,0,0
108.5322,-2.6568,4,4,0,4->4,0,0,0,0
108.5142,-2.6523,4,4,0,4->4,0,0,0,0
108.5816,-2.5984,4,4,0,4->4,0,0,0,0
108.5906,-2.5984,4,4,0,4->4,0,0,0,0
108.7209,-2.5984,4,4,0,4->4,0,0,0,0
108.7748,-2.5939,4,4,0,4->4,0,0,0,0
108.7927,-2.5939,4,4,0,4->4,0,0,0,0
108.5636,-2.5849,4,4,0,4->4,0,0,0,0
108.7748,-2.5849,4,4,0,4->4,0,0,0,0
108.7029,-2.5804,4,4,0,4->4,0,0,0,0
108.7119,-2.5804,4,4,0,4->4,0,0,0,0
108.7882,-2.5804,4,4,0,4->4,0,0,0,0
108.5636,-2.5759,4,4,0,4->4,0,0,0,0
108.5771,-2.5759,4,4,0,4->4,0,0,0,0
108.5861,-2.5759,4,4,0,4->4,0,0,0,0
108.7523,-2.5759,4,4,0,4->4,0,0,0,0
108.7209,-2.5714,4,4,0,4->4,0,0,0,0
108.7388,-2.5714,4,4,0,4->4,0,0,0,0
108.7703,-2.5714,1,4,1,1->4,0,0,0,0
108.7837,-2.5714,4,4,0,4->4,0,0,0,0
108.7164,-2.5669,4,4,0,4->4,0,0,0,0
108.7748,-2.5669,4,4,0,4->4,0,0,0,0
108.5592,-2.5624,2,4,1,2->4,0,0,0,0
108.7298,-2.5624,4,4,0,4->4,0,0,0,0
108.7388,-2.5624,4,4,0,4->4,0,0,0,0
108.5636,-2.558,4,4,0,4->4,0,0,0,0
108.5816,-2.558,4,4,0,4->4,0,0,0,0
108.5996,-2.558,4,4,0,4->4,0,0,0,0
108.5681,-2.5535,4,4,0,4->4,0,0,0,0
108.7253,-2.5535,4,4,0,4->4,0,0,0,0
108.5008,-2.5445,4,4,0,4->4,0,0,0,0
108.5322,-2.5445,3,4,1,3->4,0,0,0,0
108.5053,-2.531,4,4,0,4->4,0,0,0,0
108.5367,-2.531,4,4,0,4->4,0,0,0,0
108.5457,-2.5175,4,4,0,4->4,0,0,0,0
108.7927,-2.4996,4,4,0,4->4,0,0,0,0
108.5232,-2.4951,4,4,0,4->4,0,0,0,0
108.7927,-2.4951,4,4,0,4->4,0,0,0,0
108.5008,-2.4906,4,4,0,4->4,0,0,0,0
108.5097,-2.4906,4,4,0,4->4,0,0,0,0
108.5053,-2.4861,4,4,0,4->4,0,0,0,0
108.5008,-2.4816,4,4,0,4->4,0,0,0,0
108.5322,-2.4816,4,4,0,4->4,0,0,0,0
108.7523,-2.4816,4,4,0,4->4,0,0,0,0
118.9572,-2.8005,0,0,0,0->0,0,0,0,0
118.9616,-2.8005,0,0,0,0->0,0,0,0,0
118.9661,-2.8005,0,0,0,0->0,0,0,0,0
118.9796,-2.8005,0,0,0,0->0,0,0,0,0
119.2267,-2.8005,0,0,0,0->0,0,0,0,0
119.3255,-2.8005,0,0,0,0->0,0,0,0,0
119.33,-2.8005,0,0,0,0->0,0,0,0,0
119.3344,-2.8005,0,0,0,0->0,0,0,0,0
119.4018,-2.8005,0,0,0,0->0,0,0,0,0
119.4108,-2.8005,0,0,0,0->0,0,0,0,0
118.8583,-2.796,0,1,1,0->1,1,0,0,0
118.9033,-2.796,0,0,0,0->0,0,0,0,0
118.9976,-2.796,0,0,0,0->0,0,0,0,0
119.0155,-2.796,0,0,0,0->0,0,0,0,0
119.065,-2.796,0,0,0,0->0,0,0,0,0
119.1458,-2.796,0,1,1,0->1,1,0,0,0
119.1728,-2.796,0,0,0,0->0,0,0,0,0
118.8628,-2.7915,0,1,1,0->1,1,0,0,0
118.9886,-2.7915,0,0,0,0->0,0,0,0,0
119.1189,-2.7915,0,0,0,0->0,0,0,0,0
119.1323,-2.7915,0,0,0,0->0,0,0,0,0
119.1548,-2.7915,1,1,0,1->1,0,0,0,0
119.3075,-2.7915,0,0,0,0->0,0,0,0,0
119.33,-2.7915,0,0,0,0->0,0,0,0,0
119.3794,-2.7915,0,0,0,0->0,0,0,0,0
119.3928,-2.7915,0,0,0,0->0,0,0,0,0
118.8628,-2.787,0,1,1,0->1,1,0,0,0
118.9616,-2.787,0,0,0,0->0,0,0,0,0
118.9661,-2.787,0,0,0,0->0,0,0,0,0
118.9706,-2.787,0,0,0,0->0,0,0,0,0
119.0021,-2.787,0,0,0,0->0,0,0,0,0
119.0245,-2.787,0,0,0,0->0,0,0,0,0
119.047,-2.787,0,0,0,0->0,0,0,0,0
119.0605,-2.787,0,0,0,0->0,0,0,0,0
119.1503,-2.787,0,0,0,0->0,0,0,0,0
119.2626,-2.787,0,0,0,0->0,0,0,0,0
118.8808,-2.7825,1,1,0,1->1,0,0,0,0
118.9482,-2.7825,0,0,0,0->0,0,0,0,0
119.0245,-2.7825,0,0,0,0->0,0,0,0,0
119.1907,-2.7825,0,0,0,0->0,0,0,0,0
118.9616,-2.778,0,0,0,0->0,0,0,0,0
119.0605,-2.778,0,0,0,0->0,0,0,0,0
119.1368,-2.778,0,0,0,0->0,0,0,0,0
119.1952,-2.778,0,0,0,0->0,0,0,0,0
119.2581,-2.778,0,0,0,0->0,0,0,0,0
119.3075,-2.778,0,0,0,0->0,0,0,0,0
119.3165,-2.778,0,0,0,0->0,0,0,0,0
119.3344,-2.778,0,0,0,0->0,0,0,0,0
119.3389,-2.778,0,0,0,0->0,0,0,0,0
119.3883,-2.778,0,0,0,0->0,0,0,0,0
118.8583,-2.7735,1,1,0,1->1,0,0,0,0
118.8943,-2.7735,0,0,0,0->0,0,0,0,0
119.1862,-2.7735,0,0,0,0->0,0,0,0,0
119.285,-2.7735,0,0,0,0->0,0,0,0,0
119.3749,-2.7735,0,0,0,0->0,0,0,0,0
118.9392,-2.7691,0,0,0,0->0,0,0,0,0
118.9527,-2.7691,0,0,0,0->0,0,0,0,0
119.1099,-2.7691,0,0,0,0->0,0,0,0,0
119.1368,-2.7691,0,0,0,0->0,0,0,0,0
119.2671,-2.7691,0,0,0,0->0,0,0,0,0
119.3794,-2.7691,0,0,0,0->0,0,0,0,0
118.8988,-2.7646,0,0,0,0->0,0,0,0,0
118.9167,-2.7646,0,0,0,0->0,0,0,0,0
119.0021,-2.7646,0,0,0,0->0,0,0,0,0
119.038,-2.7646,0,0,0,0->0,0,0,0,0
119.0739,-2.7646,0,0,0,0->0,0,0,0,0
119.2671,-2.7646,0,0,0,0->0,0,0,0,0
119.3524,-2.7646,0,0,0,0->0,0,0,0,0
118.8494,-2.7601,0,1,1,0->1,1,0,0,0
118.9033,-2.7601,0,0,0,0->0,0,0,0,0
118.9077,-2.7601,0,0,0,0->0,0,0,0,0
118.9572,-2.7601,0,0,0,0->0,0,0,0,0
119.029,-2.7601,0,0,0,0->0,0,0,0,0
119.1503,-2.7601,0,0,0,0->0,0,0,0,0
119.1593,-2.7601,0,0,0,0->0,0,0,0,0
119.1997,-2.7601,0,0,0,0->0,0,0,0,0
119.2132,-2.7601,0,0,0,0->0,0,0,0,0
119.285,-2.7601,0,0,0,0->0,0,0,0,0
119.2895,-2.7601,0,0,0,0->0,0,0,0,0
119.3883,-2.7601,0,0,0,0->0,0,0,0,0
119.4198,-2.7601,0,0,0,0->0,0,0,0,0
119.1144,-2.7556,0,0,0,0->0,0,0,0,0
119.2267,-2.7556,0,0,0,0->0,0,0,0,0
119.3659,-2.7556,0,0,0,0->0,0,0,0,0
119.4153,-2.7556,0,0,0,0->0,0,0,0,0
118.8494,-2.7511,1,1,0,1->1,0,0,0,0
119.0111,-2.7511,0,0,0,0->0,0,0,0,0
119.0605,-2.7511,0,0,0,0->0,0,0,0,0
119.1278,-2.7511,0,0,0,0->0,0,0,0,0
119.2895,-2.7511,0,0,0,0->0,0,0,0,0
119.33,-2.7511,0,0,0,0->0,0,0,0,0
119.3434,-2.7511,0,0,0,0->0,0,0,0,0
119.3569,-2.7511,1,0,1,1->0,0,1,0,0
118.9033,-2.7466,0,0,0,0->0,0,0,0,0
118.9347,-2.7466,0,0,0,0->0,0,0,0,0
118.9482,-2.7466,0,0,0,0->0,0,0,0,0
119.0245,-2.7466,0,0,0,0->0,0,0,0,0
119.0515,-2.7466,0,0,0,0->0,0,0,0,0
119.0874,-2.7466,0,0,0,0->0,0,0,0,0
119.0919,-2.7466,0,0,0,0->0,0,0,0,0
119.3839,-2.7466,1,0,1,1->0,0,1,0,0
119.4198,-2.7466,0,0,0,0->0,0,0,0,0
118.8718,-2.7421,0,0,0,0->0,0,0,0,0
118.9257,-2.7421,0,0,0,0->0,0,0,0,0
118.9482,-2.7421,0,0,0,0->0,0,0,0,0
118.9976,-2.7421,0,1,1,0->1,1,0,0,0
119.0874,-2.7421,0,0,0,0->0,0,0,0,0
119.1009,-2.7421,0,0,0,0->0,0,0,0,0
119.2132,-2.7421,0,0,0,0->0,0,0,0,0
119.2985,-2.7421,0,0,0,0->0,0,0,0,0
119.3479,-2.7421,0,0,0,0->0,0,0,0,0
119.3614,-2.7421,0,1,1,0->1,1,0,0,0
118.8494,-2.7376,0,1,1,0->1,1,0,0,0
118.8988,-2.7376,0,0,0,0->0,0,0,0,0
119.0739,-2.7376,0,0,0,0->0,0,0,0,0
119.0829,-2.7376,0,0,0,0->0,0,0,0,0
119.1189,-2.7376,0,0,0,0->0,0,0,0,0
119.2805,-2.7376,0,0,0,0->0,0,0,0,0
119.3075,-2.7376,0,0,0,0->0,0,0,0,0
119.312,-2.7376,0,0,0,0->0,0,0,0,0
119.3704,-2.7376,0,1,1,0->1,1,0,0,0
119.3749,-2.7376,0,0,0,0->0,0,0,0,0
118.9302,-2.7331,0,0,0,0->0,0,0,0,0
118.9437,-2.7331,0,0,0,0->0,0,0,0,0
119.3704,-2.7331,0,0,0,0->0,0,0,0,0
118.9167,-2.7286,0,0,0,0->0,0,0,0,0
118.9841,-2.7286,0,0,0,0->0,0,0,0,0
119.1368,-2.7286,0,0,0,0->0,0,0,0,0
119.1548,-2.7286,0,0,0,0->0,0,0,0,0
119.2626,-2.7286,0,0,0,0->0,0,0,0,0
119.3165,-2.7286,0,0,0,0->0,0,0,0,0
119.3928,-2.7286,0,0,0,0->0,0,0,0,0
119.1278,-2.7241,0,0,0,0->0,0,0,0,0
119.1817,-2.7241,0,0,0,0->0,0,0,0,0
119.2671,-2.7241,0,0,0,0->0,0,0,0,0
119.3569,-2.7241,1,0,1,1->0,0,1,0,0
119.4018,-2.7241,0,0,0,0->0,0,0,0,0
118.8943,-2.7196,0,0,0,0->0,0,0,0,0
119.0919,-2.7196,0,0,0,0->0,0,0,0,0
119.1638,-2.7196,0,0,0,0->0,0,0,0,0
119.2671,-2.7196,0,0,0,0->0,0,0,0,0
119.3165,-2.7196,0,0,0,0->0,0,0,0,0
119.321,-2.7196,0,0,0,0->0,0,0,0,0
119.0515,-2.7152,0,0,0,0->0,0,0,0,0
119.1278,-2.7152,0,0,0,0->0,0,0,0,0
119.1503,-2.7152,0,0,0,0->0,0,0,0,0
119.3704,-2.7152,0,0,0,0->0,0,0,0,0
119.4108,-2.7152,0,0,0,0->0,0,0,0,0
118.9931,-2.7107,0,0,0,0->0,0,0,0,0
119.047,-2.7107,0,0,0,0->0,0,0,0,0
119.0784,-2.7107,0,0,0,0->0,0,0,0,0
119.0919,-2.7107,0,0,0,0->0,0,0,0,0
119.1189,-2.7107,0,0,0,0->0,0,0,0,0
119.1907,-2.7107,0,0,0,0->0,0,0,0,0
119.2132,-2.7107,0,0,0,0->0,0,0,0,0
119.2356,-2.7107,0,0,0,0->0,0,0,0,0
119.2581,-2.7107,0,0,0,0->0,0,0,0,0
119.2895,-2.7107,0,0,0,0->0,0,0,0,0
119.3344,-2.7107,0,0,0,0->0,0,0,0,0
119.3839,-2.7107,0,0,0,0->0,0,0,0,0
119.4198,-2.7107,0,0,0,0->0,0,0,0,0
118.9257,-2.7062,0,0,0,0->0,0,0,0,0
119.02,-2.7062,0,0,0,0->0,0,0,0,0
119.0605,-2.7062,0,0,0,0->0,0,0,0,0
119.2536,-2.7062,0,0,0,0->0,0,0,0,0
119.2626,-2.7062,0,0,0,0->0,0,0,0,0
119.3704,-2.7062,0,2,1,0->2,1,0,1,0
118.9482,-2.7017,0,0,0,0->0,0,0,0,0
119.0829,-2.7017,0,0,0,0->0,0,0,0,0
119.1593,-2.7017,0,0,0,0->0,0,0,0,0
119.303,-2.7017,0,0,0,0->0,0,0,0,0
119.3165,-2.7017,0,0,0,0->0,0,0,0,0
119.3973,-2.7017,0,0,0,0->0,0,0,0,0
119.4063,-2.7017,0,0,0,0->0,0,0,0,0
118.9212,-2.6972,0,0,0,0->0,0,0,0,0
118.9527,-2.6972,0,0,0,0->0,0,0,0,0
119.065,-2.6972,0,0,0,0->0,0,0,0,0
119.1413,-2.6972,1,1,0,1->1,0,0,0,0
119.1817,-2.6972,1,1,0,1->1,0,0,0,0
119.2042,-2.6972,0,0,0,0->0,0,0,0,0
119.2671,-2.6972,0,0,0,0->0,0,0,0,0
119.285,-2.6972,0,0,0,0->0,0,0,0,0
119.303,-2.6972,0,0,0,0->0,0,0,0,0
119.3659,-2.6972,0,0,0,0->0,0,0,0,0
119.3794,-2.6972,0,0,0,0->0,0,0,0,0
119.3928,-2.6972,0,0,0,0->0,0,0,0,0
118.8538,-2.6927,0,1,1,0->1,1,0,0,0
118.8853,-2.6927,1,2,1,1->2,0,0,1,0
118.9931,-2.6927,0,0,0,0->0,0,0,0,0
119.0605,-2.6927,0,0,0,0->0,0,0,0,0
119.0964,-2.6927,0,0,0,0->0,0,0,0,0
119.1233,-2.6927,0,0,0,0->0,0,0,0,0
119.3659,-2.6927,0,0,0,0->0,0,0,0,0
118.8853,-2.6882,2,2,0,2->2,0,0,0,0
119.0694,-2.6882,0,0,0,0->0,0,0,0,0
119.0739,-2.6882,0,0,0,0->0,0,0,0,0
119.1368,-2.6882,0,1,1,0->1,1,0,0,0
119.1458,-2.6882,1,1,0,1->1,0,0,0,0
119.1683,-2.6882,0,0,0,0->0,0,0,0,0
119.3704,-2.6882,0,0,0,0->0,0,0,0,0
119.3749,-2.6882,0,0,0,0->0,0,0,0,0
119.3794,-2.6882,0,0,0,0->0,0,0,0,0
119.4018,-2.6882,0,0,0,0->0,0,0,0,0
118.8538,-2.6837,1,1,0,1->1,0,0,0,0
118.8673,-2.6837,2,2,0,2->2,0,0,0,0
118.8763,-2.6837,2,2,0,2->2,0,0,0,0
118.9976,-2.6837,0,0,0,0->0,0,0,0,0
119.0515,-2.6837,1,1,0,1->1,0,0,0,0
119.1772,-2.6837,0,0,0,0->0,0,0,0,0
119.1817,-2.6837,1,1,0,1->1,0,0,0,0
119.2132,-2.6837,0,0,0,0->0,0,0,0,0
119.2311,-2.6837,0,0,0,0->0,0,0,0,0
119.2356,-2.6837,0,0,0,0->0,0,0,0,0
119.2895,-2.6837,0,0,0,0->0,0,0,0,0
119.3973,-2.6837,0,0,0,0->0,0,0,0,0
118.8628,-2.6792,2,2,0,2->2,0,0,0,0
119.038,-2.6792,0,0,0,0->0,0,0,0,0
119.1593,-2.6792,1,1,0,1->1,0,0,0,0
119.2626,-2.6792,0,0,0,0->0,0,0,0,0
119.2671,-2.6792,0,0,0,0->0,0,0,0,0
118.9302,-2.6747,0,0,0,0->0,0,0,0,0
119.0245,-2.6747,0,0,0,0->0,0,0,0,0
119.038,-2.6747,0,0,0,0->0,0,0,0,0
119.1144,-2.6747,0,0,0,0->0,0,0,0,0
119.3883,-2.6747,0,0,0,0->0,0,0,0,0
118.8943,-2.6702,2,2,0,2->2,0,0,0,0
118.9392,-2.6702,0,2,1,0->2,1,0,1,0
119.0335,-2.6702,0,0,0,0->0,0,0,0,0
119.1009,-2.6702,0,0,0,0->0,0,0,0,0
119.1368,-2.6702,0,0,0,0->0,0,0,0,0
119.1548,-2.6702,0,0,0,0->0,0,0,0,0
119.1593,-2.6702,0,0,0,0->0,0,0,0,0
119.1772,-2.6702,1,1,0,1->1,0,0,0,0
119.2805,-2.6702,0,0,0,0->0,0,0,0,0
119.3839,-2.6702,0,0,0,0->0,0,0,0,0
118.9167,-2.6658,1,0,1,1->0,0,1,0,0
118.9706,-2.6658,0,0,0,0->0,0,0,0,0
119.0066,-2.6658,0,0,0,0->0,0,0,0,0
119.0111,-2.6658,0,0,0,0->0,0,0,0,0
119.029,-2.6658,0,0,0,0->0,0,0,0,0
119.1368,-2.6658,0,0,0,0->0,0,0,0,0
119.2805,-2.6658,0,0,0,0->0,0,0,0,0
118.8538,-2.6613,1,2,1,1->2,0,0,1,0
118.8898,-2.6613,4,4,0,4->4,0,0,0,0
118.9976,-2.6613,0,0,0,0->0,0,0,0,0
119.0111,-2.6613,0,0,0,0->0,0,0,0,0
119.0515,-2.6613,0,0,0,0->0,0,0,0,0
119.2581,-2.6613,0,0,0,0->0,0,0,0,0
119.4198,-2.6613,0,0,0,0->0,0,0,0,0
118.9527,-2.6568,1,0,1,1->0,0,1,0,0
118.9572,-2.6568,0,0,0,0->0,0,0,0,0
119.0021,-2.6568,0,0,0,0->0,0,0,0,0
119.0964,-2.6568,0,0,0,0->0,0,0,0,0
119.1683,-2.6568,1,1,0,1->1,0,0,0,0
119.321,-2.6568,0,0,0,0->0,0,0,0,0
119.3973,-2.6568,0,0,0,0->0,0,0,0,0
119.4018,-2.6568,0,0,0,0->0,0,0,0,0
119.4063,-2.6568,0,0,0,0->0,0,0,0,0
118.8583,-2.6523,4,4,0,4->4,0,0,0,0
118.8673,-2.6523,4,4,0,4->4,0,0,0,0
118.9482,-2.6523,0,1,1,0->1,1,0,0,0
119.0111,-2.6523,0,0,0,0->0,0,0,0,0
119.056,-2.6523,0,0,0,0->0,0,0,0,0
119.1009,-2.6523,0,0,0,0->0,0,0,0,0
119.2895,-2.6523,0,0,0,0->0,0,0,0,0
119.4108,-2.6523,0,0,0,0->0,0,0,0,0
118.8628,-2.6478,4,4,0,4->4,0,0,0,0
118.9796,-2.6478,0,0,0,0->0,0,0,0,0
119.029,-2.6478,0,0,0,0->0,0,0,0,0
119.047,-2.6478,0,0,0,0->0,0,0,0,0
119.0784,-2.6478,0,0,0,0->0,0,0,0,0
119.2581,-2.6478,0,0,0,0->0,0,0,0,0
119.3255,-2.6478,0,0,0,0->0,0,0,0,0
118.8808,-2.6433,1,1,0,1->1,0,0,0,0
118.9167,-2.6433,4,4,0,4->4,0,0,0,0
119.0066,-2.6433,0,0,0,0->0,0,0,0,0
119.0335,-2.6433,0,0,0,0->0,0,0,0,0
119.038,-2.6433,0,0,0,0->0,0,0,0,0
119.1458,-2.6433,0,0,0,0->0,0,0,0,0
119.1728,-2.6433,0,0,0,0->0,0,0,0,0
119.2222,-2.6433,0,1,1,0->1,1,0,0,0
119.2491,-2.6433,0,0,0,0->0,0,0,0,0
119.294,-2.6433,0,0,0,0->0,0,0,0,0
119.2985,-2.6433,0,0,0,0->0,0,0,0,0
119.3255,-2.6433,0,0,0,0->0,0,0,0,0
118.8673,-2.6388,4,4,0,4->4,0,0,0,0
118.9572,-2.6388,0,0,0,0->0,0,0,0,0
119.0919,-2.6388,0,1,1,0->1,1,0,0,0
119.2042,-2.6388,0,0,0,0->0,0,0,0,0
119.2536,-2.6388,0,0,0,0->0,0,0,0,0
119.3389,-2.6388,0,0,0,0->0,0,0,0,0
118.9167,-2.6343,4,4,0,4->4,0,0,0,0
118.9392,-2.6343,4,4,0,4->4,0,0,0,0
118.9841,-2.6343,1,0,1,1->0,0,1,0,0
119.0111,-2.6343,0,0,0,0->0,0,0,0,0
119.0874,-2.6343,0,0,0,0->0,0,0,0,0
119.285,-2.6343,0,0,0,0->0,0,0,0,0
119.3075,-2.6343,0,0,0,0->0,0,0,0,0
119.3614,-2.6343,0,0,0,0->0,0,0,0,0
119.3839,-2.6343,0,0,0,0->0,0,0,0,0
118.9167,-2.6298,4,4,0,4->4,0,0,0,0
119.0919,-2.6298,0,0,0,0->0,0,0,0,0
119.2536,-2.6298,0,0,0,0->0,0,0,0,0
119.285,-2.6298,0,0,0,0->0,0,0,0,0
119.3973,-2.6298,0,0,0,0->0,0,0,0,0
119.0874,-2.6253,0,0,0,0->0,0,0,0,0
119.1189,-2.6253,0,0,0,0->0,0,0,0,0
119.2222,-2.6253,0,0,0,0->0,0,0,0,0
119.3389,-2.6253,0,0,0,0->0,0,0,0,0
118.9167,-2.6208,4,4,0,4->4,0,0,0,0
118.9751,-2.6208,4,4,0,4->4,0,0,0,0
119.1772,-2.6208,0,0,0,0->0,0,0,0,0
119.2356,-2.6208,1,1,0,1->1,0,0,0,0
119.3928,-2.6208,0,0,0,0->0,0,0,0,0
118.9257,-2.6163,4,4,0,4->4,0,0,0,0
118.9751,-2.6163,4,4,0,4->4,0,0,0,0
119.1413,-2.6163,0,1,1,0->1,1,0,0,0
119.2222,-2.6163,0,0,0,0->0,0,0,0,0
119.321,-2.6163,0,0,0,0->0,0,0,0,0
119.3749,-2.6163,0,0,0,0->0,0,0,0,0
119.3794,-2.6163,0,0,0,0->0,0,0,0,0
118.8853,-2.6119,4,4,0,4->4,0,0,0,0
118.9033,-2.6119,4,4,0,4->4,0,0,0,0
119.0066,-2.6119,1,0,1,1->0,0,1,0,0
119.065,-2.6119,1,0,1,1->0,0,1,0,0
119.1144,-2.6119,0,0,0,0->0,0,0,0,0
119.2985,-2.6119,0,0,0,0->0,0,0,0,0
118.8718,-2.6074,4,4,0,4->4,0,0,0,0
118.8853,-2.6074,4,4,0,4->4,0,0,0,0
119.0829,-2.6074,0,0,0,0->0,0,0,0,0
119.2356,-2.6074,0,0,0,0->0,0,0,0,0
119.2805,-2.6074,0,0,0,0->0,0,0,0,0
119.3749,-2.6074,0,0,0,0->0,0,0,0,0
119.4018,-2.6074,0,0,0,0->0,0,0,0,0
118.8628,-2.6029,4,4,0,4->4,0,0,0,0
118.9347,-2.6029,4,4,0,4->4,0,0,0,0
118.9392,-2.6029,4,4,0,4->4,0,0,0,0
118.9751,-2.6029,4,4,0,4->4,0,0,0,0
118.9976,-2.6029,4,4,0,4->4,0,0,0,0
119.0739,-2.6029,1,1,0,1->1,0,0,0,0
119.1638,-2.6029,0,0,0,0->0,0,0,0,0
119.2895,-2.6029,1,1,0,1->1,0,0,0,0
119.321,-2.6029,0,0,0,0->0,0,0,0,0
119.3883,-2.6029,0,0,0,0->0,0,0,0,0
119.047,-2.5984,0,1,1,0->1,1,0,0,0
119.1189,-2.5984,0,0,0,0->0,0,0,0,0
119.2311,-2.5984,0,0,0,0->0,0,0,0,0
119.321,-2.5984,0,0,0,0->0,0,0,0,0
119.0335,-2.5939,0,1,1,0->1,1,0,0,0
119.1009,-2.5939,0,0,0,0->0,0,0,0,0
119.2087,-2.5939,0,0,0,0->0,0,0,0,0
119.2132,-2.5939,0,0,0,0->0,0,0,0,0
119.3569,-2.5939,0,0,0,0->0,0,0,0,0
119.3659,-2.5939,0,0,0,0->0,0,0,0,0
119.02,-2.5894,2,2,0,2->2,0,0,0,0
119.1099,-2.5894,0,1,1,0->1,1,0,0,0
119.1368,-2.5894,0,0,0,0->0,0,0,0,0
119.2177,-2.5894,0,0,0,0->0,0,0,0,0
119.2267,-2.5894,0,0,0,0->0,0,0,0,0
119.1233,-2.5849,0,1,1,0->1,1,0,0,0
119.1817,-2.5849,0,0,0,0->0,0,0,0,0
119.2716,-2.5849,0,0,0,0->0,0,0,0,0
119.3524,-2.5849,0,0,0,0->0,0,0,0,0
119.0335,-2.5804,1,1,0,1->1,0,0,0,0
119.047,-2.5804,2,2,0,2->2,0,0,0,0
119.1323,-2.5804,1,0,1,1->0,0,1,0,0
119.1638,-2.5804,0,0,0,0->0,0,0,0,0
119.2311,-2.5804,0,0,0,0->0,0,0,0,0
119.33,-2.5804,0,0,0,0->0,0,0,0,0
119.3344,-2.5804,0,0,0,0->0,0,0,0,0
119.3434,-2.5804,0,0,0,0->0,0,0,0,0
119.3973,-2.5804,0,0,0,0->0,0,0,0,0
119.4108,-2.5804,0,0,0,0->0,0,0,0,0
119.4153,-2.5804,0,0,0,0->0,0,0,0,0
119.4198,-2.5804,0,0,0,0->0,0,0,0,0
119.303,-2.5759,0,0,0,0->0,0,0,0,0
119.312,-2.5759,0,0,0,0->0,0,0,0,0
119.0605,-2.5714,0,0,0,0->0,0,0,0,0
119.0784,-2.5714,0,0,0,0->0,0,0,0,0
119.1368,-2.5714,0,0,0,0->0,0,0,0,0
119.1772,-2.5714,0,0,0,0->0,0,0,0,0
119.2267,-2.5714,0,0,0,0->0,0,0,0,0
119.3165,-2.5714,0,0,0,0->0,0,0,0,0
119.3389,-2.5714,0,0,0,0->0,0,0,0,0
119.1233,-2.5669,0,0,0,0->0,0,0,0,0
119.1593,-2.5669,0,0,0,0->0,0,0,0,0
119.2132,-2.5669,0,0,0,0->0,0,0,0,0
119.2536,-2.5669,0,0,0,0->0,0,0,0,0
119.294,-2.5669,0,0,0,0->0,0,0,0,0
119.0066,-2.5624,4,4,0,4->4,0,0,0,0
119.0245,-2.5624,4,4,0,4->4,0,0,0,0
119.065,-2.5624,1,1,0,1->1,0,0,0,0
119.1054,-2.5624,0,0,0,0->0,0,0,0,0
119.1593,-2.5624,0,0,0,0->0,0,0,0,0
119.2222,-2.5624,0,0,0,0->0,0,0,0,0
119.4063,-2.5624,0,0,0,0->0,0,0,0,0
119.1144,-2.558,0,0,0,0->0,0,0,0,0
119.1413,-2.558,0,0,0,0->0,0,0,0,0
119.2985,-2.558,0,0,0,0->0,0,0,0,0
119.3479,-2.558,0,0,0,0->0,0,0,0,0
119.3883,-2.558,0,0,0,0->0,0,0,0,0
119.0111,-2.5535,4,4,0,4->4,0,0,0,0
119.0425,-2.5535,4,4,0,4->4,0,0,0,0
119.065,-2.5535,2,2,0,2->2,0,0,0,0
119.3794,-2.5535,0,0,0,0->0,0,0,0,0
119.1772,-2.549,0,0,0,0->0,0,0,0,0
119.2401,-2.549,0,0,0,0->0,0,0,0,0
119.2805,-2.549,0,0,0,0->0,0,0,0,0
119.321,-2.549,0,0,0,0->0,0,0,0,0
119.3614,-2.549,0,0,0,0->0,0,0,0,0
119.3973,-2.549,0,0,0,0->0,0,0,0,0
119.0155,-2.5445,4,4,0,4->4,0,0,0,0
119.0335,-2.5445,1,3,1,1->3,0,0,0,1
119.1278,-2.5445,0,0,0,0->0,0,0,0,0
119.1772,-2.5445,0,0,0,0->0,0,0,0,0
119.1907,-2.5445,0,0,0,0->0,0,0,0,0
119.3479,-2.5445,0,0,0,0->0,0,0,0,0
119.3659,-2.5445,0,0,0,0->0,0,0,0,0
119.0829,-2.54,1,2,1,1->2,0,0,1,0
119.1189,-2.54,0,1,1,0->1,1,0,0,0
119.1817,-2.54,0,0,0,0->0,0,0,0,0
119.1862,-2.54,0,0,0,0->0,0,0,0,0
119.2626,-2.54,0,0,0,0->0,0,0,0,0
119.0245,-2.5355,4,4,0,4->4,0,0,0,0
119.33,-2.5355,0,0,0,0->0,0,0,0,0
119.3659,-2.5355,0,0,0,0->0,0,0,0,0
119.3704,-2.5355,0,0,0,0->0,0,0,0,0
119.0245,-2.531,4,4,0,4->4,0,0,0,0
119.1099,-2.531,0,0,0,0->0,0,0,0,0
119.2177,-2.531,0,0,0,0->0,0,0,0,0
119.0021,-2.5265,4,4,0,4->4,0,0,0,0
119.029,-2.5265,4,4,0,4->4,0,0,0,0
119.056,-2.5265,0,0,0,0->0,0,0,0,0
119.1638,-2.5265,0,1,1,0->1,1,0,0,0
119.1817,-2.5265,0,0,0,0->0,0,0,0,0
119.2222,-2.5265,0,0,0,0->0,0,0,0,0
119.2491,-2.5265,0,0,0,0->0,0,0,0,0
119.2985,-2.5265,0,0,0,0->0,0,0,0,0
119.303,-2.5265,0,0,0,0->0,0,0,0,0
119.3075,-2.5265,0,0,0,0->0,0,0,0,0
119.3165,-2.5265,0,0,0,0->0,0,0,0,0
119.3479,-2.5265,0,1,1,0->1,1,0,0,0
119.038,-2.522,1,1,0,1->1,0,0,0,0
119.047,-2.522,0,0,0,0->0,0,0,0,0
119.2895,-2.522,0,0,0,0->0,0,0,0,0
119.294,-2.522,0,0,0,0->0,0,0,0,0
119.3165,-2.522,0,0,0,0->0,0,0,0,0
119.3389,-2.522,0,1,1,0->1,1,0,0,0
119.3973,-2.522,0,0,0,0->0,0,0,0,0
119.0605,-2.5175,1,1,0,1->1,0,0,0,0
119.1862,-2.5175,0,0,0,0->0,0,0,0,0
119.1907,-2.5175,0,0,0,0->0,0,0,0,0
119.2311,-2.5175,0,0,0,0->0,0,0,0,0
119.2895,-2.5175,0,0,0,0->0,0,0,0,0
119.3569,-2.5175,0,0,0,0->0,0,0,0,0
119.3883,-2.5175,0,0,0,0->0,0,0,0,0
119.3928,-2.5175,0,0,0,0->0,0,0,0,0
119.3973,-2.5175,0,0,0,0->0,0,0,0,0
119.0694,-2.513,1,1,0,1->1,0,0,0,0
119.1368,-2.513,1,0,1,1->0,0,1,0,0
119.1683,-2.513,0,0,0,0->0,0,0,0,0
119.2536,-2.513,0,0,0,0->0,0,0,0,0
119.3749,-2.513,0,0,0,0->0,0,0,0,0
119.0605,-2.5085,0,1,1,0->1,1,0,0,0
119.1503,-2.5085,0,0,0,0->0,0,0,0,0
119.1593,-2.5085,0,0,0,0->0,0,0,0,0
119.2761,-2.5085,0,0,0,0->0,0,0,0,0
119.3794,-2.5085,0,0,0,0->0,0,0,0,0
119.1144,-2.5041,0,0,0,0->0,0,0,0,0
119.1458,-2.5041,0,0,0,0->0,0,0,0,0
119.1548,-2.5041,0,0,0,0->0,0,0,0,0
119.303,-2.5041,0,0,0,0->0,0,0,0,0
119.3255,-2.5041,0,0,0,0->0,0,0,0,0
119.3524,-2.5041,0,0,0,0->0,0,0,0,0
119.4108,-2.5041,0,0,0,0->0,0,0,0,0
119.029,-2.4996,4,4,0,4->4,0,0,0,0
119.038,-2.4996,4,4,0,4->4,0,0,0,0
119.056,-2.4996,4,4,0,4->4,0,0,0,0
119.0964,-2.4996,4,4,0,4->4,0,0,0,0
119.1548,-2.4996,0,0,0,0->0,0,0,0,0
119.294,-2.4996,0,0,0,0->0,0,0,0,0
119.3165,-2.4996,0,0,0,0->0,0,0,0,0
119.0021,-2.4951,4,4,0,4->4,0,0,0,0
119.065,-2.4951,4,4,0,4->4,0,0,0,0
119.1054,-2.4951,1,1,0,1->1,0,0,0,0
119.1503,-2.4951,0,0,0,0->0,0,0,0,0
119.3075,-2.4951,0,0,0,0->0,0,0,0,0
119.3255,-2.4951,0,0,0,0->0,0,0,0,0
119.0111,-2.4906,4,4,0,4->4,0,0,0,0
119.0739,-2.4906,4,4,0,4->4,0,0,0,0
119.3569,-2.4906,0,1,1,0->1,1,0,0,0
119.4018,-2.4906,0,0,0,0->0,0,0,0,0
119.1503,-2.4861,0,0,0,0->0,0,0,0,0
119.2267,-2.4861,0,1,1,0->1,1,0,0,0
119.2311,-2.4861,0,0,0,0->0,0,0,0,0
119.2356,-2.4861,0,0,0,0->0,0,0,0,0
119.294,-2.4861,0,0,0,0->0,0,0,0,0
119.3749,-2.4861,0,1,1,0->1,1,0,0,0
119.0335,-2.4816,4,4,0,4->4,0,0,0,0
119.0694,-2.4816,4,4,0,4->4,0,0,0,0
119.1144,-2.4816,4,4,0,4->4,0,0,0,0
119.2311,-2.4816,0,0,0,0->0,0,0,0,0
119.2491,-2.4816,0,0,0,0->0,0,0,0,0
119.3075,-2.4816,0,0,0,0->0,0,0,0,0
119.312,-2.4816,0,0,0,0->0,0,0,0,0
119.3794,-2.4816,1,1,0,1->1,0,0,0,0
119.4063,-2.4816,0,0,0,0->0,0,0,0,0
119.4333,-2.4771,0,1,1,0->1,1,0,0,0
119.4872,-2.4771,1,2,1,1->2,0,0,1,0
119.4512,-2.4681,1,1,0,1->1,0,0,0,0
119.4872,-2.4681,1,1,0,1->1,0,0,0,0
119.4378,-2.4546,1,1,0,1->1,0,0,0,0
119.4917,-2.4546,1,1,0,1->1,0,0,0,0
119.4288,-2.4412,1,0,1,1->0,0,1,0,0
119.4557,-2.4412,0,0,0,0->0,0,0,0,0
119.4333,-2.4367,1,1,0,1->1,0,0,0,0
119.4378,-2.4367,1,1,0,1->1,0,0,0,0
119.4647,-2.4367,1,0,1,1->0,0,1,0,0
119.4692,-2.4322,1,1,0,1->1,0,0,0,0
119.4782,-2.4322,0,0,0,0->0,0,0,0,0
119.4333,-2.4277,0,0,0,0->0,0,0,0,0
119.4512,-2.4232,0,0,0,0->0,0,0,0,0
119.4647,-2.3963,0,0,0,0->0,0,0,0,0
119.4288,-2.3873,0,0,0,0->0,0,0,0,0
119.4333,-2.3873,0,0,0,0->0,0,0,0,0
119.4917,-2.3828,0,0,0,0->0,0,0,0,0
119.4378,-2.3783,0,0,0,0->0,0,0,0,0
119.4827,-2.3738,0,0,0,0->0,0,0,0,0
119.4647,-2.3648,0,0,0,0->0,0,0,0,0
119.4512,-2.3603,0,0,0,0->0,0,0,0,0
119.4557,-2.3603,0,0,0,0->0,0,0,0,0
119.4692,-2.3603,0,0,0,0->0,0,0,0,0
119.4243,-2.3558,0,0,0,0->0,0,0,0,0
119.4557,-2.3558,0,0,0,0->0,0,0,0,0
119.4647,-2.3513,0,0,0,0->0,0,0,0,0
119.4872,-2.3513,0,0,0,0->0,0,0,0,0
119.4378,-2.3468,0,0,0,0->0,0,0,0,0
119.4737,-2.3468,0,0,0,0->0,0,0,0,0
119.4782,-2.3379,0,0,0,0->0,0,0,0,0
119.4243,-2.3289,0,0,0,0->0,0,0,0,0
119.4333,-2.3289,0,0,0,0->0,0,0,0,0
119.4917,-2.3244,0,0,0,0->0,0,0,0,0
119.4557,-2.3154,0,0,0,0->0,0,0,0,0
119.4288,-2.3109,0,0,0,0->0,0,0,0,0
119.4782,-2.2929,0,0,0,0->0,0,0,0,0
119.4557,-2.2885,0,0,0,0->0,0,0,0,0
119.4647,-2.2885,0,0,0,0->0,0,0,0,0
119.4243,-2.284,0,0,0,0->0,0,0,0,0
119.4288,-2.284,0,0,0,0->0,0,0,0,0
119.4782,-2.284,0,0,0,0->0,0,0,0,0
119.4737,-2.2795,0,0,0,0->0,0,0,0,0
119.4288,-2.275,0,1,1,0->1,1,0,0,0
119.4782,-2.275,0,0,0,0->0,0,0,0,0
119.4467,-2.2705,0,0,0,0->0,0,0,0,0
119.4378,-2.266,0,0,0,0->0,0,0,0,0
119.4422,-2.266,0,0,0,0->0,0,0,0,0
119.4557,-2.266,0,0,0,0->0,0,0,0,0
119.4467,-2.2615,0,0,0,0->0,0,0,0,0
119.4512,-2.2615,1,1,0,1->1,0,0,0,0
119.4512,-2.257,1,1,0,1->1,0,0,0,0
119.4333,-2.2525,0,0,0,0->0,0,0,0,0
119.4692,-2.2525,0,0,0,0->0,0,0,0,0
119.4737,-2.2525,0,0,0,0->0,0,0,0,0
119.4872,-2.2525,0,0,0,0->0,0,0,0,0
119.4917,-2.248,0,0,0,0->0,0,0,0,0
119.4243,-2.2435,1,1,0,1->1,0,0,0,0
119.4422,-2.2435,0,0,0,0->0,0,0,0,0
119.4602,-2.2435,0,0,0,0->0,0,0,0,0
119.4737,-2.2435,0,0,0,0->0,0,0,0,0
119.4961,-2.2435,0,0,0,0->0,0,0,0,0
119.4467,-2.2391,0,0,0,0->0,0,0,0,0
119.4647,-2.2391,0,0,0,0->0,0,0,0,0
119.4827,-2.2391,0,0,0,0->0,0,0,0,0
119.4872,-2.2391,0,0,0,0->0,0,0,0,0
119.4422,-2.2346,0,0,0,0->0,0,0,0,0
119.4422,-2.2301,0,0,0,0->0,0,0,0,0
119.4647,-2.2301,0,0,0,0->0,0,0,0,0
119.4243,-2.2256,0,0,0,0->0,0,0,0,0
119.4467,-2.2256,0,0,0,0->0,0,0,0,0
119.4692,-2.2166,1,0,1,1->0,0,1,0,0
119.4872,-2.2166,0,0,0,0->0,0,0,0,0
119.4467,-2.2121,0,0,0,0->0,0,0,0,0
119.4647,-2.2121,1,0,1,1->0,0,1,0,0
119.4288,-2.2076,0,0,0,0->0,0,0,0,0
119.4467,-2.2076,0,0,0,0->0,0,0,0,0
119.4961,-2.2076,0,0,0,0->0,0,0,0,0
119.4243,-2.2031,0,0,0,0->0,0,0,0,0
119.4961,-2.2031,0,0,0,0->0,0,0,0,0
119.4422,-2.1941,0,0,0,0->0,0,0,0,0
119.4602,-2.1941,0,0,0,0->0,0,0,0,0
119.4243,-2.1896,1,0,1,1->0,0,1,0,0
119.4827,-2.1896,0,0,0,0->0,0,0,0,0
119.4917,-2.1896,0,0,0,0->0,0,0,0,0
119.4557,-2.1852,0,0,0,0->0,0,0,0,0
119.4288,-2.1807,0,0,0,0->0,0,0,0,0
119.4378,-2.1807,0,0,0,0->0,0,0,0,0
119.4467,-2.1807,0,0,0,0->0,0,0,0,0
119.4647,-2.1807,0,0,0,0->0,0,0,0,0
119.4288,-2.1717,0,0,0,0->0,0,0,0,0
119.4917,-2.1717,1,1,0,1->1,0,0,0,0
119.4378,-2.1582,0,0,0,0->0,0,0,0,0
119.4692,-2.1582,0,0,0,0->0,0,0,0,0
119.4827,-2.1582,1,0,1,1->0,0,1,0,0
119.4467,-2.1268,0,0,0,0->0,0,0,0,0
119.4827,-2.1268,0,0,0,0->0,0,0,0,0
119.4378,-2.1223,0,0,0,0->0,0,0,0,0
119.4467,-2.1223,0,1,1,0->1,1,0,0,0
119.4557,-2.1178,0,1,1,0->1,1,0,0,0
119.4692,-2.1178,0,0,0,0->0,0,0,0,0
119.4827,-2.1178,0,0,0,0->0,0,0,0,0
119.4872,-2.1178,0,0,0,0->0,0,0,0,0
119.4917,-2.1178,0,0,0,0->0,0,0,0,0
119.4288,-2.1133,0,0,0,0->0,0,0,0,0
119.4333,-2.1133,0,0,0,0->0,0,0,0,0
119.4467,-2.1133,1,1,0,1->1,0,0,0,0
119.4782,-2.1088,0,0,0,0->0,0,0,0,0
119.4827,-2.1043,0,0,0,0->0,0,0,0,0
119.4557,-2.0863,0,0,0,0->0,0,0,0,0
119.4243,-2.0729,1,1,0,1->1,0,0,0,0
119.4422,-2.0684,0,0,0,0->0,0,0,0,0
119.4827,-2.0684,0,1,1,0->1,1,0,0,0
119.4243,-2.0639,0,0,0,0->0,0,0,0,0
119.4782,-2.0639,0,0,0,0->0,0,0,0,0
119.4467,-2.0594,0,0,0,0->0,0,0,0,0
119.4512,-2.0594,0,0,0,0->0,0,0,0,0
119.4827,-2.0594,0,0,0,0->0,0,0,0,0
119.4467,-2.0504,0,0,0,0->0,0,0,0,0
119.4557,-2.0324,0,0,0,0->0,0,0,0,0
119.4917,-2.0235,0,0,0,0->0,0,0,0,0
119.4288,-2.019,0,0,0,0->0,0,0,0,0
119.4647,-2.019,0,0,0,0->0,0,0,0,0
119.4917,-2.0145,0,0,0,0->0,0,0,0,0
119.4378,-2.0055,0,1,1,0->1,1,0,0,0
119.4961,-2.0055,0,0,0,0->0,0,0,0,0
119.4512,-2.001,0,1,1,0->1,1,0,0,0
119.4782,-2.001,0,0,0,0->0,0,0,0,0
119.4243,-1.9965,0,0,0,0->0,0,0,0,0
119.4288,-1.9965,0,0,0,0->0,0,0,0,0
119.4692,-1.9965,0,0,0,0->0,0,0,0,0
119.4288,-1.9875,0,0,0,0->0,0,0,0,0
119.4647,-1.9785,0,0,0,0->0,0,0,0,0
119.4917,-1.9785,1,0,1,1->0,0,1,0,0
119.4602,-1.974,0,0,0,0->0,0,0,0,0
119.4827,-1.974,0,0,0,0->0,0,0,0,0
119.4692,-1.9651,0,0,0,0->0,0,0,0,0
119.4961,-1.9561,0,0,0,0->0,0,0,0,0
119.4602,-1.9336,0,0,0,0->0,0,0,0,0
119.4827,-1.9336,0,0,0,0->0,0,0,0,0
119.4737,-1.9246,0,0,0,0->0,0,0,0,0
119.4467,-1.9201,0,0,0,0->0,0,0,0,0
119.4917,-1.9201,0,0,0,0->0,0,0,0,0
119.4827,-1.9157,0,0,0,0->0,0,0,0,0
119.4961,-1.9112,0,0,0,0->0,0,0,0,0
113.6751,-2.4771,0,0,0,0->0,0,0,0,0
113.6885,-2.4726,0,0,0,0->0,0,0,0,0
113.7379,-2.4726,0,0,0,0->0,0,0,0,0
113.7245,-2.4681,0,0,0,0->0,0,0,0,0
113.72,-2.4636,0,0,0,0->0,0,0,0,0
113.7335,-2.4636,0,0,0,0->0,0,0,0,0
113.7694,-2.4636,0,0,0,0->0,0,0,0,0
113.72,-2.4591,0,0,0,0->0,0,0,0,0
113.7604,-2.4591,0,0,0,0->0,0,0,0,0
113.693,-2.4546,0,0,0,0->0,0,0,0,0
113.7649,-2.4546,0,0,0,0->0,0,0,0,0
113.7155,-2.4502,0,0,0,0->0,0,0,0,0
113.7514,-2.4502,0,0,0,0->0,0,0,0,0
113.693,-2.4457,0,0,0,0->0,0,0,0,0
113.7065,-2.4457,0,0,0,0->0,0,0,0,0
113.7424,-2.4457,0,0,0,0->0,0,0,0,0
113.6751,-2.4412,0,0,0,0->0,0,0,0,0
113.729,-2.4412,0,0,0,0->0,0,0,0,0
113.7335,-2.4412,0,0,0,0->0,0,0,0,0
113.7829,-2.4412,0,0,0,0->0,0,0,0,0
113.6796,-2.4367,0,0,0,0->0,0,0,0,0
113.7335,-2.4367,0,0,0,0->0,0,0,0,0
113.7649,-2.4367,0,0,0,0->0,0,0,0,0
113.6885,-2.4322,0,0,0,0->0,0,0,0,0
113.6975,-2.4322,0,0,0,0->0,0,0,0,0
113.711,-2.4322,0,0,0,0->0,0,0,0,0
113.7155,-2.4322,0,0,0,0->0,0,0,0,0
113.7469,-2.4322,0,0,0,0->0,0,0,0,0
113.7649,-2.4322,0,0,0,0->0,0,0,0,0
113.693,-2.4277,0,0,0,0->0,0,0,0,0
113.6796,-2.4232,0,0,0,0->0,0,0,0,0
113.7649,-2.4232,0,0,0,0->0,0,0,0,0
113.7469,-2.4187,0,0,0,0->0,0,0,0,0
113.7514,-2.4187,0,0,0,0->0,0,0,0,0
113.6885,-2.4142,0,0,0,0->0,0,0,0,0
113.7469,-2.4097,0,0,0,0->0,0,0,0,0
113.7559,-2.4097,0,0,0,0->0,0,0,0,0
113.6885,-2.3963,0,0,0,0->0,0,0,0,0
113.7514,-2.3963,0,0,0,0->0,0,0,0,0
113.7649,-2.3963,0,0,0,0->0,0,0,0,0
113.7739,-2.3963,1,1,0,1->1,0,0,0,0
113.6796,-2.3918,0,0,0,0->0,0,0,0,0
113.7065,-2.3918,0,0,0,0->0,0,0,0,0
113.7335,-2.3918,0,0,0,0->0,0,0,0,0
113.7604,-2.3918,0,0,0,0->0,0,0,0,0
113.7829,-2.3873,1,1,0,1->1,0,0,0,0
113.7335,-2.3783,0,0,0,0->0,0,0,0,0
113.693,-2.3738,0,0,0,0->0,0,0,0,0
113.711,-2.3738,0,0,0,0->0,0,0,0,0
113.7065,-2.3693,0,0,0,0->0,0,0,0,0
113.7379,-2.3693,0,0,0,0->0,0,0,0,0
113.7424,-2.3693,0,0,0,0->0,0,0,0,0
113.6885,-2.3603,0,0,0,0->0,0,0,0,0
113.7784,-2.3468,0,0,0,0->0,0,0,0,0
113.7065,-2.3379,0,0,0,0->0,0,0,0,0
113.7559,-2.3379,0,0,0,0->0,0,0,0,0
113.7694,-2.3379,0,0,0,0->0,0,0,0,0
113.7784,-2.3334,0,0,0,0->0,0,0,0,0
113.7469,-2.3199,0,0,0,0->0,0,0,0,0
113.7065,-2.3154,0,0,0,0->0,0,0,0,0
113.7784,-2.3154,0,0,0,0->0,0,0,0,0
113.711,-2.3109,0,0,0,0->0,0,0,0,0
113.7424,-2.3019,0,0,0,0->0,0,0,0,0
113.7649,-2.2929,0,0,0,0->0,0,0,0,0
113.72,-2.2885,0,0,0,0->0,0,0,0,0
113.7739,-2.284,0,0,0,0->0,0,0,0,0
113.711,-2.2795,0,0,0,0->0,0,0,0,0
113.7379,-2.2795,0,0,0,0->0,0,0,0,0
113.711,-2.275,0,0,0,0->0,0,0,0,0
113.7784,-2.275,0,0,0,0->0,0,0,0,0
113.7469,-2.2705,0,0,0,0->0,0,0,0,0
113.7829,-2.2705,0,0,0,0->0,0,0,0,0
113.7335,-2.266,0,0,0,0->0,0,0,0,0
113.711,-2.2615,0,0,0,0->0,0,0,0,0
113.72,-2.2615,0,0,0,0->0,0,0,0,0
113.7155,-2.257,0,0,0,0->0,0,0,0,0
113.7559,-2.257,0,0,0,0->0,0,0,0,0
113.7829,-2.2525,1,0,1,1->0,0,1,0,0
113.72,-2.248,0,0,0,0->0,0,0,0,0
113.7829,-2.248,1,1,0,1->1,0,0,0,0
113.72,-2.2435,0,0,0,0->0,0,0,0,0
113.7379,-2.2435,0,0,0,0->0,0,0,0,0
113.72,-2.2391,0,0,0,0->0,0,0,0,0
113.7784,-2.2391,1,1,0,1->1,0,0,0,0
113.7379,-2.2346,0,0,0,0->0,0,0,0,0
113.7559,-2.2346,0,0,0,0->0,0,0,0,0
113.7155,-2.2301,0,0,0,0->0,0,0,0,0
113.7694,-2.2256,0,0,0,0->0,0,0,0,0
113.7559,-2.2166,0,0,0,0->0,0,0,0,0
113.7694,-2.2166,0,0,0,0->0,0,0,0,0
113.7829,-2.2166,1,1,0,1->1,0,0,0,0
113.7694,-2.2031,0,0,0,0->0,0,0,0,0
113.72,-2.1986,0,0,0,0->0,0,0,0,0
113.7245,-2.1941,0,0,0,0->0,0,0,0,0
113.7604,-2.1941,0,0,0,0->0,0,0,0,0
113.7829,-2.1941,0,0,0,0->0,0,0,0,0
113.7559,-2.1852,0,0,0,0->0,0,0,0,0
113.7784,-2.1852,0,0,0,0->0,0,0,0,0
113.7424,-2.1807,0,0,0,0->0,0,0,0,0
113.7469,-2.1717,0,0,0,0->0,0,0,0,0
113.7739,-2.1672,1,0,1,1->0,0,1,0,0
113.7739,-2.1627,1,0,1,1->0,0,1,0,0
113.7469,-2.1402,0,0,0,0->0,0,0,0,0
113.7424,-2.1313,0,0,0,0->0,0,0,0,0
113.7784,-2.1313,0,0,0,0->0,0,0,0,0
113.7424,-2.1268,0,0,0,0->0,0,0,0,0
113.7559,-2.1268,1,0,1,1->0,0,1,0,0
113.7694,-2.1268,1,1,0,1->1,0,0,0,0
113.7604,-2.1223,0,0,0,0->0,0,0,0,0
113.7514,-2.1178,1,1,0,1->1,0,0,0,0
113.7829,-2.1088,0,0,0,0->0,0,0,0,0
113.7469,-2.0908,1,1,0,1->1,0,0,0,0
113.7739,-2.0818,0,1,1,0->1,1,0,0,0
113.7514,-2.0729,1,2,1,1->2,0,0,1,0
113.7829,-2.0729,0,0,0,0->0,0,0,0,0
113.7784,-2.0684,1,0,1,1->0,0,1,0,0
113.7694,-2.0594,0,1,1,0->1,1,0,0,0
113.7604,-2.0414,1,0,1,1->0,0,1,0,0
113.7559,-2.0369,1,0,1,1->0,0,1,0,0
113.7649,-2.0369,1,1,0,1->1,0,0,0,0
113.7829,-2.0235,0,1,1,0->1,1,0,0,0
113.7784,-2.01,1,1,0,1->1,0,0,0,0
113.7784,-1.992,1,1,0,1->1,0,0,0,0
113.7829,-1.983,0,0,0,0->0,0,0,0,0
113.7829,-1.9785,0,0,0,0->0,0,0,0,0
113.7739,-1.9651,1,1,0,1->1,0,0,0,0
118.8404,-2.7735,1,0,1,1->0,0,1,0,0
118.8269,-2.7646,0,1,1,0->1,1,0,0,0
118.8359,-2.7511,0,1,1,0->1,1,0,0,0
118.8044,-2.7466,0,1,1,0->1,1,0,0,0
118.8314,-2.7466,0,1,1,0->1,1,0,0,0
118.8269,-2.7196,0,1,1,0->1,1,0,0,0
118.8179,-2.7152,1,1,0,1->1,0,0,0,0
118.8089,-2.7062,0,0,0,0->0,0,0,0,0
118.8449,-2.6882,1,1,0,1->1,0,0,0,0
118.8134,-2.6837,0,0,0,0->0,0,0,0,0
118.8,-2.6792,1,1,0,1->1,0,0,0,0
118.8134,-2.6792,0,0,0,0->0,0,0,0,0
118.8224,-2.6702,0,0,0,0->0,0,0,0,0
118.8314,-2.6568,0,0,0,0->0,0,0,0,0
118.8089,-2.6478,1,1,0,1->1,0,0,0,0
118.8404,-2.6478,1,1,0,1->1,0,0,0,0
118.8314,-2.6433,1,1,0,1->1,0,0,0,0
118.8314,-2.6163,4,4,0,4->4,0,0,0,0
118.8,-2.6029,4,4,0,4->4,0,0,0,0
111.9054,-1.9022,0,0,0,0->0,0,0,0,0
111.9099,-1.8977,0,0,0,0->0,0,0,0,0
111.9323,-1.8797,0,0,0,0->0,0,0,0,0
111.9144,-1.8752,0,0,0,0->0,0,0,0,0
111.9233,-1.8752,0,0,0,0->0,0,0,0,0
111.9144,-1.8707,0,1,1,0->1,1,0,0,0
111.9323,-1.8618,0,0,0,0->0,0,0,0,0
111.9009,-1.8483,0,0,0,0->0,0,0,0,0
111.9278,-1.8438,0,0,0,0->0,0,0,0,0
111.9323,-1.8438,0,0,0,0->0,0,0,0,0
111.9144,-1.8393,0,0,0,0->0,0,0,0,0
111.9233,-1.8393,0,0,0,0->0,0,0,0,0
111.9144,-1.8348,0,0,0,0->0,0,0,0,0
111.9323,-1.8303,0,0,0,0->0,0,0,0,0
111.9099,-1.8213,0,0,0,0->0,0,0,0,0
111.9458,-1.8168,1,0,1,1->0,0,1,0,0
111.9323,-1.8124,0,0,0,0->0,0,0,0,0
119.0425,-2.4771,4,4,0,4->4,0,0,0,0
119.0829,-2.4771,4,4,0,4->4,0,0,0,0
119.2805,-2.4771,0,0,0,0->0,0,0,0,0
119.294,-2.4771,0,0,0,0->0,0,0,0,0
119.312,-2.4771,0,0,0,0->0,0,0,0,0
119.3883,-2.4771,1,1,0,1->1,0,0,0,0
119.0066,-2.4726,4,4,0,4->4,0,0,0,0
119.0335,-2.4726,4,4,0,4->4,0,0,0,0
119.038,-2.4726,4,4,0,4->4,0,0,0,0
119.0694,-2.4726,4,4,0,4->4,0,0,0,0
119.0739,-2.4726,4,4,0,4->4,0,0,0,0
119.1278,-2.4726,4,4,0,4->4,0,0,0,0
119.1323,-2.4726,4,4,0,4->4,0,0,0,0
119.1368,-2.4726,4,4,0,4->4,0,0,0,0
119.2356,-2.4726,0,0,0,0->0,0,0,0,0
119.2536,-2.4726,0,0,0,0->0,0,0,0,0
119.312,-2.4726,0,0,0,0->0,0,0,0,0
119.0111,-2.4681,4,4,0,4->4,0,0,0,0
119.2761,-2.4681,0,0,0,0->0,0,0,0,0
119.312,-2.4681,0,0,0,0->0,0,0,0,0
119.3704,-2.4681,0,1,1,0->1,1,0,0,0
119.3928,-2.4681,1,1,0,1->1,0,0,0,0
119.1997,-2.4636,0,0,0,0->0,0,0,0,0
119.2761,-2.4636,0,0,0,0->0,0,0,0,0
119.3075,-2.4636,0,0,0,0->0,0,0,0,0
119.0515,-2.4591,4,4,0,4->4,0,0,0,0
119.2446,-2.4591,0,0,0,0->0,0,0,0,0
119.3389,-2.4591,0,0,0,0->0,0,0,0,0
119.3928,-2.4591,0,0,0,0->0,0,0,0,0
119.0784,-2.4546,4,4,0,4->4,0,0,0,0
119.0919,-2.4546,4,4,0,4->4,0,0,0,0
119.3434,-2.4546,0,0,0,0->0,0,0,0,0
119.3614,-2.4546,0,0,0,0->0,0,0,0,0
119.1368,-2.4502,1,2,1,1->2,0,0,1,0
119.303,-2.4502,0,0,0,0->0,0,0,0,0
119.4198,-2.4502,1,1,0,1->1,0,0,0,0
119.1233,-2.4457,4,4,0,4->4,0,0,0,0
119.1728,-2.4457,1,1,0,1->1,0,0,0,0
119.3479,-2.4457,0,0,0,0->0,0,0,0,0
119.2087,-2.4412,0,0,0,0->0,0,0,0,0
119.2267,-2.4412,0,0,0,0->0,0,0,0,0
119.2626,-2.4412,0,0,0,0->0,0,0,0,0
119.2761,-2.4412,0,0,0,0->0,0,0,0,0
119.1278,-2.4367,4,4,0,4->4,0,0,0,0
119.1503,-2.4367,1,1,0,1->1,0,0,0,0
119.2222,-2.4367,0,0,0,0->0,0,0,0,0
119.3704,-2.4367,0,0,0,0->0,0,0,0,0
119.3973,-2.4367,0,0,0,0->0,0,0,0,0
119.1009,-2.4322,4,4,0,4->4,0,0,0,0
119.2356,-2.4322,0,0,0,0->0,0,0,0,0
119.2671,-2.4322,0,0,0,0->0,0,0,0,0
119.3749,-2.4322,0,0,0,0->0,0,0,0,0
119.3794,-2.4322,0,0,0,0->0,0,0,0,0
119.2222,-2.4277,0,0,0,0->0,0,0,0,0
119.3075,-2.4277,0,0,0,0->0,0,0,0,0
119.4198,-2.4277,1,1,0,1->1,0,0,0,0
119.2267,-2.4232,0,0,0,0->0,0,0,0,0
119.33,-2.4232,0,0,0,0->0,0,0,0,0
119.2716,-2.4187,0,0,0,0->0,0,0,0,0
119.2895,-2.4187,0,0,0,0->0,0,0,0,0
119.303,-2.4187,0,0,0,0->0,0,0,0,0
119.3075,-2.4187,0,0,0,0->0,0,0,0,0
119.3659,-2.4187,0,0,0,0->0,0,0,0,0
119.2356,-2.4142,0,0,0,0->0,0,0,0,0
119.2491,-2.4142,0,0,0,0->0,0,0,0,0
119.33,-2.4142,0,1,1,0->1,1,0,0,0
119.3434,-2.4142,0,0,0,0->0,0,0,0,0
119.3659,-2.4142,0,0,0,0->0,0,0,0,0
119.1862,-2.4097,0,0,0,0->0,0,0,0,0
119.1952,-2.4097,1,1,0,1->1,0,0,0,0
119.2267,-2.4097,1,1,0,1->1,0,0,0,0
119.2985,-2.4097,0,0,0,0->0,0,0,0,0
119.3524,-2.4097,0,0,0,0->0,0,0,0,0
119.3614,-2.4097,0,0,0,0->0,0,0,0,0
119.4198,-2.4097,0,0,0,0->0,0,0,0,0
119.2177,-2.4052,0,0,0,0->0,0,0,0,0
119.3524,-2.4052,0,0,0,0->0,0,0,0,0
119.1233,-2.4007,4,4,0,4->4,0,0,0,0
119.1278,-2.4007,4,4,0,4->4,0,0,0,0
119.3255,-2.4007,0,0,0,0->0,0,0,0,0
119.1189,-2.3963,4,4,0,4->4,0,0,0,0
119.2716,-2.3963,0,0,0,0->0,0,0,0,0
119.285,-2.3963,0,0,0,0->0,0,0,0,0
119.3569,-2.3963,0,0,0,0->0,0,0,0,0
119.3839,-2.3963,0,0,0,0->0,0,0,0,0
119.1099,-2.3918,4,4,0,4->4,0,0,0,0
119.1233,-2.3918,4,4,0,4->4,0,0,0,0
119.2222,-2.3918,0,0,0,0->0,0,0,0,0
119.3614,-2.3918,0,0,0,0->0,0,0,0,0
119.4063,-2.3918,0,0,0,0->0,0,0,0,0
119.4108,-2.3918,0,0,0,0->0,0,0,0,0
119.1189,-2.3873,4,4,0,4->4,0,0,0,0
119.2446,-2.3873,1,1,0,1->1,0,0,0,0
119.3389,-2.3873,0,0,0,0->0,0,0,0,0
119.3973,-2.3873,0,0,0,0->0,0,0,0,0
119.1233,-2.3828,4,4,0,4->4,0,0,0,0
119.3883,-2.3828,0,0,0,0->0,0,0,0,0
119.321,-2.3783,0,0,0,0->0,0,0,0,0
119.3479,-2.3783,0,0,0,0->0,0,0,0,0
119.4153,-2.3783,0,0,0,0->0,0,0,0,0
119.1099,-2.3738,4,4,0,4->4,0,0,0,0
119.2895,-2.3738,1,1,0,1->1,0,0,0,0
119.4108,-2.3738,0,0,0,0->0,0,0,0,0
119.2716,-2.3693,0,1,1,0->1,1,0,0,0
119.3344,-2.3693,0,0,0,0->0,0,0,0,0
119.3704,-2.3693,0,0,0,0->0,0,0,0,0
119.2311,-2.3603,1,1,0,1->1,0,0,0,0
119.2671,-2.3603,1,1,0,1->1,0,0,0,0
119.3839,-2.3603,0,0,0,0->0,0,0,0,0
119.1952,-2.3558,0,1,1,0->1,1,0,0,0
119.294,-2.3513,0,0,0,0->0,0,0,0,0
119.33,-2.3513,0,0,0,0->0,0,0,0,0
119.3524,-2.3513,0,0,0,0->0,0,0,0,0
119.1728,-2.3468,1,1,0,1->1,0,0,0,0
119.3389,-2.3468,0,0,0,0->0,0,0,0,0
119.3569,-2.3468,0,0,0,0->0,0,0,0,0
119.3614,-2.3468,0,0,0,0->0,0,0,0,0
119.1054,-2.3424,4,4,0,4->4,0,0,0,0
119.3659,-2.3424,0,0,0,0->0,0,0,0,0
119.1728,-2.3379,2,2,0,2->2,0,0,0,0
119.3569,-2.3379,0,0,0,0->0,0,0,0,0
119.3839,-2.3379,0,0,0,0->0,0,0,0,0
119.2132,-2.3334,1,0,1,1->0,0,1,0,0
119.2311,-2.3334,1,0,1,1->0,0,1,0,0
119.2671,-2.3334,0,0,0,0->0,0,0,0,0
119.3524,-2.3334,0,0,0,0->0,0,0,0,0
119.3749,-2.3334,0,0,0,0->0,0,0,0,0
119.4063,-2.3334,0,0,0,0->0,0,0,0,0
119.1683,-2.3289,1,0,1,1->0,0,1,0,0
119.1862,-2.3289,1,1,0,1->1,0,0,0,0
119.3434,-2.3289,0,0,0,0->0,0,0,0,0
119.3524,-2.3289,0,0,0,0->0,0,0,0,0
119.3794,-2.3289,0,0,0,0->0,0,0,0,0
119.321,-2.3244,1,1,0,1->1,0,0,0,0
119.312,-2.3199,0,0,0,0->0,0,0,0,0
119.3883,-2.3199,0,0,0,0->0,0,0,0,0
119.3255,-2.3154,0,0,0,0->0,0,0,0,0
119.3569,-2.3154,0,0,0,0->0,0,0,0,0
119.3749,-2.3154,0,0,0,0->0,0,0,0,0
119.4108,-2.3154,0,0,0,0->0,0,0,0,0
119.1862,-2.3109,0,1,1,0->1,1,0,0,0
119.1952,-2.3109,2,2,0,2->2,0,0,0,0
119.2356,-2.3109,0,0,0,0->0,0,0,0,0
119.3973,-2.3109,0,0,0,0->0,0,0,0,0
119.4063,-2.3109,0,0,0,0->0,0,0,0,0
119.1548,-2.3064,1,0,1,1->0,0,1,0,0
119.1907,-2.3064,1,2,1,1->2,0,0,1,0
119.2042,-2.3064,1,1,0,1->1,0,0,0,0
119.285,-2.3064,0,0,0,0->0,0,0,0,0
119.303,-2.3064,0,0,0,0->0,0,0,0,0
119.312,-2.3064,0,0,0,0->0,0,0,0,0
119.321,-2.3064,0,0,0,0->0,0,0,0,0
119.4018,-2.3064,0,0,0,0->0,0,0,0,0
119.4153,-2.3064,0,0,0,0->0,0,0,0,0
119.2536,-2.3019,0,0,0,0->0,0,0,0,0
119.321,-2.3019,0,1,1,0->1,1,0,0,0
119.1593,-2.2974,1,1,0,1->1,0,0,0,0
119.2222,-2.2974,0,0,0,0->0,0,0,0,0
119.2446,-2.2974,0,0,0,0->0,0,0,0,0
119.2671,-2.2974,0,0,0,0->0,0,0,0,0
119.2761,-2.2974,0,0,0,0->0,0,0,0,0
119.3839,-2.2929,0,0,0,0->0,0,0,0,0
119.1772,-2.2885,1,0,1,1->0,0,1,0,0
119.2177,-2.2885,1,0,1,1->0,0,1,0,0
119.2671,-2.2885,1,1,0,1->1,0,0,0,0
119.294,-2.2885,0,0,0,0->0,0,0,0,0
119.3075,-2.2885,0,0,0,0->0,0,0,0,0
119.3165,-2.284,0,0,0,0->0,0,0,0,0
119.3973,-2.284,0,0,0,0->0,0,0,0,0
119.2401,-2.2795,0,0,0,0->0,0,0,0,0
119.2985,-2.2795,0,0,0,0->0,0,0,0,0
119.3165,-2.2795,0,0,0,0->0,0,0,0,0
119.1593,-2.275,0,0,0,0->0,0,0,0,0
119.2087,-2.275,1,0,1,1->0,0,1,0,0
119.2132,-2.275,0,1,1,0->1,1,0,0,0
119.2311,-2.275,0,0,0,0->0,0,0,0,0
119.2356,-2.275,0,0,0,0->0,0,0,0,0
119.2401,-2.275,1,1,0,1->1,0,0,0,0
119.2446,-2.275,1,1,0,1->1,0,0,0,0
119.2581,-2.275,0,0,0,0->0,0,0,0,0
119.2716,-2.275,0,0,0,0->0,0,0,0,0
119.312,-2.275,0,0,0,0->0,0,0,0,0
119.4153,-2.275,0,0,0,0->0,0,0,0,0
119.2446,-2.2705,1,1,0,1->1,0,0,0,0
119.3255,-2.2705,0,0,0,0->0,0,0,0,0
119.3569,-2.2705,0,0,0,0->0,0,0,0,0
119.4063,-2.2705,0,0,0,0->0,0,0,0,0
119.2177,-2.266,1,1,0,1->1,0,0,0,0
119.33,-2.266,0,0,0,0->0,0,0,0,0
119.2042,-2.2615,1,1,0,1->1,0,0,0,0
119.2716,-2.2615,0,0,0,0->0,0,0,0,0
119.3704,-2.2615,0,0,0,0->0,0,0,0,0
119.3794,-2.2615,0,0,0,0->0,0,0,0,0
119.1638,-2.257,0,0,0,0->0,0,0,0,0
119.2985,-2.257,0,0,0,0->0,0,0,0,0
119.1593,-2.2525,1,1,0,1->1,0,0,0,0
119.3614,-2.2525,0,1,1,0->1,1,0,0,0
119.4108,-2.2525,0,0,0,0->0,0,0,0,0
119.2491,-2.248,1,1,0,1->1,0,0,0,0
119.3794,-2.248,0,0,0,0->0,0,0,0,0
119.1503,-2.2435,1,1,0,1->1,0,0,0,0
119.2177,-2.2435,1,1,0,1->1,0,0,0,0
119.2267,-2.2435,1,0,1,1->0,0,1,0,0
119.2491,-2.2435,1,1,0,1->1,0,0,0,0
119.2805,-2.2435,1,1,0,1->1,0,0,0,0
119.3075,-2.2435,0,0,0,0->0,0,0,0,0
119.3973,-2.2435,0,0,0,0->0,0,0,0,0
119.2805,-2.2391,0,1,1,0->1,1,0,0,0
119.2536,-2.2346,1,1,0,1->1,0,0,0,0
119.303,-2.2346,1,0,1,1->0,0,1,0,0
119.3344,-2.2346,0,0,0,0->0,0,0,0,0
119.3704,-2.2346,0,0,0,0->0,0,0,0,0
119.3928,-2.2346,2,2,0,2->2,0,0,0,0
119.4018,-2.2346,1,1,0,1->1,0,0,0,0
119.1099,-2.2301,4,4,0,4->4,0,0,0,0
119.2042,-2.2301,1,1,0,1->1,0,0,0,0
119.2222,-2.2301,1,1,0,1->1,0,0,0,0
119.2985,-2.2301,1,1,0,1->1,0,0,0,0
119.3389,-2.2301,0,0,0,0->0,0,0,0,0
119.3659,-2.2301,0,0,0,0->0,0,0,0,0
119.4018,-2.2301,1,1,0,1->1,0,0,0,0
119.1054,-2.2256,4,4,0,4->4,0,0,0,0
119.1323,-2.2256,4,4,0,4->4,0,0,0,0
119.1458,-2.2256,4,4,0,4->4,0,0,0,0
119.1728,-2.2256,1,0,1,1->0,0,1,0,0
119.2761,-2.2256,0,1,1,0->1,1,0,0,0
119.3614,-2.2256,0,0,0,0->0,0,0,0,0
119.3659,-2.2256,0,0,0,0->0,0,0,0,0
119.2087,-2.2211,1,1,0,1->1,0,0,0,0
119.321,-2.2211,0,0,0,0->0,0,0,0,0
119.3524,-2.2211,0,0,0,0->0,0,0,0,0
119.1009,-2.2166,4,4,0,4->4,0,0,0,0
119.1099,-2.2166,4,4,0,4->4,0,0,0,0
119.1728,-2.2166,0,0,0,0->0,0,0,0,0
119.1862,-2.2166,1,1,0,1->1,0,0,0,0
119.2087,-2.2166,1,1,0,1->1,0,0,0,0
119.2356,-2.2166,1,0,1,1->0,0,1,0,0
119.2626,-2.2166,1,0,1,1->0,0,1,0,0
119.2671,-2.2166,1,0,1,1->0,0,1,0,0
119.3075,-2.2166,0,0,0,0->0,0,0,0,0
119.3344,-2.2166,0,0,0,0->0,0,0,0,0
119.3704,-2.2166,1,0,1,1->0,0,1,0,0
119.1099,-2.2121,4,4,0,4->4,0,0,0,0
119.2311,-2.2121,0,0,0,0->0,0,0,0,0
119.2716,-2.2121,1,0,1,1->0,0,1,0,0
119.303,-2.2121,0,0,0,0->0,0,0,0,0
119.3389,-2.2121,0,0,0,0->0,0,0,0,0
119.3659,-2.2121,0,0,0,0->0,0,0,0,0
119.1323,-2.2076,4,4,0,4->4,0,0,0,0
119.1952,-2.2076,1,1,0,1->1,0,0,0,0
119.2716,-2.2076,0,1,1,0->1,1,0,0,0
119.2895,-2.2076,0,0,0,0->0,0,0,0,0
119.1907,-2.2031,1,1,0,1->1,0,0,0,0
119.3075,-2.2031,0,0,0,0->0,0,0,0,0
119.3839,-2.2031,0,0,0,0->0,0,0,0,0
119.1099,-2.1986,4,4,0,4->4,0,0,0,0
119.2536,-2.1986,1,1,0,1->1,0,0,0,0
119.285,-2.1986,1,1,0,1->1,0,0,0,0
119.3075,-2.1986,1,0,1,1->0,0,1,0,0
119.2581,-2.1941,1,1,0,1->1,0,0,0,0
119.2087,-2.1896,0,0,0,0->0,0,0,0,0
119.2985,-2.1896,0,0,0,0->0,0,0,0,0
119.4018,-2.1896,0,0,0,0->0,0,0,0,0
119.4108,-2.1896,0,0,0,0->0,0,0,0,0
119.1233,-2.1852,4,4,0,4->4,0,0,0,0
119.2311,-2.1852,1,1,0,1->1,0,0,0,0
119.2401,-2.1852,0,0,0,0->0,0,0,0,0
119.2581,-2.1852,1,1,0,1->1,0,0,0,0
119.3434,-2.1852,0,0,0,0->0,0,0,0,0
119.1009,-2.1807,4,4,0,4->4,0,0,0,0
119.1189,-2.1807,4,4,0,4->4,0,0,0,0
119.1683,-2.1807,0,0,0,0->0,0,0,0,0
119.3569,-2.1807,0,0,0,0->0,0,0,0,0
119.3704,-2.1807,0,0,0,0->0,0,0,0,0
119.4153,-2.1807,1,1,0,1->1,0,0,0,0
119.4198,-2.1807,1,0,1,1->0,0,1,0,0
119.1413,-2.1762,4,4,0,4->4,0,0,0,0
119.1683,-2.1762,0,0,0,0->0,0,0,0,0
119.1728,-2.1762,0,0,0,0->0,0,0,0,0
119.285,-2.1762,0,0,0,0->0,0,0,0,0
119.3075,-2.1762,0,0,0,0->0,0,0,0,0
119.3389,-2.1762,0,0,0,0->0,0,0,0,0
119.3883,-2.1762,0,0,0,0->0,0,0,0,0
119.1189,-2.1717,4,4,0,4->4,0,0,0,0
119.2222,-2.1717,0,0,0,0->0,0,0,0,0
119.3389,-2.1717,0,0,0,0->0,0,0,0,0
119.3479,-2.1717,0,0,0,0->0,0,0,0,0
119.3973,-2.1717,1,0,1,1->0,0,1,0,0
119.2401,-2.1672,0,0,0,0->0,0,0,0,0
119.2491,-2.1672,0,0,0,0->0,0,0,0,0
119.303,-2.1672,0,0,0,0->0,0,0,0,0
119.3165,-2.1672,0,0,0,0->0,0,0,0,0
119.1593,-2.1627,4,4,0,4->4,0,0,0,0
119.1683,-2.1627,0,0,0,0->0,0,0,0,0
119.1907,-2.1627,0,0,0,0->0,0,0,0,0
119.1952,-2.1627,0,0,0,0->0,0,0,0,0
119.2311,-2.1627,0,0,0,0->0,0,0,0,0
119.2356,-2.1627,0,0,0,0->0,0,0,0,0
119.2491,-2.1627,0,0,0,0->0,0,0,0,0
119.1368,-2.1582,4,4,0,4->4,0,0,0,0
119.1458,-2.1582,4,4,0,4->4,0,0,0,0
119.2042,-2.1582,1,0,1,1->0,0,1,0,0
119.1009,-2.1537,4,4,0,4->4,0,0,0,0
119.2356,-2.1537,0,0,0,0->0,0,0,0,0
119.3075,-2.1537,0,0,0,0->0,0,0,0,0
119.3389,-2.1537,0,0,0,0->0,0,0,0,0
119.2042,-2.1492,0,0,0,0->0,0,0,0,0
119.312,-2.1492,0,0,0,0->0,0,0,0,0
119.321,-2.1492,0,0,0,0->0,0,0,0,0
119.3883,-2.1492,0,0,0,0->0,0,0,0,0
119.2042,-2.1402,0,0,0,0->0,0,0,0,0
119.2267,-2.1402,1,1,0,1->1,0,0,0,0
119.33,-2.1402,0,0,0,0->0,0,0,0,0
119.1907,-2.1357,0,0,0,0->0,0,0,0,0
119.2626,-2.1357,0,0,0,0->0,0,0,0,0
119.3569,-2.1357,0,0,0,0->0,0,0,0,0
119.4063,-2.1357,0,0,0,0->0,0,0,0,0
119.4108,-2.1357,0,0,0,0->0,0,0,0,0
119.2222,-2.1313,0,1,1,0->1,1,0,0,0
119.2446,-2.1313,0,0,0,0->0,0,0,0,0
119.4063,-2.1313,1,0,1,1->0,0,1,0,0
119.3704,-2.1268,0,0,0,0->0,0,0,0,0
119.3749,-2.1268,0,0,0,0->0,0,0,0,0
119.3883,-2.1268,0,0,0,0->0,0,0,0,0
119.3973,-2.1268,1,0,1,1->0,0,1,0,0
119.1503,-2.1223,4,4,0,4->4,0,0,0,0
119.1593,-2.1223,4,4,0,4->4,0,0,0,0
119.2536,-2.1223,0,0,0,0->0,0,0,0,0
119.3704,-2.1223,0,0,0,0->0,0,0,0,0
119.312,-2.1178,0,0,0,0->0,0,0,0,0
119.4018,-2.1178,0,0,0,0->0,0,0,0,0
119.1593,-2.1133,4,4,0,4->4,0,0,0,0
119.1772,-2.1133,4,4,0,4->4,0,0,0,0
119.2042,-2.1133,1,0,1,1->0,0,1,0,0
119.2895,-2.1133,0,0,0,0->0,0,0,0,0
119.2985,-2.1133,0,0,0,0->0,0,0,0,0
119.3075,-2.1133,0,0,0,0->0,0,0,0,0
119.4108,-2.1133,1,1,0,1->1,0,0,0,0
119.2132,-2.1088,0,0,0,0->0,0,0,0,0
119.3344,-2.1088,1,0,1,1->0,0,1,0,0
119.3524,-2.1088,0,0,0,0->0,0,0,0,0
119.1503,-2.1043,4,4,0,4->4,0,0,0,0
119.1907,-2.1043,4,4,0,4->4,0,0,0,0
119.2446,-2.0998,0,0,0,0->0,0,0,0,0
119.2491,-2.0998,1,1,0,1->1,0,0,0,0
119.3389,-2.0998,0,0,0,0->0,0,0,0,0
119.1638,-2.0953,4,4,0,4->4,0,0,0,0
119.1862,-2.0953,4,4,0,4->4,0,0,0,0
119.2401,-2.0953,0,1,1,0->1,1,0,0,0
119.2761,-2.0953,0,1,1,0->1,1,0,0,0
119.3704,-2.0953,1,1,0,1->1,0,0,0,0
119.1997,-2.0908,0,1,1,0->1,1,0,0,0
119.2177,-2.0908,0,1,1,0->1,1,0,0,0
119.285,-2.0908,1,2,1,1->2,0,0,1,0
119.3839,-2.0908,0,0,0,0->0,0,0,0,0
119.2042,-2.0863,0,1,1,0->1,1,0,0,0
119.3749,-2.0863,0,0,0,0->0,0,0,0,0
119.2087,-2.0818,0,0,0,0->0,0,0,0,0
119.2132,-2.0818,0,1,1,0->1,1,0,0,0
119.2311,-2.0774,0,0,0,0->0,0,0,0,0
119.2267,-2.0729,0,0,0,0->0,0,0,0,0
119.294,-2.0729,1,2,1,1->2,0,0,1,0
119.3883,-2.0729,0,0,0,0->0,0,0,0,0
119.1503,-2.0684,4,4,0,4->4,0,0,0,0
119.1638,-2.0684,4,4,0,4->4,0,0,0,0
119.1907,-2.0684,4,4,0,4->4,0,0,0,0
119.2267,-2.0684,0,0,0,0->0,0,0,0,0
119.2446,-2.0684,0,0,0,0->0,0,0,0,0
119.285,-2.0684,2,2,0,2->2,0,0,0,0
119.33,-2.0684,0,0,0,0->0,0,0,0,0
119.4153,-2.0684,1,1,0,1->1,0,0,0,0
119.2132,-2.0639,0,0,0,0->0,0,0,0,0
119.3749,-2.0639,0,0,0,0->0,0,0,0,0
119.1638,-2.0594,4,4,0,4->4,0,0,0,0
119.2042,-2.0594,1,4,1,1->4,0,0,0,0
119.2177,-2.0594,0,0,0,0->0,0,0,0,0
119.3165,-2.0594,1,1,0,1->1,0,0,0,0
119.4018,-2.0594,0,0,0,0->0,0,0,0,0
119.2626,-2.0549,0,0,0,0->0,0,0,0,0
119.3928,-2.0549,0,0,0,0->0,0,0,0,0
119.1593,-2.0504,4,4,0,4->4,0,0,0,0
119.1997,-2.0504,4,4,0,4->4,0,0,0,0
119.2401,-2.0504,0,0,0,0->0,0,0,0,0
119.2536,-2.0504,0,2,1,0->2,1,0,1,0
119.33,-2.0504,0,0,0,0->0,0,0,0,0
119.3928,-2.0504,0,1,1,0->1,1,0,0,0
119.1548,-2.0459,4,4,0,4->4,0,0,0,0
119.2177,-2.0459,0,0,0,0->0,0,0,0,0
119.3794,-2.0459,0,0,0,0->0,0,0,0,0
119.2356,-2.0414,0,0,0,0->0,0,0,0,0
119.2401,-2.0414,1,1,0,1->1,0,0,0,0
119.3524,-2.0414,0,1,1,0->1,1,0,0,0
119.3794,-2.0414,0,0,0,0->0,0,0,0,0
119.3839,-2.0414,0,0,0,0->0,0,0,0,0
119.2671,-2.0369,0,0,0,0->0,0,0,0,0
119.3075,-2.0369,0,0,0,0->0,0,0,0,0
119.3794,-2.0369,0,0,0,0->0,0,0,0,0
119.3928,-2.0369,0,0,0,0->0,0,0,0,0
119.4153,-2.0369,0,0,0,0->0,0,0,0,0
119.2132,-2.0324,0,0,0,0->0,0,0,0,0
119.2446,-2.0324,0,0,0,0->0,0,0,0,0
119.2536,-2.0324,1,0,1,1->0,0,1,0,0
119.4153,-2.0324,0,0,0,0->0,0,0,0,0
119.1638,-2.0279,4,4,0,4->4,0,0,0,0
119.2985,-2.0279,0,0,0,0->0,0,0,0,0
119.3839,-2.0279,0,0,0,0->0,0,0,0,0
119.3883,-2.0279,0,0,0,0->0,0,0,0,0
119.1638,-2.0235,4,4,0,4->4,0,0,0,0
119.321,-2.0235,1,0,1,1->0,0,1,0,0
119.3749,-2.0235,0,1,1,0->1,1,0,0,0
119.3928,-2.0235,0,0,0,0->0,0,0,0,0
119.3973,-2.0235,0,0,0,0->0,0,0,0,0
119.1593,-2.019,4,4,0,4->4,0,0,0,0
119.2491,-2.019,0,1,1,0->1,1,0,0,0
119.3569,-2.019,1,1,0,1->1,0,0,0,0
119.321,-2.0145,1,2,1,1->2,0,0,1,0
119.3479,-2.0145,1,0,1,1->0,0,1,0,0
119.3659,-2.0145,0,0,0,0->0,0,0,0,0
119.4108,-2.0145,0,0,0,0->0,0,0,0,0
119.312,-2.01,0,0,0,0->0,0,0,0,0
119.4018,-2.01,0,1,1,0->1,1,0,0,0
119.2671,-2.0055,0,0,0,0->0,0,0,0,0
119.3434,-2.0055,0,1,1,0->1,1,0,0,0
119.2626,-2.001,0,1,1,0->1,1,0,0,0
119.2716,-2.001,0,0,0,0->0,0,0,0,0
119.3749,-2.001,0,0,0,0->0,0,0,0,0
119.2716,-1.9965,0,0,0,0->0,0,0,0,0
119.2805,-1.9965,2,1,1,2->1,0,0,0,0
119.2985,-1.9965,1,0,1,1->0,0,1,0,0
119.2805,-1.992,1,0,1,1->0,0,1,0,0
119.3794,-1.992,0,0,0,0->0,0,0,0,0
119.2985,-1.9875,1,0,1,1->0,0,1,0,0
119.3389,-1.9875,0,0,0,0->0,0,0,0,0
119.3344,-1.983,0,1,1,0->1,1,0,0,0
119.3479,-1.983,0,0,0,0->0,0,0,0,0
119.2401,-1.9785,4,4,0,4->4,0,0,0,0
119.2761,-1.9785,1,1,0,1->1,0,0,0,0
119.2985,-1.9785,1,0,1,1->0,0,1,0,0
119.3434,-1.9785,0,1,1,0->1,1,0,0,0
119.3659,-1.9785,0,0,0,0->0,0,0,0,0
119.3704,-1.974,1,0,1,1->0,0,1,0,0
119.2491,-1.9696,4,4,0,4->4,0,0,0,0
119.303,-1.9696,4,4,0,4->4,0,0,0,0
119.33,-1.9696,0,0,0,0->0,0,0,0,0
119.3344,-1.9696,0,1,1,0->1,1,0,0,0
119.2895,-1.9651,4,4,0,4->4,0,0,0,0
119.3075,-1.9651,4,1,1,4->1,0,0,0,0
119.3255,-1.9651,1,1,0,1->1,0,0,0,0
119.3479,-1.9651,0,0,0,0->0,0,0,0,0
119.3704,-1.9651,0,1,1,0->1,1,0,0,0
119.2087,-1.9606,4,4,0,4->4,0,0,0,0
119.2985,-1.9606,0,0,0,0->0,0,0,0,0
119.3524,-1.9606,0,0,0,0->0,0,0,0,0
119.3839,-1.9561,0,0,0,0->0,0,0,0,0
119.4063,-1.9561,0,0,0,0->0,0,0,0,0
119.2267,-1.9516,4,4,0,4->4,0,0,0,0
119.2895,-1.9516,4,4,0,4->4,0,0,0,0
119.3075,-1.9516,4,4,0,4->4,0,0,0,0
119.312,-1.9516,4,4,0,4->4,0,0,0,0
119.321,-1.9516,4,4,0,4->4,0,0,0,0
119.4153,-1.9516,0,0,0,0->0,0,0,0,0
119.294,-1.9471,4,4,0,4->4,0,0,0,0
119.2761,-1.9426,4,4,0,4->4,0,0,0,0
119.3165,-1.9426,4,4,0,4->4,0,0,0,0
119.3344,-1.9426,0,0,0,0->0,0,0,0,0
119.3524,-1.9381,0,0,0,0->0,0,0,0,0
119.3659,-1.9381,0,0,0,0->0,0,0,0,0
119.2761,-1.9336,4,4,0,4->4,0,0,0,0
119.2895,-1.9336,4,4,0,4->4,0,0,0,0
119.3344,-1.9336,4,4,0,4->4,0,0,0,0
119.3749,-1.9336,0,0,0,0->0,0,0,0,0
119.4198,-1.9336,0,0,0,0->0,0,0,0,0
119.3344,-1.9291,4,4,0,4->4,0,0,0,0
119.285,-1.9246,4,4,0,4->4,0,0,0,0
119.294,-1.9246,4,4,0,4->4,0,0,0,0
119.3614,-1.9246,0,1,1,0->1,1,0,0,0
119.3165,-1.9201,4,4,0,4->4,0,0,0,0
119.3794,-1.9201,0,0,0,0->0,0,0,0,0
119.4063,-1.9201,0,1,1,0->1,1,0,0,0
119.2805,-1.9157,4,4,0,4->4,0,0,0,0
119.3075,-1.9157,4,4,0,4->4,0,0,0,0
119.3973,-1.9112,1,0,1,1->0,0,1,0,0
119.3614,-1.9067,0,0,0,0->0,0,0,0,0
119.3659,-1.9067,0,0,0,0->0,0,0,0,0
111.9638,-1.9022,0,0,0,0->0,0,0,0,0
112.0671,-1.9022,1,1,0,1->1,0,0,0,0
112.1614,-1.9022,0,0,0,0->0,0,0,0,0
112.368,-1.9022,0,0,0,0->0,0,0,0,0
112.4264,-1.9022,0,0,0,0->0,0,0,0,0
112.2243,-1.8977,0,0,0,0->0,0,0,0,0
112.3725,-1.8977,0,0,0,0->0,0,0,0,0
112.4803,-1.8977,0,0,0,0->0,0,0,0,0
112.1389,-1.8932,0,0,0,0->0,0,0,0,0
112.2602,-1.8932,0,0,0,0->0,0,0,0,0
112.3411,-1.8932,0,0,0,0->0,0,0,0,0
112.3545,-1.8932,0,0,0,0->0,0,0,0,0
112.5117,-1.8932,0,0,0,0->0,0,0,0,0
112.13,-1.8887,0,0,0,0->0,0,0,0,0
112.1569,-1.8887,0,0,0,0->0,0,0,0,0
112.1614,-1.8887,0,0,0,0->0,0,0,0,0
112.1659,-1.8887,0,0,0,0->0,0,0,0,0
112.094,-1.8842,0,0,0,0->0,0,0,0,0
112.2108,-1.8842,0,0,0,0->0,0,0,0,0
112.2288,-1.8842,0,0,0,0->0,0,0,0,0
112.3186,-1.8842,0,0,0,0->0,0,0,0,0
112.4084,-1.8842,0,0,0,0->0,0,0,0,0
112.5162,-1.8842,0,0,0,0->0,0,0,0,0
112.0491,-1.8797,0,0,0,0->0,0,0,0,0
112.0536,-1.8797,0,0,0,0->0,0,0,0,0
112.112,-1.8797,0,0,0,0->0,0,0,0,0
112.1345,-1.8797,0,0,0,0->0,0,0,0,0
112.2063,-1.8797,0,0,0,0->0,0,0,0,0
112.2288,-1.8797,0,0,0,0->0,0,0,0,0
112.2467,-1.8797,0,0,0,0->0,0,0,0,0
112.2827,-1.8797,0,0,0,0->0,0,0,0,0
112.2961,-1.8797,0,0,0,0->0,0,0,0,0
112.3141,-1.8797,0,0,0,0->0,0,0,0,0
112.3725,-1.8797,0,0,0,0->0,0,0,0,0
112.4219,-1.8797,0,0,0,0->0,0,0,0,0
112.4848,-1.8797,1,0,1,1->0,0,1,0,0
111.9593,-1.8752,0,0,0,0->0,0,0,0,0
112.0806,-1.8752,0,0,0,0->0,0,0,0,0
112.121,-1.8752,0,0,0,0->0,0,0,0,0
112.1389,-1.8752,0,0,0,0->0,0,0,0,0
112.1659,-1.8752,0,0,0,0->0,0,0,0,0
112.3006,-1.8752,0,0,0,0->0,0,0,0,0
112.4534,-1.8752,0,0,0,0->0,0,0,0,0
112.5117,-1.8752,0,0,0,0->0,0,0,0,0
111.9638,-1.8707,0,0,0,0->0,0,0,0,0
112.0042,-1.8707,0,0,0,0->0,0,0,0,0
112.1884,-1.8707,0,0,0,0->0,0,0,0,0
112.1928,-1.8707,0,1,1,0->1,1,0,0,0
112.2198,-1.8707,0,0,0,0->0,0,0,0,0
112.2827,-1.8707,1,0,1,1->0,0,1,0,0
112.4534,-1.8707,0,0,0,0->0,0,0,0,0
112.0626,-1.8663,0,1,1,0->1,1,0,0,0
112.085,-1.8663,1,0,1,1->0,0,1,0,0
112.1165,-1.8663,0,0,0,0->0,0,0,0,0
112.1345,-1.8663,0,0,0,0->0,0,0,0,0
112.1973,-1.8663,0,0,0,0->0,0,0,0,0
112.2108,-1.8663,0,0,0,0->0,0,0,0,0
112.2872,-1.8663,0,0,0,0->0,0,0,0,0
112.0267,-1.8618,0,0,0,0->0,0,0,0,0
112.094,-1.8618,0,0,0,0->0,0,0,0,0
112.2422,-1.8618,0,0,0,0->0,0,0,0,0
112.3456,-1.8618,0,0,0,0->0,0,0,0,0
112.4399,-1.8618,0,0,0,0->0,0,0,0,0
112.5207,-1.8618,0,1,1,0->1,1,0,0,0
111.9638,-1.8573,0,0,0,0->0,0,0,0,0
111.9728,-1.8573,0,0,0,0->0,0,0,0,0
112.0222,-1.8573,0,0,0,0->0,0,0,0,0
112.0267,-1.8573,0,0,0,0->0,0,0,0,0
112.1524,-1.8573,0,0,0,0->0,0,0,0,0
112.1704,-1.8573,0,1,1,0->1,1,0,0,0
112.2243,-1.8573,0,0,0,0->0,0,0,0,0
112.2512,-1.8573,0,0,0,0->0,0,0,0,0
112.3411,-1.8573,0,0,0,0->0,0,0,0,0
112.4309,-1.8573,0,1,1,0->1,1,0,0,0
112.5117,-1.8573,0,0,0,0->0,0,0,0,0
112.0267,-1.8528,0,0,0,0->0,0,0,0,0
112.103,-1.8528,0,0,0,0->0,0,0,0,0
112.1434,-1.8528,0,0,0,0->0,0,0,0,0
112.1973,-1.8528,0,0,0,0->0,0,0,0,0
112.2378,-1.8528,0,0,0,0->0,0,0,0,0
112.3006,-1.8528,0,0,0,0->0,0,0,0,0
112.359,-1.8528,0,0,0,0->0,0,0,0,0
112.4264,-1.8528,1,1,0,1->1,0,0,0,0
112.1165,-1.8483,0,1,1,0->1,1,0,0,0
112.1839,-1.8483,0,1,1,0->1,1,0,0,0
112.2827,-1.8483,0,0,0,0->0,0,0,0,0
112.4983,-1.8483,0,0,0,0->0,0,0,0,0
112.0761,-1.8438,0,0,0,0->0,0,0,0,0
112.0895,-1.8438,0,0,0,0->0,0,0,0,0
112.3096,-1.8438,0,0,0,0->0,0,0,0,0
112.3995,-1.8438,0,1,1,0->1,1,0,0,0
112.4623,-1.8438,0,0,0,0->0,0,0,0,0
112.5162,-1.8438,0,1,1,0->1,1,0,0,0
112.2108,-1.8393,0,0,0,0->0,0,0,0,0
112.2198,-1.8348,0,0,0,0->0,0,0,0,0
112.2333,-1.8348,0,0,0,0->0,0,0,0,0
112.3006,-1.8348,0,0,0,0->0,0,0,0,0
112.3905,-1.8348,0,0,0,0->0,0,0,0,0
112.4219,-1.8348,0,0,0,0->0,0,0,0,0
112.4848,-1.8348,0,1,1,0->1,1,0,0,0
111.9503,-1.8303,0,0,0,0->0,0,0,0,0
112.0985,-1.8303,3,3,0,3->3,0,0,0,0
112.1704,-1.8303,0,0,0,0->0,0,0,0,0
112.2692,-1.8303,0,0,0,0->0,0,0,0,0
112.4623,-1.8303,1,0,1,1->0,0,1,0,0
112.4668,-1.8303,0,0,0,0->0,0,0,0,0
112.1928,-1.8258,0,0,0,0->0,0,0,0,0
112.2422,-1.8258,0,0,0,0->0,0,0,0,0
112.2467,-1.8258,0,0,0,0->0,0,0,0,0
112.4039,-1.8258,0,1,1,0->1,1,0,0,0
112.4938,-1.8258,0,1,1,0->1,1,0,0,0
112.2063,-1.8213,0,0,0,0->0,0,0,0,0
112.2243,-1.8213,0,0,0,0->0,0,0,0,0
112.2557,-1.8213,0,0,0,0->0,0,0,0,0
111.9593,-1.8168,1,0,1,1->0,0,1,0,0
111.9683,-1.8168,0,0,0,0->0,0,0,0,0
112.1794,-1.8168,0,0,0,0->0,0,0,0,0
112.2018,-1.8168,0,0,0,0->0,0,0,0,0
112.2737,-1.8168,1,0,1,1->0,0,1,0,0
112.3366,-1.8168,0,0,0,0->0,0,0,0,0
112.4444,-1.8168,0,0,0,0->0,0,0,0,0
111.9907,-1.8124,0,0,0,0->0,0,0,0,0
112.0536,-1.8124,0,0,0,0->0,0,0,0,0
112.1389,-1.8124,0,0,0,0->0,0,0,0,0
112.1614,-1.8124,0,0,0,0->0,0,0,0,0
112.3096,-1.8124,0,0,0,0->0,0,0,0,0
112.3545,-1.8124,0,0,0,0->0,0,0,0,0
112.4399,-1.8124,0,0,0,0->0,0,0,0,0
112.4489,-1.8124,1,0,1,1->0,0,1,0,0
112.4848,-1.8124,0,0,0,0->0,0,0,0,0
112.5746,-1.9022,0,0,0,0->0,0,0,0,0
112.5971,-1.9022,0,0,0,0->0,0,0,0,0
112.7049,-1.9022,1,1,0,1->1,0,0,0,0
112.7678,-1.9022,0,0,0,0->0,0,0,0,0
112.5791,-1.8977,1,0,1,1->0,0,1,0,0
112.6959,-1.8977,1,1,0,1->1,0,0,0,0
112.7947,-1.8977,1,1,0,1->1,0,0,0,0
112.5612,-1.8932,0,0,0,0->0,0,0,0,0
112.5971,-1.8932,0,0,0,0->0,0,0,0,0
112.6061,-1.8932,0,0,0,0->0,0,0,0,0
112.6555,-1.8932,0,1,1,0->1,1,0,0,0
112.6824,-1.8932,0,0,0,0->0,0,0,0,0
112.5836,-1.8887,0,0,0,0->0,0,0,0,0
112.6779,-1.8887,0,1,1,0->1,1,0,0,0
112.6016,-1.8842,0,0,0,0->0,0,0,0,0
112.6195,-1.8842,0,0,0,0->0,0,0,0,0
112.651,-1.8842,1,1,0,1->1,0,0,0,0
112.7228,-1.8842,0,0,0,0->0,0,0,0,0
112.7498,-1.8842,0,0,0,0->0,0,0,0,0
112.5477,-1.8797,0,0,0,0->0,0,0,0,0
112.5612,-1.8797,1,0,1,1->0,0,1,0,0
112.5656,-1.8797,0,0,0,0->0,0,0,0,0
112.5701,-1.8797,0,0,0,0->0,0,0,0,0
112.6555,-1.8797,1,1,0,1->1,0,0,0,0
112.7543,-1.8797,0,0,0,0->0,0,0,0,0
112.7588,-1.8797,0,0,0,0->0,0,0,0,0
112.7992,-1.8797,0,1,1,0->1,1,0,0,0
112.5701,-1.8752,0,0,0,0->0,0,0,0,0
112.6375,-1.8752,0,0,0,0->0,0,0,0,0
112.651,-1.8752,1,1,0,1->1,0,0,0,0
112.6959,-1.8752,0,0,0,0->0,0,0,0,0
112.7947,-1.8752,0,0,0,0->0,0,0,0,0
112.8351,-1.8752,0,0,0,0->0,0,0,0,0
112.8711,-1.8752,0,1,1,0->1,1,0,0,0
112.8756,-1.8752,2,1,1,2->1,0,0,0,0
112.5746,-1.8707,0,0,0,0->0,0,0,0,0
112.5926,-1.8707,0,1,1,0->1,1,0,0,0
112.7767,-1.8707,0,1,1,0->1,1,0,0,0
112.8037,-1.8707,0,0,0,0->0,0,0,0,0
112.5656,-1.8663,0,0,0,0->0,0,0,0,0
112.615,-1.8663,0,0,0,0->0,0,0,0,0
112.6689,-1.8663,0,1,1,0->1,1,0,0,0
112.615,-1.8618,0,0,0,0->0,0,0,0,0
112.651,-1.8618,0,1,1,0->1,1,0,0,0
112.8441,-1.8618,0,0,0,0->0,0,0,0,0
112.5836,-1.8573,0,0,0,0->0,0,0,0,0
112.615,-1.8573,0,0,0,0->0,0,0,0,0
112.8486,-1.8573,0,0,0,0->0,0,0,0,0
112.6195,-1.8528,0,0,0,0->0,0,0,0,0
112.7543,-1.8528,0,0,0,0->0,0,0,0,0
112.8172,-1.8528,0,1,1,0->1,1,0,0,0
112.5252,-1.8483,0,0,0,0->0,0,0,0,0
112.5522,-1.8483,0,0,0,0->0,0,0,0,0
112.615,-1.8483,0,0,0,0->0,0,0,0,0
112.7049,-1.8483,0,0,0,0->0,0,0,0,0
112.7947,-1.8483,0,1,1,0->1,1,0,0,0
112.5612,-1.8438,1,0,1,1->0,0,1,0,0
112.5746,-1.8438,0,1,1,0->1,1,0,0,0
112.6375,-1.8438,0,1,1,0->1,1,0,0,0
112.6869,-1.8438,0,1,1,0->1,1,0,0,0
112.7543,-1.8438,0,0,0,0->0,0,0,0,0
112.615,-1.8393,0,0,0,0->0,0,0,0,0
112.6689,-1.8393,0,1,1,0->1,1,0,0,0
112.7094,-1.8393,0,1,1,0->1,1,0,0,0
112.5791,-1.8348,0,1,1,0->1,1,0,0,0
112.624,-1.8348,0,0,0,0->0,0,0,0,0
112.7049,-1.8303,0,0,0,0->0,0,0,0,0
112.6016,-1.8258,0,0,0,0->0,0,0,0,0
112.6195,-1.8258,0,1,1,0->1,1,0,0,0
112.6645,-1.8258,0,0,0,0->0,0,0,0,0
112.6779,-1.8258,0,0,0,0->0,0,0,0,0
112.6914,-1.8258,0,1,1,0->1,1,0,0,0
112.7453,-1.8258,0,1,1,0->1,1,0,0,0
112.8531,-1.8258,0,0,0,0->0,0,0,0,0
112.7453,-1.8213,1,1,0,1->1,0,0,0,0
112.8845,-1.8213,0,0,0,0->0,0,0,0,0
112.7678,-1.8168,0,0,0,0->0,0,0,0,0
112.8711,-1.8168,0,0,0,0->0,0,0,0,0
112.5342,-1.8124,0,0,0,0->0,0,0,0,0
112.5881,-1.8124,1,0,1,1->0,0,1,0,0
112.624,-1.8124,0,1,1,0->1,1,0,0,0
112.6824,-1.8124,1,2,1,1->2,0,0,1,0
112.6869,-1.8124,2,0,1,2->0,0,1,0,0
109.2554,-0.8916,4,4,0,4->4,0,0,0,0
109.2643,-0.8871,4,4,0,4->4,0,0,0,0
109.2509,-0.8781,4,4,0,4->4,0,0,0,0
109.2554,-0.8781,4,4,0,4->4,0,0,0,0
109.2598,-0.8691,4,4,0,4->4,0,0,0,0
109.2913,-0.8691,1,1,0,1->1,0,0,0,0
109.2778,-0.8601,0,0,0,0->0,0,0,0,0
109.2823,-0.8601,1,1,0,1->1,0,0,0,0
109.2643,-0.8556,1,0,1,1->0,0,1,0,0
109.2509,-0.8512,4,4,0,4->4,0,0,0,0
109.2059,-0.8467,4,4,0,4->4,0,0,0,0
109.2374,-0.8422,4,4,0,4->4,0,0,0,0
109.2823,-0.8377,1,1,0,1->1,0,0,0,0
109.2464,-0.8332,1,1,0,1->1,0,0,0,0
109.2643,-0.8332,1,0,1,1->0,0,1,0,0
109.2913,-0.8332,0,0,0,0->0,0,0,0,0
109.2149,-0.8287,4,4,0,4->4,0,0,0,0
109.2419,-0.8287,1,4,1,1->4,0,0,0,0
109.2598,-0.8287,0,0,0,0->0,0,0,0,0
109.2868,-0.8287,1,0,1,1->0,0,1,0,0
109.2015,-0.8242,4,4,0,4->4,0,0,0,0
109.2149,-0.8242,4,4,0,4->4,0,0,0,0
109.2643,-0.8242,0,0,0,0->0,0,0,0,0
109.2688,-0.8197,0,1,1,0->1,1,0,0,0
109.2913,-0.8197,0,0,0,0->0,0,0,0,0
109.2374,-0.8152,4,4,0,4->4,0,0,0,0
109.2284,-0.8107,4,4,0,4->4,0,0,0,0
109.2509,-0.8107,0,0,0,0->0,0,0,0,0
109.2733,-0.8017,0,0,0,0->0,0,0,0,0
109.2913,-0.7973,0,0,0,0->0,0,0,0,0
109.2329,-0.7928,4,4,0,4->4,0,0,0,0
109.2149,-0.7883,4,4,0,4->4,0,0,0,0
109.2239,-0.7748,4,4,0,4->4,0,0,0,0
109.2509,-0.7703,1,0,1,1->0,0,1,0,0
109.2868,-0.7703,0,0,0,0->0,0,0,0,0
109.2284,-0.7613,4,4,0,4->4,0,0,0,0
109.2778,-0.7613,0,0,0,0->0,0,0,0,0
119.4917,-0.9859,4,4,0,4->4,0,0,0,0
119.4961,-0.9814,4,4,0,4->4,0,0,0,0
119.4512,-0.9769,4,4,0,4->4,0,0,0,0
119.4872,-0.9724,4,4,0,4->4,0,0,0,0
109.0577,-0.5457,4,4,0,4->4,0,0,0,0
109.0667,-0.5053,4,4,0,4->4,0,0,0,0
109.0712,-0.5008,4,4,0,4->4,0,0,0,0
109.2464,-0.7478,0,0,0,0->0,0,0,0,0
109.2598,-0.7478,1,1,0,1->1,0,0,0,0
109.2284,-0.7434,4,4,0,4->4,0,0,0,0
109.2598,-0.7434,1,1,0,1->1,0,0,0,0
109.2913,-0.7434,0,0,0,0->0,0,0,0,0
109.2329,-0.7389,4,4,0,4->4,0,0,0,0
109.2598,-0.7389,1,1,0,1->1,0,0,0,0
109.2284,-0.7254,4,4,0,4->4,0,0,0,0
109.2149,-0.7164,4,4,0,4->4,0,0,0,0
109.2509,-0.7119,0,0,0,0->0,0,0,0,0
109.2823,-0.7119,1,1,0,1->1,0,0,0,0
109.2913,-0.7119,0,0,0,0->0,0,0,0,0
109.2015,-0.7029,4,4,0,4->4,0,0,0,0
109.2509,-0.7029,0,0,0,0->0,0,0,0,0
109.2778,-0.7029,0,0,0,0->0,0,0,0,0
109.2104,-0.6984,4,4,0,4->4,0,0,0,0
109.2239,-0.6939,4,4,0,4->4,0,0,0,0
109.2419,-0.6939,1,0,1,1->0,0,1,0,0
109.2509,-0.6895,1,0,1,1->0,0,1,0,0
109.2643,-0.685,0,0,0,0->0,0,0,0,0
109.2778,-0.685,1,0,1,1->0,0,1,0,0
109.2868,-0.685,4,4,0,4->4,0,0,0,0
109.2913,-0.685,4,4,0,4->4,0,0,0,0
109.2239,-0.6805,4,4,0,4->4,0,0,0,0
109.2329,-0.6805,4,4,0,4->4,0,0,0,0
109.2059,-0.676,4,4,0,4->4,0,0,0,0
109.2688,-0.667,4,4,0,4->4,0,0,0,0
109.2239,-0.6625,4,4,0,4->4,0,0,0,0
109.2284,-0.6625,4,4,0,4->4,0,0,0,0
109.2284,-0.658,4,4,0,4->4,0,0,0,0
109.2464,-0.649,4,4,0,4->4,0,0,0,0
109.2643,-0.649,4,4,0,4->4,0,0,0,0
109.2868,-0.649,4,4,0,4->4,0,0,0,0
109.2688,-0.6445,4,4,0,4->4,0,0,0,0
109.2823,-0.64,4,4,0,4->4,0,0,0,0
109.2194,-0.6356,4,4,0,4->4,0,0,0,0
109.2823,-0.6356,4,4,0,4->4,0,0,0,0
109.2059,-0.6311,4,4,0,4->4,0,0,0,0
109.2284,-0.6221,4,4,0,4->4,0,0,0,0
109.2329,-0.6176,4,4,0,4->4,0,0,0,0
109.2194,-0.6131,4,4,0,4->4,0,0,0,0
109.2329,-0.6131,4,4,0,4->4,0,0,0,0
109.2554,-0.6131,4,4,0,4->4,0,0,0,0
109.2598,-0.6131,4,4,0,4->4,0,0,0,0
109.2643,-0.6131,4,4,0,4->4,0,0,0,0
109.2194,-0.6086,4,4,0,4->4,0,0,0,0
109.2823,-0.6086,0,0,0,0->0,0,0,0,0
109.2284,-0.5996,4,4,0,4->4,0,0,0,0
109.2329,-0.5996,4,4,0,4->4,0,0,0,0
109.1296,-0.5951,4,4,0,4->4,0,0,0,0
109.17,-0.5951,4,4,0,4->4,0,0,0,0
109.1835,-0.5951,4,4,0,4->4,0,0,0,0
109.2329,-0.5951,4,4,0,4->4,0,0,0,0
109.2554,-0.5951,0,0,0,0->0,0,0,0,0
109.2015,-0.5906,4,4,0,4->4,0,0,0,0
109.2329,-0.5906,3,0,1,3->0,0,1,0,0
109.1206,-0.5862,4,4,0,4->4,0,0,0,0
109.1251,-0.5862,4,4,0,4->4,0,0,0,0
109.1476,-0.5862,4,4,0,4->4,0,0,0,0
109.2059,-0.5862,4,4,0,4->4,0,0,0,0
109.2284,-0.5862,3,0,1,3->0,0,1,0,0
109.2509,-0.5862,3,0,1,3->0,0,1,0,0
109.188,-0.5817,4,4,0,4->4,0,0,0,0
109.2059,-0.5817,4,4,0,4->4,0,0,0,0
109.2464,-0.5817,1,1,0,1->1,0,0,0,0
109.161,-0.5772,4,4,0,4->4,0,0,0,0
109.1565,-0.5727,1,4,1,1->4,0,0,0,0
109.161,-0.5727,4,4,0,4->4,0,0,0,0
109.2239,-0.5727,4,4,0,4->4,0,0,0,0
109.188,-0.5682,4,4,0,4->4,0,0,0,0
109.2104,-0.5682,4,4,0,4->4,0,0,0,0
109.2374,-0.5682,0,0,0,0->0,0,0,0,0
109.2509,-0.5682,0,1,1,0->1,1,0,0,0
109.197,-0.5637,4,4,0,4->4,0,0,0,0
109.2284,-0.5637,3,0,1,3->0,0,1,0,0
109.2329,-0.5637,0,0,0,0->0,0,0,0,0
109.2778,-0.5592,0,1,1,0->1,1,0,0,0
109.1071,-0.5547,4,4,0,4->4,0,0,0,0
109.1116,-0.5547,4,4,0,4->4,0,0,0,0
109.2643,-0.5547,0,1,1,0->1,1,0,0,0
109.1476,-0.5502,0,0,0,0->0,0,0,0,0
109.2643,-0.5502,0,0,0,0->0,0,0,0,0
109.1431,-0.5457,1,0,1,1->0,0,1,0,0
109.0892,-0.5412,4,4,0,4->4,0,0,0,0
109.1386,-0.5412,0,0,0,0->0,0,0,0,0
109.1745,-0.5412,3,0,1,3->0,0,1,0,0
109.0802,-0.5367,4,4,0,4->4,0,0,0,0
109.161,-0.5367,3,0,1,3->0,0,1,0,0
109.188,-0.5367,0,0,0,0->0,0,0,0,0
109.2015,-0.5367,0,0,0,0->0,0,0,0,0
109.2688,-0.5367,1,0,1,1->0,0,1,0,0
109.1116,-0.5323,4,4,0,4->4,0,0,0,0
109.2104,-0.5323,0,0,0,0->0,0,0,0,0
109.2823,-0.5323,0,0,0,0->0,0,0,0,0
109.1116,-0.5278,4,4,0,4->4,0,0,0,0
109.1251,-0.5278,0,0,0,0->0,0,0,0,0
109.179,-0.5278,0,0,0,0->0,0,0,0,0
109.2374,-0.5278,1,0,1,1->0,0,1,0,0
109.2643,-0.5233,1,0,1,1->0,0,1,0,0
109.2688,-0.5233,1,0,1,1->0,0,1,0,0
109.1161,-0.5188,4,4,0,4->4,0,0,0,0
109.1296,-0.5188,3,0,1,3->0,0,1,0,0
109.1341,-0.5188,3,0,1,3->0,0,1,0,0
109.2194,-0.5188,0,0,0,0->0,0,0,0,0
109.2284,-0.5188,1,0,1,1->0,0,1,0,0
109.1071,-0.5143,4,4,0,4->4,0,0,0,0
109.1341,-0.5143,3,0,1,3->0,0,1,0,0
109.1476,-0.5143,3,0,1,3->0,0,1,0,0
109.1745,-0.5143,3,0,1,3->0,0,1,0,0
109.188,-0.5143,0,0,0,0->0,0,0,0,0
109.2419,-0.5143,0,0,0,0->0,0,0,0,0
109.1386,-0.5098,3,0,1,3->0,0,1,0,0
109.1431,-0.5098,3,0,1,3->0,0,1,0,0
109.161,-0.5098,3,0,1,3->0,0,1,0,0
109.2598,-0.5098,0,0,0,0->0,0,0,0,0
109.2688,-0.5098,1,0,1,1->0,0,1,0,0
109.1071,-0.5053,4,4,0,4->4,0,0,0,0
109.1476,-0.5053,0,0,0,0->0,0,0,0,0
109.17,-0.5053,0,0,0,0->0,0,0,0,0
109.1835,-0.5053,0,0,0,0->0,0,0,0,0
109.2643,-0.5053,0,0,0,0->0,0,0,0,0
109.188,-0.5008,3,0,1,3->0,0,1,0,0
109.2374,-0.5008,1,1,0,1->1,0,0,0,0
109.2509,-0.5008,0,0,0,0->0,0,0,0,0
109.1161,-0.4918,1,0,1,1->0,0,1,0,0
109.161,-0.4918,0,0,0,0->0,0,0,0,0
109.2329,-0.4918,1,1,0,1->1,0,0,0,0
109.2419,-0.4918,1,1,0,1->1,0,0,0,0
109.2598,-0.4918,1,0,1,1->0,0,1,0,0
109.0937,-0.4873,4,4,0,4->4,0,0,0,0
109.1431,-0.4873,0,0,0,0->0,0,0,0,0
109.1925,-0.4873,0,0,0,0->0,0,0,0,0
109.2329,-0.4873,1,1,0,1->1,0,0,0,0
109.0757,-0.4828,4,4,0,4->4,0,0,0,0
109.1026,-0.4828,4,4,0,4->4,0,0,0,0
109.1341,-0.4828,1,0,1,1->0,0,1,0,0
109.0847,-0.4784,4,4,0,4->4,0,0,0,0
109.0892,-0.4784,4,4,0,4->4,0,0,0,0
109.1476,-0.4784,3,0,1,3->0,0,1,0,0
109.2059,-0.4784,0,0,0,0->0,0,0,0,0
109.2329,-0.4784,1,0,1,1->0,0,1,0,0
109.152,-0.4739,0,0,0,0->0,0,0,0,0
109.2509,-0.4739,0,0,0,0->0,0,0,0,0
109.2913,-0.4739,0,0,0,0->0,0,0,0,0
109.0847,-0.4694,4,4,0,4->4,0,0,0,0
109.2598,-0.4694,1,0,1,1->0,0,1,0,0
109.2868,-0.4694,0,0,0,0->0,0,0,0,0
109.1251,-0.4649,1,1,0,1->1,0,0,0,0
109.1296,-0.4649,0,0,0,0->0,0,0,0,0
109.2419,-0.4649,0,0,0,0->0,0,0,0,0
109.2464,-0.4649,0,0,0,0->0,0,0,0,0
109.152,-0.4604,0,0,0,0->0,0,0,0,0
109.161,-0.4604,0,0,0,0->0,0,0,0,0
109.1925,-0.4604,0,0,0,0->0,0,0,0,0
109.2015,-0.4604,1,0,1,1->0,0,1,0,0
109.2509,-0.4604,0,0,0,0->0,0,0,0,0
109.2868,-0.4604,0,0,0,0->0,0,0,0,0
109.2643,-0.4559,0,0,0,0->0,0,0,0,0
109.2688,-0.4559,0,0,0,0->0,0,0,0,0
109.2733,-0.4559,0,0,0,0->0,0,0,0,0
109.2778,-0.4559,0,0,0,0->0,0,0,0,0
109.2823,-0.4559,0,0,0,0->0,0,0,0,0
109.1116,-0.4469,4,4,0,4->4,0,0,0,0
109.1655,-0.4469,0,0,0,0->0,0,0,0,0
109.2554,-0.4469,0,0,0,0->0,0,0,0,0
109.1565,-0.4379,1,1,0,1->1,0,0,0,0
109.2778,-0.4379,0,0,0,0->0,0,0,0,0
109.0937,-0.4334,4,4,0,4->4,0,0,0,0
109.1386,-0.4334,0,0,0,0->0,0,0,0,0
109.1655,-0.4334,1,0,1,1->0,0,1,0,0
109.2149,-0.4334,1,0,1,1->0,0,1,0,0
109.2913,-0.4334,0,1,1,0->1,1,0,0,0
109.2778,-0.4289,0,1,1,0->1,1,0,0,0
109.1341,-0.4245,0,0,0,0->0,0,0,0,0
109.1431,-0.4245,0,0,0,0->0,0,0,0,0
109.1565,-0.4245,0,0,0,0->0,0,0,0,0
109.17,-0.4245,0,0,0,0->0,0,0,0,0
109.179,-0.4245,0,0,0,0->0,0,0,0,0
109.2643,-0.4245,1,1,0,1->1,0,0,0,0
109.0981,-0.42,4,4,0,4->4,0,0,0,0
109.2104,-0.42,0,0,0,0->0,0,0,0,0
109.2509,-0.42,4,1,1,4->1,0,0,0,0
109.1835,-0.4155,0,0,0,0->0,0,0,0,0
109.2015,-0.4155,1,0,1,1->0,0,1,0,0
109.2194,-0.4155,1,0,1,1->0,0,1,0,0
109.1925,-0.411,0,0,0,0->0,0,0,0,0
109.1925,-0.4065,0,0,0,0->0,0,0,0,0
109.2194,-0.4065,1,0,1,1->0,0,1,0,0
109.2688,-0.4065,0,0,0,0->0,0,0,0,0
109.1386,-0.402,1,1,0,1->1,0,0,0,0
109.179,-0.402,0,0,0,0->0,0,0,0,0
109.2464,-0.402,1,1,0,1->1,0,0,0,0
109.2688,-0.402,0,0,0,0->0,0,0,0,0
109.1161,-0.3975,0,0,0,0->0,0,0,0,0
109.179,-0.3975,0,0,0,0->0,0,0,0,0
109.2059,-0.3975,1,1,0,1->1,0,0,0,0
109.2284,-0.3975,1,1,0,1->1,0,0,0,0
109.1296,-0.393,0,1,1,0->1,1,0,0,0
109.152,-0.393,0,1,1,0->1,1,0,0,0
109.2554,-0.393,0,0,0,0->0,0,0,0,0
109.2688,-0.393,0,0,0,0->0,0,0,0,0
109.2823,-0.393,0,0,0,0->0,0,0,0,0
109.1655,-0.3885,1,1,0,1->1,0,0,0,0
109.2464,-0.3885,0,0,0,0->0,0,0,0,0
109.2554,-0.3885,0,0,0,0->0,0,0,0,0
109.1251,-0.384,0,0,0,0->0,0,0,0,0
109.1431,-0.384,0,1,1,0->1,1,0,0,0
109.1565,-0.384,1,0,1,1->0,0,1,0,0
109.1925,-0.384,1,1,0,1->1,0,0,0,0
109.2059,-0.384,1,1,0,1->1,0,0,0,0
109.2419,-0.384,0,0,0,0->0,0,0,0,0
109.2598,-0.384,0,0,0,0->0,0,0,0,0
109.1745,-0.3795,0,0,0,0->0,0,0,0,0
109.1925,-0.3795,0,0,0,0->0,0,0,0,0
109.2149,-0.3795,0,0,0,0->0,0,0,0,0
109.2643,-0.3795,0,0,0,0->0,0,0,0,0
109.1026,-0.375,1,0,1,1->0,0,1,0,0
109.1296,-0.375,1,0,1,1->0,0,1,0,0
109.2643,-0.375,0,0,0,0->0,0,0,0,0
109.2643,-0.3706,0,0,0,0->0,0,0,0,0
109.2913,-0.3706,0,0,0,0->0,0,0,0,0
109.1026,-0.3661,0,0,0,0->0,0,0,0,0
109.1655,-0.3661,1,1,0,1->1,0,0,0,0
109.188,-0.3661,0,0,0,0->0,0,0,0,0
109.2329,-0.3661,0,0,0,0->0,0,0,0,0
109.2688,-0.3661,0,0,0,0->0,0,0,0,0
109.188,-0.3616,1,1,0,1->1,0,0,0,0
109.197,-0.3616,0,0,0,0->0,0,0,0,0
109.2913,-0.3616,0,0,0,0->0,0,0,0,0
109.1476,-0.3571,0,1,1,0->1,1,0,0,0
109.1565,-0.3571,1,1,0,1->1,0,0,0,0
109.1565,-0.3526,0,0,0,0->0,0,0,0,0
109.17,-0.3526,0,1,1,0->1,1,0,0,0
109.2598,-0.3526,1,1,0,1->1,0,0,0,0
109.2868,-0.3526,0,0,0,0->0,0,0,0,0
109.1476,-0.3481,1,0,1,1->0,0,1,0,0
109.1341,-0.3436,1,0,1,1->0,0,1,0,0
109.1431,-0.3436,0,1,1,0->1,1,0,0,0
109.2239,-0.3436,1,1,0,1->1,0,0,0,0
109.2643,-0.3436,1,0,1,1->0,0,1,0,0
109.1071,-0.3391,4,4,0,4->4,0,0,0,0
109.1206,-0.3391,1,1,0,1->1,0,0,0,0
109.1341,-0.3391,0,0,0,0->0,0,0,0,0
109.197,-0.3391,0,0,0,0->0,0,0,0,0
109.2149,-0.3391,0,1,1,0->1,1,0,0,0
109.2823,-0.3391,1,0,1,1->0,0,1,0,0
109.1655,-0.3346,0,1,1,0->1,1,0,0,0
109.2059,-0.3346,0,0,0,0->0,0,0,0,0
109.2329,-0.3346,0,0,0,0->0,0,0,0,0
109.2688,-0.3346,0,0,0,0->0,0,0,0,0
109.2733,-0.3346,0,0,0,0->0,0,0,0,0
109.1386,-0.3301,1,0,1,1->0,0,1,0,0
109.2419,-0.3301,0,0,0,0->0,0,0,0,0
109.1655,-0.3256,0,1,1,0->1,1,0,0,0
109.179,-0.3256,1,1,0,1->1,0,0,0,0
109.2419,-0.3256,0,0,0,0->0,0,0,0,0
109.2194,-0.3211,0,0,0,0->0,0,0,0,0
109.1251,-0.3167,0,0,0,0->0,0,0,0,0
109.2284,-0.3167,0,0,0,0->0,0,0,0,0
109.2823,-0.3167,0,0,0,0->0,0,0,0,0
109.1835,-0.3122,1,1,0,1->1,0,0,0,0
109.2598,-0.3122,0,0,0,0->0,0,0,0,0
109.2688,-0.3122,0,0,0,0->0,0,0,0,0
109.1386,-0.3077,0,1,1,0->1,1,0,0,0
109.17,-0.3032,0,0,0,0->0,0,0,0,0
109.1835,-0.3032,0,1,1,0->1,1,0,0,0
109.1925,-0.3032,1,1,0,1->1,0,0,0,0
109.2059,-0.3032,1,0,1,1->0,0,1,0,0
109.2104,-0.3032,0,0,0,0->0,0,0,0,0
109.2464,-0.3032,0,0,0,0->0,0,0,0,0
109.197,-0.2987,1,1,0,1->1,0,0,0,0
109.2284,-0.2987,1,0,1,1->0,0,1,0,0
109.1835,-0.2942,1,1,0,1->1,0,0,0,0
109.2509,-0.2942,0,0,0,0->0,0,0,0,0
109.179,-0.2897,0,0,0,0->0,0,0,0,0
109.2059,-0.2897,0,0,0,0->0,0,0,0,0
109.2149,-0.2897,0,0,0,0->0,0,0,0,0
109.1251,-0.2852,1,0,1,1->0,0,1,0,0
109.1476,-0.2852,1,1,0,1->1,0,0,0,0
109.179,-0.2852,0,0,0,0->0,0,0,0,0
109.2284,-0.2852,0,0,0,0->0,0,0,0,0
109.2688,-0.2852,0,0,0,0->0,0,0,0,0
109.2778,-0.2807,0,0,0,0->0,0,0,0,0
109.152,-0.2762,0,0,0,0->0,0,0,0,0
109.17,-0.2762,0,0,0,0->0,0,0,0,0
109.2643,-0.2762,0,0,0,0->0,0,0,0,0
109.2868,-0.2762,1,1,0,1->1,0,0,0,0
109.2284,-0.2717,0,0,0,0->0,0,0,0,0
109.197,-0.2583,0,0,0,0->0,0,0,0,0
109.17,-0.2538,0,0,0,0->0,0,0,0,0
109.179,-0.2538,0,0,0,0->0,0,0,0,0
109.2059,-0.2538,0,0,0,0->0,0,0,0,0
109.2913,-0.2538,0,0,0,0->0,0,0,0,0
109.1745,-0.2493,0,0,0,0->0,0,0,0,0
109.1431,-0.2448,0,1,1,0->1,1,0,0,0
109.152,-0.2448,0,0,0,0->0,0,0,0,0
109.2239,-0.2448,4,4,0,4->4,0,0,0,0
109.2509,-0.2403,0,0,0,0->0,0,0,0,0
109.179,-0.2358,1,1,0,1->1,0,0,0,0
109.2598,-0.2313,0,0,0,0->0,0,0,0,0
109.2778,-0.2313,0,0,0,0->0,0,0,0,0
109.1655,-0.2268,0,0,0,0->0,0,0,0,0
109.1745,-0.2268,0,1,1,0->1,1,0,0,0
109.2554,-0.2268,0,1,1,0->1,1,0,0,0
109.1565,-0.2223,1,1,0,1->1,0,0,0,0
109.2464,-0.2223,0,0,0,0->0,0,0,0,0
109.179,-0.2178,0,0,0,0->0,0,0,0,0
109.197,-0.2178,4,4,0,4->4,0,0,0,0
109.2015,-0.2178,4,4,0,4->4,0,0,0,0
109.2509,-0.2133,1,0,1,1->0,0,1,0,0
109.152,-0.2044,4,1,1,4->1,0,0,0,0
109.2059,-0.2044,1,1,0,1->1,0,0,0,0
109.2554,-0.2044,1,0,1,1->0,0,1,0,0
109.2733,-0.2044,1,0,1,1->0,0,1,0,0
109.2868,-0.2044,0,1,1,0->1,1,0,0,0
109.161,-0.1999,1,1,0,1->1,0,0,0,0
109.2149,-0.1999,1,1,0,1->1,0,0,0,0
109.2598,-0.1909,2,0,1,2->0,0,1,0,0
109.2688,-0.1909,2,1,1,2->1,0,0,0,0
109.2509,-0.1864,0,0,0,0->0,0,0,0,0
110.1626,-0.2717,0,0,0,0->0,0,0,0,0
110.1582,-0.2672,0,0,0,0->0,0,0,0,0
110.1671,-0.2583,0,0,0,0->0,0,0,0,0
110.1043,-0.2538,0,0,0,0->0,0,0,0,0
110.1267,-0.2538,0,1,1,0->1,1,0,0,0
110.1626,-0.2538,0,0,0,0->0,0,0,0,0
110.1043,-0.2493,1,1,0,1->1,0,0,0,0
110.0998,-0.2403,0,0,0,0->0,0,0,0,0
110.1267,-0.2403,0,0,0,0->0,0,0,0,0
110.1312,-0.2403,0,0,0,0->0,0,0,0,0
110.1582,-0.2403,0,0,0,0->0,0,0,0,0
110.1806,-0.2403,1,1,0,1->1,0,0,0,0
110.1537,-0.2358,1,0,1,1->0,0,1,0,0
110.0144,-0.2313,0,0,0,0->0,0,0,0,0
110.1806,-0.2313,1,1,0,1->1,0,0,0,0
109.9965,-0.2268,0,0,0,0->0,0,0,0,0
110.0773,-0.2268,0,0,0,0->0,0,0,0,0
110.0818,-0.2268,0,0,0,0->0,0,0,0,0
110.0144,-0.2223,0,0,0,0->0,0,0,0,0
110.0504,-0.2223,1,1,0,1->1,0,0,0,0
110.0998,-0.2223,0,0,0,0->0,0,0,0,0
110.1088,-0.2223,0,1,1,0->1,1,0,0,0
109.9785,-0.2178,0,0,0,0->0,0,0,0,0
110.0638,-0.2178,0,1,1,0->1,1,0,0,0
109.8976,-0.2133,0,0,0,0->0,0,0,0,0
109.956,-0.2133,1,1,0,1->1,0,0,0,0
109.965,-0.2133,0,0,0,0->0,0,0,0,0
109.8797,-0.2089,0,0,0,0->0,0,0,0,0
109.8976,-0.2089,0,0,0,0->0,0,0,0,0
109.9156,-0.2089,0,0,0,0->0,0,0,0,0
110.0549,-0.2089,0,0,0,0->0,0,0,0,0
110.0638,-0.2089,0,0,0,0->0,0,0,0,0
110.1043,-0.2089,0,1,1,0->1,1,0,0,0
109.983,-0.2044,0,0,0,0->0,0,0,0,0
110.0099,-0.2044,0,1,1,0->1,1,0,0,0
110.0144,-0.2044,0,0,0,0->0,0,0,0,0
109.8932,-0.1999,0,0,0,0->0,0,0,0,0
110.0234,-0.1999,0,1,1,0->1,1,0,0,0
110.0638,-0.1999,0,0,0,0->0,0,0,0,0
110.1312,-0.1999,0,0,0,0->0,0,0,0,0
110.1357,-0.1999,0,1,1,0->1,1,0,0,0
109.8303,-0.1954,0,0,0,0->0,0,0,0,0
109.8842,-0.1954,0,0,0,0->0,0,0,0,0
109.9156,-0.1954,0,0,0,0->0,0,0,0,0
109.9695,-0.1954,0,0,0,0->0,0,0,0,0
110.0863,-0.1954,0,1,1,0->1,1,0,0,0
110.1492,-0.1954,0,0,0,0->0,0,0,0,0
110.1537,-0.1954,0,0,0,0->0,0,0,0,0
109.9246,-0.1909,0,0,0,0->0,0,0,0,0
109.9426,-0.1909,1,1,0,1->1,0,0,0,0
110.0234,-0.1909,0,0,0,0->0,0,0,0,0
110.0683,-0.1909,0,0,0,0->0,0,0,0,0
110.1177,-0.1909,0,0,0,0->0,0,0,0,0
110.1492,-0.1909,0,0,0,0->0,0,0,0,0
110.1896,-0.1909,1,0,1,1->0,0,1,0,0
109.7764,-0.1864,1,0,1,1->0,0,1,0,0
109.8078,-0.1864,0,0,0,0->0,0,0,0,0
109.8123,-0.1864,0,0,0,0->0,0,0,0,0
109.8976,-0.1864,1,1,0,1->1,0,0,0,0
109.9156,-0.1864,0,0,0,0->0,0,0,0,0
109.9291,-0.1864,0,0,0,0->0,0,0,0,0
110.0099,-0.1864,1,1,0,1->1,0,0,0,0
110.0414,-0.1864,0,1,1,0->1,1,0,0,0
110.1132,-0.1864,0,0,0,0->0,0,0,0,0
109.7539,-0.1819,0,0,0,0->0,0,0,0,0
109.7854,-0.1819,0,0,0,0->0,0,0,0,0
109.8168,-0.1819,0,0,0,0->0,0,0,0,0
109.9785,-0.1819,0,0,0,0->0,0,0,0,0
110.0279,-0.1819,0,0,0,0->0,0,0,0,0
110.0728,-0.1819,1,1,0,1->1,0,0,0,0
110.1402,-0.1819,0,0,0,0->0,0,0,0,0
110.1492,-0.1819,0,0,0,0->0,0,0,0,0
110.1626,-0.1819,0,1,1,0->1,1,0,0,0
110.1716,-0.1819,0,1,1,0->1,1,0,0,0
109.7494,-0.1774,0,0,0,0->0,0,0,0,0
109.7584,-0.1774,0,0,0,0->0,0,0,0,0
109.9471,-0.1774,4,4,0,4->4,0,0,0,0
110.0998,-0.1774,0,0,0,0->0,0,0,0,0
109.7629,-0.1729,0,0,0,0->0,0,0,0,0
109.8752,-0.1729,0,0,0,0->0,0,0,0,0
109.956,-0.1729,0,0,0,0->0,0,0,0,0
110.1132,-0.1729,0,0,0,0->0,0,0,0,0
110.1896,-0.1729,0,0,0,0->0,0,0,0,0
109.7449,-0.1684,0,1,1,0->1,1,0,0,0
110.0324,-0.1684,1,1,0,1->1,0,0,0,0
110.0593,-0.1684,1,0,1,1->0,0,1,0,0
110.1088,-0.1684,0,0,0,0->0,0,0,0,0
110.1492,-0.1684,0,1,1,0->1,1,0,0,0
110.1537,-0.1684,0,1,1,0->1,1,0,0,0
109.7135,-0.1639,0,0,0,0->0,0,0,0,0
109.7809,-0.1639,0,0,0,0->0,0,0,0,0
109.7898,-0.1639,0,0,0,0->0,0,0,0,0
109.8842,-0.1639,0,0,0,0->0,0,0,0,0
109.9471,-0.1639,1,1,0,1->1,0,0,0,0
110.0369,-0.1639,0,0,0,0->0,0,0,0,0
110.0908,-0.1639,0,0,0,0->0,0,0,0,0
110.0054,-0.1595,0,1,1,0->1,1,0,0,0
110.0683,-0.1595,1,0,1,1->0,0,1,0,0
110.1312,-0.1595,0,0,0,0->0,0,0,0,0
109.709,-0.155,0,0,0,0->0,0,0,0,0
109.7943,-0.155,0,0,0,0->0,0,0,0,0
110.0234,-0.155,1,1,0,1->1,0,0,0,0
110.1537,-0.155,0,1,1,0->1,1,0,0,0
109.6955,-0.1505,1,0,1,1->0,0,1,0,0
109.7,-0.1505,1,1,0,1->1,0,0,0,0
109.8258,-0.1505,1,1,0,1->1,0,0,0,0
109.8437,-0.1505,1,1,0,1->1,0,0,0,0
109.9066,-0.1505,1,0,1,1->0,0,1,0,0
109.965,-0.1505,0,1,1,0->1,1,0,0,0
110.0998,-0.1505,0,0,0,0->0,0,0,0,0
110.1088,-0.1505,0,0,0,0->0,0,0,0,0
109.709,-0.146,0,0,0,0->0,0,0,0,0
109.9605,-0.146,0,1,1,0->1,1,0,0,0
110.0728,-0.146,0,0,0,0->0,0,0,0,0
110.0863,-0.146,0,0,0,0->0,0,0,0,0
110.1222,-0.146,0,0,0,0->0,0,0,0,0
109.709,-0.1415,0,0,0,0->0,0,0,0,0
109.8078,-0.1415,0,0,0,0->0,0,0,0,0
109.8213,-0.1415,1,0,1,1->0,0,1,0,0
109.8976,-0.1415,1,0,1,1->0,0,1,0,0
109.9515,-0.1415,1,1,0,1->1,0,0,0,0
110.0369,-0.1415,0,0,0,0->0,0,0,0,0
110.0549,-0.1415,0,0,0,0->0,0,0,0,0
110.1671,-0.1415,0,1,1,0->1,1,0,0,0
109.6821,-0.137,1,1,0,1->1,0,0,0,0
109.7,-0.137,0,0,0,0->0,0,0,0,0
109.7943,-0.137,0,0,0,0->0,0,0,0,0
109.8437,-0.137,1,1,0,1->1,0,0,0,0
109.9201,-0.137,0,1,1,0->1,1,0,0,0
109.9471,-0.137,4,4,0,4->4,0,0,0,0
109.9785,-0.137,0,1,1,0->1,1,0,0,0
110.0728,-0.137,0,0,0,0->0,0,0,0,0
110.1671,-0.137,0,1,1,0->1,1,0,0,0
110.1761,-0.137,0,0,0,0->0,0,0,0,0
109.6596,-0.1325,0,0,0,0->0,0,0,0,0
109.7225,-0.1325,0,0,0,0->0,0,0,0,0
109.7539,-0.1325,0,0,0,0->0,0,0,0,0
109.8662,-0.1325,1,1,0,1->1,0,0,0,0
109.9246,-0.1325,0,1,1,0->1,1,0,0,0
109.9515,-0.1325,4,4,0,4->4,0,0,0,0
109.992,-0.1325,0,0,0,0->0,0,0,0,0
110.1267,-0.1325,0,0,0,0->0,0,0,0,0
109.7674,-0.128,0,0,0,0->0,0,0,0,0
109.8752,-0.128,1,1,0,1->1,0,0,0,0
109.7135,-0.1235,0,0,0,0->0,0,0,0,0
109.7629,-0.1235,0,0,0,0->0,0,0,0,0
109.7764,-0.1235,0,0,0,0->0,0,0,0,0
109.9201,-0.1235,0,0,0,0->0,0,0,0,0
109.992,-0.1235,0,1,1,0->1,1,0,0,0
110.0818,-0.1235,0,1,1,0->1,1,0,0,0
109.6955,-0.119,0,0,0,0->0,0,0,0,0
109.7584,-0.119,0,0,0,0->0,0,0,0,0
109.7854,-0.119,0,0,0,0->0,0,0,0,0
109.8842,-0.119,1,1,0,1->1,0,0,0,0
109.9515,-0.119,0,0,0,0->0,0,0,0,0
110.0369,-0.119,1,1,0,1->1,0,0,0,0
110.0549,-0.119,0,0,0,0->0,0,0,0,0
110.1447,-0.119,0,0,0,0->0,0,0,0,0
110.1851,-0.119,0,0,0,0->0,0,0,0,0
109.6776,-0.1145,1,0,1,1->0,0,1,0,0
109.6821,-0.1145,1,0,1,1->0,0,1,0,0
109.6865,-0.1145,1,1,0,1->1,0,0,0,0
109.691,-0.1145,1,2,1,1->2,0,0,1,0
109.7674,-0.1145,1,1,0,1->1,0,0,0,0
109.8033,-0.1145,1,1,0,1->1,0,0,0,0
109.8662,-0.1145,1,1,0,1->1,0,0,0,0
109.9246,-0.1145,1,1,0,1->1,0,0,0,0
110.0234,-0.1145,0,0,0,0->0,0,0,0,0
110.0728,-0.1145,0,0,0,0->0,0,0,0,0
110.0863,-0.1145,0,1,1,0->1,1,0,0,0
110.1537,-0.1145,0,0,0,0->0,0,0,0,0
110.1761,-0.1145,0,3,1,0->3,1,0,0,1
109.6955,-0.11,1,1,0,1->1,0,0,0,0
109.8258,-0.11,1,0,1,1->0,0,1,0,0
109.8932,-0.11,1,1,0,1->1,0,0,0,0
110.0054,-0.11,0,0,0,0->0,0,0,0,0
110.0279,-0.11,0,0,0,0->0,0,0,0,0
110.0414,-0.11,0,0,0,0->0,0,0,0,0
110.0818,-0.11,1,1,0,1->1,0,0,0,0
110.1177,-0.11,1,1,0,1->1,0,0,0,0
109.6776,-0.1056,0,0,0,0->0,0,0,0,0
109.8258,-0.1056,0,0,0,0->0,0,0,0,0
109.8393,-0.1056,0,0,0,0->0,0,0,0,0
109.8797,-0.1056,1,1,0,1->1,0,0,0,0
109.9426,-0.1056,1,0,1,1->0,0,1,0,0
110.0324,-0.1056,0,0,0,0->0,0,0,0,0
110.0459,-0.1056,0,0,0,0->0,0,0,0,0
109.7315,-0.1011,0,0,0,0->0,0,0,0,0
109.8213,-0.1011,0,0,0,0->0,0,0,0,0
109.8887,-0.1011,1,1,0,1->1,0,0,0,0
109.9785,-0.1011,1,1,0,1->1,0,0,0,0
110.0459,-0.1011,0,0,0,0->0,0,0,0,0
110.0773,-0.1011,0,0,0,0->0,0,0,0,0
110.0818,-0.1011,1,0,1,1->0,0,1,0,0
110.1806,-0.1011,0,0,0,0->0,0,0,0,0
109.7,-0.0966,1,1,0,1->1,0,0,0,0
109.8842,-0.0966,1,1,0,1->1,0,0,0,0
109.8976,-0.0966,1,1,0,1->1,0,0,0,0
110.0054,-0.0966,0,0,0,0->0,0,0,0,0
109.6865,-0.0921,0,0,0,0->0,0,0,0,0
109.7988,-0.0921,1,0,1,1->0,0,1,0,0
109.9965,-0.0921,1,1,0,1->1,0,0,0,0
110.0279,-0.0921,0,0,0,0->0,0,0,0,0
110.0324,-0.0921,0,0,0,0->0,0,0,0,0
110.1492,-0.0921,0,1,1,0->1,1,0,0,0
110.1716,-0.0921,0,0,0,0->0,0,0,0,0
110.1806,-0.0921,0,1,1,0->1,1,0,0,0
110.1896,-0.0921,0,0,0,0->0,0,0,0,0
109.6821,-0.0876,0,0,0,0->0,0,0,0,0
109.6955,-0.0876,0,0,0,0->0,0,0,0,0
109.7404,-0.0876,1,1,0,1->1,0,0,0,0
109.7719,-0.0876,0,0,0,0->0,0,0,0,0
109.9695,-0.0876,0,0,0,0->0,0,0,0,0
110.0144,-0.0876,1,0,1,1->0,0,1,0,0
110.0908,-0.0876,0,1,1,0->1,1,0,0,0
109.7315,-0.0831,0,0,0,0->0,0,0,0,0
109.7359,-0.0831,0,0,0,0->0,0,0,0,0
109.9201,-0.0831,1,0,1,1->0,0,1,0,0
110.0549,-0.0831,0,1,1,0->1,1,0,0,0
110.1402,-0.0831,0,1,1,0->1,1,0,0,0
110.1447,-0.0831,0,1,1,0->1,1,0,0,0
110.1626,-0.0831,1,1,0,1->1,0,0,0,0
109.8168,-0.0786,0,0,0,0->0,0,0,0,0
109.8258,-0.0786,0,0,0,0->0,0,0,0,0
109.9785,-0.0786,0,1,1,0->1,1,0,0,0
110.0324,-0.0786,1,1,0,1->1,0,0,0,0
109.6551,-0.0741,0,0,0,0->0,0,0,0,0
109.6686,-0.0741,0,0,0,0->0,0,0,0,0
109.6776,-0.0741,0,0,0,0->0,0,0,0,0
109.727,-0.0741,0,0,0,0->0,0,0,0,0
109.8303,-0.0741,0,0,0,0->0,0,0,0,0
110.0728,-0.0741,1,1,0,1->1,0,0,0,0
110.1671,-0.0741,1,2,1,1->2,0,0,1,0
109.7988,-0.0696,0,0,0,0->0,0,0,0,0
109.8393,-0.0696,0,0,0,0->0,0,0,0,0
109.8662,-0.0696,1,0,1,1->0,0,1,0,0
110.001,-0.0696,4,4,0,4->4,0,0,0,0
110.0189,-0.0696,0,0,0,0->0,0,0,0,0
110.0773,-0.0696,1,1,0,1->1,0,0,0,0
110.0818,-0.0696,1,1,0,1->1,0,0,0,0
110.0908,-0.0696,1,1,0,1->1,0,0,0,0
110.0953,-0.0696,3,3,0,3->3,0,0,0,0
110.1402,-0.0696,1,1,0,1->1,0,0,0,0
109.6865,-0.0651,0,0,0,0->0,0,0,0,0
109.7584,-0.0651,0,0,0,0->0,0,0,0,0
109.8123,-0.0651,0,0,0,0->0,0,0,0,0
110.001,-0.0651,4,4,0,4->4,0,0,0,0
110.1357,-0.0651,0,0,0,0->0,0,0,0,0
110.1716,-0.0651,0,0,0,0->0,0,0,0,0
109.6506,-0.0606,0,0,0,0->0,0,0,0,0
109.718,-0.0606,0,0,0,0->0,0,0,0,0
109.8393,-0.0606,0,0,0,0->0,0,0,0,0
109.8932,-0.0606,1,0,1,1->0,0,1,0,0
110.0144,-0.0606,4,4,0,4->4,0,0,0,0
110.0189,-0.0606,4,4,0,4->4,0,0,0,0
110.0369,-0.0606,0,0,0,0->0,0,0,0,0
110.0504,-0.0606,0,0,0,0->0,0,0,0,0
110.1761,-0.0606,0,0,0,0->0,0,0,0,0
109.6551,-0.0561,0,0,0,0->0,0,0,0,0
109.7449,-0.0561,0,0,0,0->0,0,0,0,0
109.7629,-0.0561,1,1,0,1->1,0,0,0,0
109.9246,-0.0561,1,0,1,1->0,0,1,0,0
109.956,-0.0561,0,0,0,0->0,0,0,0,0
109.9695,-0.0561,0,0,0,0->0,0,0,0,0
109.974,-0.0561,1,1,0,1->1,0,0,0,0
109.9875,-0.0561,1,1,0,1->1,0,0,0,0
110.0369,-0.0561,0,1,1,0->1,1,0,0,0
109.7674,-0.0517,1,1,0,1->1,0,0,0,0
109.8303,-0.0517,0,0,0,0->0,0,0,0,0
109.9201,-0.0517,1,1,0,1->1,0,0,0,0
110.0324,-0.0517,4,4,0,4->4,0,0,0,0
110.1626,-0.0517,4,0,1,4->0,0,1,0,0
109.7135,-0.0472,0,0,0,0->0,0,0,0,0
109.7764,-0.0472,0,0,0,0->0,0,0,0,0
109.7988,-0.0472,0,0,0,0->0,0,0,0,0
109.8168,-0.0472,0,0,0,0->0,0,0,0,0
109.8527,-0.0472,0,0,0,0->0,0,0,0,0
109.8572,-0.0472,0,0,0,0->0,0,0,0,0
109.9695,-0.0472,0,0,0,0->0,0,0,0,0
109.9875,-0.0472,1,1,0,1->1,0,0,0,0
110.0459,-0.0472,4,4,0,4->4,0,0,0,0
110.1671,-0.0472,4,4,0,4->4,0,0,0,0
110.1716,-0.0472,4,4,0,4->4,0,0,0,0
109.6686,-0.0427,0,1,1,0->1,1,0,0,0
109.7494,-0.0427,0,1,1,0->1,1,0,0,0
109.7539,-0.0427,0,1,1,0->1,1,0,0,0
109.8033,-0.0427,0,0,0,0->0,0,0,0,0
109.8348,-0.0427,0,0,0,0->0,0,0,0,0
109.9605,-0.0427,0,0,0,0->0,0,0,0,0
109.6821,-0.0382,1,1,0,1->1,0,0,0,0
109.709,-0.0382,0,0,0,0->0,0,0,0,0
109.7404,-0.0382,1,1,0,1->1,0,0,0,0
109.8123,-0.0382,0,0,0,0->0,0,0,0,0
109.8617,-0.0382,1,0,1,1->0,0,1,0,0
110.0504,-0.0382,0,1,1,0->1,1,0,0,0
110.0728,-0.0382,1,2,1,1->2,0,0,1,0
110.1043,-0.0382,1,0,1,1->0,0,1,0,0
110.1671,-0.0382,1,1,0,1->1,0,0,0,0
109.7809,-0.0337,0,0,0,0->0,0,0,0,0
109.8617,-0.0337,0,0,0,0->0,0,0,0,0
109.8887,-0.0337,1,1,0,1->1,0,0,0,0
110.0414,-0.0337,0,1,1,0->1,1,0,0,0
110.1537,-0.0337,0,0,0,0->0,0,0,0,0
109.6731,-0.0292,1,2,1,1->2,0,0,1,0
109.718,-0.0292,0,0,0,0->0,0,0,0,0
109.727,-0.0292,0,0,0,0->0,0,0,0,0
109.7809,-0.0292,0,0,0,0->0,0,0,0,0
109.8617,-0.0292,0,0,0,0->0,0,0,0,0
109.8752,-0.0292,0,0,0,0->0,0,0,0,0
109.9021,-0.0292,1,1,0,1->1,0,0,0,0
109.983,-0.0292,1,1,0,1->1,0,0,0,0
110.1132,-0.0292,1,0,1,1->0,0,1,0,0
109.6955,-0.0247,1,0,1,1->0,0,1,0,0
109.7988,-0.0247,1,2,1,1->2,0,0,1,0
109.8168,-0.0247,0,0,0,0->0,0,0,0,0
109.8617,-0.0247,0,0,0,0->0,0,0,0,0
109.8752,-0.0247,0,0,0,0->0,0,0,0,0
109.8797,-0.0247,0,0,0,0->0,0,0,0,0
109.9695,-0.0247,0,0,0,0->0,0,0,0,0
110.0549,-0.0247,1,2,1,1->2,0,0,1,0
110.0683,-0.0247,3,3,0,3->3,0,0,0,0
109.6506,-0.0202,0,0,0,0->0,0,0,0,0
109.7539,-0.0202,0,0,0,0->0,0,0,0,0
109.7898,-0.0202,0,1,1,0->1,1,0,0,0
109.9111,-0.0202,1,0,1,1->0,0,1,0,0
110.0593,-0.0202,1,1,0,1->1,0,0,0,0
110.1357,-0.0202,0,0,0,0->0,0,0,0,0
110.1626,-0.0202,1,0,1,1->0,0,1,0,0
109.7719,-0.0157,0,0,0,0->0,0,0,0,0
109.7898,-0.0157,0,1,1,0->1,1,0,0,0
109.8752,-0.0157,0,0,0,0->0,0,0,0,0
109.9246,-0.0157,1,0,1,1->0,0,1,0,0
110.0054,-0.0157,0,0,0,0->0,0,0,0,0
110.0459,-0.0157,0,0,0,0->0,0,0,0,0
110.1132,-0.0157,0,0,0,0->0,0,0,0,0
110.1177,-0.0157,0,0,0,0->0,0,0,0,0
109.6776,-0.0112,0,0,0,0->0,0,0,0,0
109.8303,-0.0112,0,0,0,0->0,0,0,0,0
109.9381,-0.0112,0,0,0,0->0,0,0,0,0
109.965,-0.0112,0,0,0,0->0,0,0,0,0
109.9695,-0.0112,0,0,0,0->0,0,0,0,0
110.0414,-0.0112,0,1,1,0->1,1,0,0,0
110.0908,-0.0112,0,1,1,0->1,1,0,0,0
110.1267,-0.0112,0,0,0,0->0,0,0,0,0
109.6821,-0.0067,0,1,1,0->1,1,0,0,0
109.7404,-0.0067,0,0,0,0->0,0,0,0,0
109.7674,-0.0067,0,1,1,0->1,1,0,0,0
109.7719,-0.0067,0,1,1,0->1,1,0,0,0
109.8572,-0.0067,0,0,0,0->0,0,0,0,0
109.9066,-0.0067,0,0,0,0->0,0,0,0,0
109.9201,-0.0067,1,1,0,1->1,0,0,0,0
109.956,-0.0067,1,1,0,1->1,0,0,0,0
110.1132,-0.0067,1,2,1,1->2,0,0,1,0
109.6551,-0.0022,1,1,0,1->1,0,0,0,0
109.6776,-0.0022,0,0,0,0->0,0,0,0,0
109.7449,-0.0022,0,1,1,0->1,1,0,0,0
109.7898,-0.0022,0,0,0,0->0,0,0,0,0
109.9515,-0.0022,1,0,1,1->0,0,1,0,0
110.0234,-0.0022,0,1,1,0->1,1,0,0,0
110.0638,-0.0022,0,1,1,0->1,1,0,0,0
110.1357,-0.0022,0,3,1,0->3,1,0,0,1
109.161,-0.1774,4,4,0,4->4,0,0,0,0
109.1745,-0.1774,0,1,1,0->1,1,0,0,0
109.2059,-0.1774,0,0,0,0->0,0,0,0,0
109.17,-0.1684,0,0,0,0->0,0,0,0,0
109.2374,-0.1684,0,0,0,0->0,0,0,0,0
109.2778,-0.1684,0,0,0,0->0,0,0,0,0
109.2059,-0.1639,0,0,0,0->0,0,0,0,0
109.6371,-0.1639,1,1,0,1->1,0,0,0,0
109.2464,-0.1595,0,0,0,0->0,0,0,0,0
109.2194,-0.155,1,1,0,1->1,0,0,0,0
109.6371,-0.155,1,1,0,1->1,0,0,0,0
109.1745,-0.1505,0,1,1,0->1,1,0,0,0
109.152,-0.146,1,1,0,1->1,0,0,0,0
109.188,-0.146,1,1,0,1->1,0,0,0,0
109.1565,-0.137,1,1,0,1->1,0,0,0,0
109.5518,-0.137,0,0,0,0->0,0,0,0,0
109.5653,-0.137,0,0,0,0->0,0,0,0,0
109.5967,-0.137,0,0,0,0->0,0,0,0,0
109.2688,-0.1325,0,0,0,0->0,0,0,0,0
109.4754,-0.1325,0,0,0,0->0,0,0,0,0
109.5024,-0.1325,1,0,1,1->0,0,1,0,0
109.6147,-0.1325,0,0,0,0->0,0,0,0,0
109.152,-0.128,1,1,0,1->1,0,0,0,0
109.161,-0.128,1,1,0,1->1,0,0,0,0
109.2059,-0.128,1,1,0,1->1,0,0,0,0
109.2868,-0.128,0,0,0,0->0,0,0,0,0
109.5114,-0.128,0,1,1,0->1,1,0,0,0
109.5428,-0.128,0,0,0,0->0,0,0,0,0
109.5563,-0.128,0,0,0,0->0,0,0,0,0
109.6416,-0.128,0,1,1,0->1,1,0,0,0
109.1925,-0.1235,0,0,0,0->0,0,0,0,0
109.2104,-0.1235,0,1,1,0->1,1,0,0,0
109.2464,-0.1235,0,0,0,0->0,0,0,0,0
109.2598,-0.1235,0,0,0,0->0,0,0,0,0
109.4081,-0.1235,2,2,0,2->2,0,0,0,0
109.4799,-0.1235,0,1,1,0->1,1,0,0,0
109.5832,-0.1235,1,0,1,1->0,0,1,0,0
109.3991,-0.119,2,2,0,2->2,0,0,0,0
109.5293,-0.119,0,0,0,0->0,0,0,0,0
109.6416,-0.119,0,1,1,0->1,1,0,0,0
109.2149,-0.1145,0,1,1,0->1,1,0,0,0
109.2554,-0.1145,0,0,0,0->0,0,0,0,0
109.2688,-0.1145,0,1,1,0->1,1,0,0,0
109.3497,-0.1145,1,1,0,1->1,0,0,0,0
109.4215,-0.1145,0,0,0,0->0,0,0,0,0
109.4305,-0.1145,1,1,0,1->1,0,0,0,0
109.435,-0.1145,1,0,1,1->0,0,1,0,0
109.4485,-0.1145,0,0,0,0->0,0,0,0,0
109.4754,-0.1145,0,1,1,0->1,1,0,0,0
109.5204,-0.1145,0,0,0,0->0,0,0,0,0
109.2733,-0.11,0,0,0,0->0,0,0,0,0
109.4305,-0.11,1,1,0,1->1,0,0,0,0
109.6371,-0.11,0,1,1,0->1,1,0,0,0
109.2059,-0.1056,0,0,0,0->0,0,0,0,0
109.3542,-0.1056,1,1,0,1->1,0,0,0,0
109.4485,-0.1056,1,1,0,1->1,0,0,0,0
109.4575,-0.1056,1,1,0,1->1,0,0,0,0
109.4709,-0.1056,1,1,0,1->1,0,0,0,0
109.5024,-0.1056,1,0,1,1->0,0,1,0,0
109.5698,-0.1056,0,0,0,0->0,0,0,0,0
109.5922,-0.1056,0,0,0,0->0,0,0,0,0
109.17,-0.1011,4,0,1,4->0,0,1,0,0
109.1835,-0.1011,4,0,1,4->0,0,1,0,0
109.2284,-0.1011,0,0,0,0->0,0,0,0,0
109.3587,-0.1011,2,2,0,2->2,0,0,0,0
109.4126,-0.1011,2,1,1,2->1,0,0,0,0
109.5608,-0.1011,0,0,0,0->0,0,0,0,0
109.6102,-0.1011,0,1,1,0->1,1,0,0,0
109.1655,-0.0966,0,0,0,0->0,0,0,0,0
109.179,-0.0966,4,4,0,4->4,0,0,0,0
109.2059,-0.0966,0,0,0,0->0,0,0,0,0
109.3587,-0.0966,2,2,0,2->2,0,0,0,0
109.3946,-0.0966,2,2,0,2->2,0,0,0,0
109.5473,-0.0966,0,0,0,0->0,0,0,0,0
109.6147,-0.0966,0,1,1,0->1,1,0,0,0
109.6461,-0.0966,0,0,0,0->0,0,0,0,0
109.1745,-0.0921,4,0,1,4->0,0,1,0,0
109.2284,-0.0921,1,0,1,1->0,0,1,0,0
109.4485,-0.0921,1,1,0,1->1,0,0,0,0
109.5069,-0.0921,0,0,0,0->0,0,0,0,0
109.5159,-0.0921,0,0,0,0->0,0,0,0,0
109.179,-0.0876,4,4,0,4->4,0,0,0,0
109.3407,-0.0876,2,2,0,2->2,0,0,0,0
109.3856,-0.0876,2,2,0,2->2,0,0,0,0
109.5743,-0.0876,1,1,0,1->1,0,0,0,0
109.6416,-0.0876,0,0,0,0->0,0,0,0,0
109.2868,-0.0831,0,0,0,0->0,0,0,0,0
109.3721,-0.0831,1,1,0,1->1,0,0,0,0
109.5653,-0.0831,0,1,1,0->1,1,0,0,0
109.6461,-0.0831,0,0,0,0->0,0,0,0,0
109.2554,-0.0786,1,1,0,1->1,0,0,0,0
109.3407,-0.0786,2,1,1,2->1,0,0,0,0
109.426,-0.0786,2,1,1,2->1,0,0,0,0
109.5383,-0.0786,1,1,0,1->1,0,0,0,0
109.6282,-0.0786,0,0,0,0->0,0,0,0,0
109.2643,-0.0741,0,0,0,0->0,0,0,0,0
109.2778,-0.0741,0,0,0,0->0,0,0,0,0
109.5473,-0.0741,0,0,0,0->0,0,0,0,0
109.6147,-0.0741,0,1,1,0->1,1,0,0,0
109.1925,-0.0696,0,0,0,0->0,0,0,0,0
109.3048,-0.0696,2,2,0,2->2,0,0,0,0
109.5743,-0.0696,0,0,0,0->0,0,0,0,0
109.5787,-0.0696,0,0,0,0->0,0,0,0,0
109.6192,-0.0696,0,0,0,0->0,0,0,0,0
109.6282,-0.0696,0,0,0,0->0,0,0,0,0
109.1925,-0.0651,0,1,1,0->1,1,0,0,0
109.2374,-0.0651,1,1,0,1->1,0,0,0,0
109.3362,-0.0651,1,1,0,1->1,0,0,0,0
109.3631,-0.0651,2,2,0,2->2,0,0,0,0
109.5204,-0.0651,0,0,0,0->0,0,0,0,0
109.5608,-0.0651,1,1,0,1->1,0,0,0,0
109.5698,-0.0651,0,0,0,0->0,0,0,0,0
109.2194,-0.0606,1,1,0,1->1,0,0,0,0
109.2239,-0.0606,1,1,0,1->1,0,0,0,0
109.3766,-0.0606,2,2,0,2->2,0,0,0,0
109.3946,-0.0606,2,2,0,2->2,0,0,0,0
109.5204,-0.0606,0,0,0,0->0,0,0,0,0
109.5428,-0.0606,0,1,1,0->1,1,0,0,0
109.6147,-0.0606,1,0,1,1->0,0,1,0,0
109.2284,-0.0561,1,1,0,1->1,0,0,0,0
109.2374,-0.0561,1,1,0,1->1,0,0,0,0
109.3317,-0.0561,2,2,0,2->2,0,0,0,0
109.3721,-0.0561,2,2,0,2->2,0,0,0,0
109.4754,-0.0561,0,0,0,0->0,0,0,0,0
109.5787,-0.0561,0,0,0,0->0,0,0,0,0
109.2149,-0.0517,1,1,0,1->1,0,0,0,0
109.2239,-0.0517,1,1,0,1->1,0,0,0,0
109.2284,-0.0517,1,1,0,1->1,0,0,0,0
109.2643,-0.0517,0,1,1,0->1,1,0,0,0
109.2733,-0.0517,1,1,0,1->1,0,0,0,0
109.3407,-0.0517,2,2,0,2->2,0,0,0,0
109.453,-0.0517,0,0,0,0->0,0,0,0,0
109.4575,-0.0517,0,0,0,0->0,0,0,0,0
109.4979,-0.0517,1,1,0,1->1,0,0,0,0
109.5518,-0.0517,0,0,0,0->0,0,0,0,0
109.6057,-0.0517,0,0,0,0->0,0,0,0,0
109.6416,-0.0517,0,1,1,0->1,1,0,0,0
109.1925,-0.0472,0,0,0,0->0,0,0,0,0
109.2284,-0.0472,1,1,0,1->1,0,0,0,0
109.417,-0.0472,1,1,0,1->1,0,0,0,0
109.4665,-0.0472,0,1,1,0->1,1,0,0,0
109.4844,-0.0472,0,0,0,0->0,0,0,0,0
109.4889,-0.0472,0,1,1,0->1,1,0,0,0
109.4979,-0.0472,1,1,0,1->1,0,0,0,0
109.5473,-0.0472,1,0,1,1->0,0,1,0,0
109.5518,-0.0472,0,0,0,0->0,0,0,0,0
109.5787,-0.0472,0,0,0,0->0,0,0,0,0
109.6102,-0.0472,0,0,0,0->0,0,0,0,0
109.6326,-0.0472,1,1,0,1->1,0,0,0,0
109.2688,-0.0427,0,0,0,0->0,0,0,0,0
109.3048,-0.0427,2,2,0,2->2,0,0,0,0
109.426,-0.0427,1,1,0,1->1,0,0,0,0
109.5024,-0.0427,0,0,0,0->0,0,0,0,0
109.5428,-0.0427,0,0,0,0->0,0,0,0,0
109.5922,-0.0427,0,0,0,0->0,0,0,0,0
109.6012,-0.0427,0,0,0,0->0,0,0,0,0
109.6416,-0.0427,0,1,1,0->1,1,0,0,0
109.1835,-0.0382,0,0,0,0->0,0,0,0,0
109.2823,-0.0382,2,2,0,2->2,0,0,0,0
109.3092,-0.0382,2,2,0,2->2,0,0,0,0
109.3452,-0.0382,2,2,0,2->2,0,0,0,0
109.3542,-0.0382,3,2,1,3->2,0,0,1,0
109.5248,-0.0382,0,0,0,0->0,0,0,0,0
109.6282,-0.0382,0,0,0,0->0,0,0,0,0
109.2015,-0.0337,1,0,1,1->0,0,1,0,0
109.2329,-0.0337,1,0,1,1->0,0,1,0,0
109.2643,-0.0337,0,0,0,0->0,0,0,0,0
109.3272,-0.0337,2,2,0,2->2,0,0,0,0
109.3811,-0.0337,2,2,0,2->2,0,0,0,0
109.4036,-0.0337,1,2,1,1->2,0,0,1,0
109.4081,-0.0337,0,0,0,0->0,0,0,0,0
109.4485,-0.0337,0,1,1,0->1,1,0,0,0
109.4575,-0.0337,0,0,0,0->0,0,0,0,0
109.4754,-0.0337,0,0,0,0->0,0,0,0,0
109.5114,-0.0337,1,1,0,1->1,0,0,0,0
109.5338,-0.0337,0,1,1,0->1,1,0,0,0
109.2059,-0.0292,1,0,1,1->0,0,1,0,0
109.2464,-0.0292,1,1,0,1->1,0,0,0,0
109.2509,-0.0292,0,1,1,0->1,1,0,0,0
109.2688,-0.0292,0,0,0,0->0,0,0,0,0
109.2778,-0.0292,0,1,1,0->1,1,0,0,0
109.3766,-0.0292,2,2,0,2->2,0,0,0,0
109.4305,-0.0292,1,1,0,1->1,0,0,0,0
109.4665,-0.0292,0,0,0,0->0,0,0,0,0
109.4754,-0.0292,0,1,1,0->1,1,0,0,0
109.4799,-0.0292,0,0,0,0->0,0,0,0,0
109.5518,-0.0292,1,0,1,1->0,0,1,0,0
109.5922,-0.0292,0,1,1,0->1,1,0,0,0
109.5967,-0.0292,1,1,0,1->1,0,0,0,0
109.2868,-0.0247,2,2,0,2->2,0,0,0,0
109.3721,-0.0247,2,2,0,2->2,0,0,0,0
109.3946,-0.0247,1,1,0,1->1,0,0,0,0
109.3991,-0.0247,1,1,0,1->1,0,0,0,0
109.4709,-0.0247,0,1,1,0->1,1,0,0,0
109.4889,-0.0247,0,0,0,0->0,0,0,0,0
109.5024,-0.0247,3,1,1,3->1,0,0,0,0
109.5383,-0.0247,0,1,1,0->1,1,0,0,0
109.5832,-0.0247,0,0,0,0->0,0,0,0,0
109.3003,-0.0202,2,2,0,2->2,0,0,0,0
109.3856,-0.0202,1,1,0,1->1,0,0,0,0
109.5698,-0.0202,0,0,0,0->0,0,0,0,0
109.6012,-0.0202,0,0,0,0->0,0,0,0,0
109.2015,-0.0157,0,0,0,0->0,0,0,0,0
109.3092,-0.0157,2,2,0,2->2,0,0,0,0
109.3452,-0.0157,2,2,0,2->2,0,0,0,0
109.3721,-0.0157,2,2,0,2->2,0,0,0,0
109.4305,-0.0157,1,1,0,1->1,0,0,0,0
109.5787,-0.0157,0,0,0,0->0,0,0,0,0
109.6282,-0.0157,0,0,0,0->0,0,0,0,0
109.3182,-0.0112,2,2,0,2->2,0,0,0,0
109.4485,-0.0112,1,1,0,1->1,0,0,0,0
109.4934,-0.0112,0,1,1,0->1,1,0,0,0
109.5473,-0.0112,0,1,1,0->1,1,0,0,0
109.197,-0.0067,2,1,1,2->1,0,0,0,0
109.3048,-0.0067,2,2,0,2->2,0,0,0,0
109.444,-0.0067,1,1,0,1->1,0,0,0,0
109.4665,-0.0067,1,0,1,1->0,0,1,0,0
109.5563,-0.0067,0,0,0,0->0,0,0,0,0
109.2688,-0.0022,2,2,0,2->2,0,0,0,0
109.3182,-0.0022,4,4,0,4->4,0,0,0,0
109.3766,-0.0022,0,1,1,0->1,1,0,0,0
109.4665,-0.0022,1,1,0,1->1,0,0,0,0
109.4934,-0.0022,1,1,0,1->1,0,0,0,0
109.5159,-0.0022,0,0,0,0->0,0,0,0,0
109.5563,-0.0022,1,1,0,1->1,0,0,0,0
109.5743,-0.0022,0,0,0,0->0,0,0,0,0
109.6057,-0.0022,0,0,0,0->0,0,0,0,0
109.6192,-0.0022,0,0,0,0->0,0,0,0,0
119.4422,-1.9022,0,0,0,0->0,0,0,0,0
119.4422,-1.8977,0,0,0,0->0,0,0,0,0
119.4872,-1.8932,0,0,0,0->0,0,0,0,0
119.4243,-1.8707,0,0,0,0->0,0,0,0,0
119.4602,-1.8663,0,0,0,0->0,0,0,0,0
119.4872,-1.8618,0,0,0,0->0,0,0,0,0
119.4467,-1.8573,0,0,0,0->0,0,0,0,0
119.4512,-1.8393,1,0,1,1->0,0,1,0,0
119.4692,-1.8303,0,0,0,0->0,0,0,0,0
119.4557,-1.8258,1,0,1,1->0,0,1,0,0
119.4917,-1.8168,0,0,0,0->0,0,0,0,0
119.4512,-1.8079,0,0,0,0->0,0,0,0,0
116.7069,-0.0876,0,1,1,0->1,1,0,0,0
116.7563,-0.0876,1,1,0,1->1,0,0,0,0
117.0078,-0.0876,0,0,0,0->0,0,0,0,0
117.0258,-0.0876,0,1,1,0->1,1,0,0,0
117.0348,-0.0876,0,0,0,0->0,0,0,0,0
116.7204,-0.0831,1,0,1,1->0,0,1,0,0
117.0348,-0.0831,0,0,0,0->0,0,0,0,0
117.0662,-0.0831,0,0,0,0->0,0,0,0,0
116.7787,-0.0786,1,1,0,1->1,0,0,0,0
116.8506,-0.0786,0,0,0,0->0,0,0,0,0
117.0482,-0.0786,0,0,0,0->0,0,0,0,0
116.7698,-0.0741,1,1,0,1->1,0,0,0,0
116.7742,-0.0741,1,2,1,1->2,0,0,1,0
116.8461,-0.0741,0,0,0,0->0,0,0,0,0
117.0123,-0.0741,1,1,0,1->1,0,0,0,0
116.7114,-0.0696,1,1,0,1->1,0,0,0,0
116.7473,-0.0696,1,1,0,1->1,0,0,0,0
116.7877,-0.0696,1,1,0,1->1,0,0,0,0
116.8596,-0.0696,0,0,0,0->0,0,0,0,0
117.0078,-0.0696,0,1,1,0->1,1,0,0,0
117.0752,-0.0696,0,0,0,0->0,0,0,0,0
117.1201,-0.0696,0,0,0,0->0,0,0,0,0
116.7204,-0.0651,1,2,1,1->2,0,0,1,0
116.7563,-0.0651,0,0,0,0->0,0,0,0,0
116.882,-0.0651,1,1,0,1->1,0,0,0,0
116.7832,-0.0606,1,1,0,1->1,0,0,0,0
116.7877,-0.0606,1,1,0,1->1,0,0,0,0
116.8506,-0.0606,0,0,0,0->0,0,0,0,0
116.8955,-0.0606,1,1,0,1->1,0,0,0,0
116.9,-0.0606,1,1,0,1->1,0,0,0,0
117.0393,-0.0606,0,0,0,0->0,0,0,0,0
116.8102,-0.0561,0,0,0,0->0,0,0,0,0
116.8326,-0.0561,0,0,0,0->0,0,0,0,0
116.8416,-0.0561,0,0,0,0->0,0,0,0,0
116.8551,-0.0561,1,1,0,1->1,0,0,0,0
117.0078,-0.0561,0,0,0,0->0,0,0,0,0
117.0437,-0.0561,0,0,0,0->0,0,0,0,0
116.7698,-0.0517,1,1,0,1->1,0,0,0,0
116.8012,-0.0517,1,1,0,1->1,0,0,0,0
116.8596,-0.0517,1,1,0,1->1,0,0,0,0
117.0123,-0.0517,0,1,1,0->1,1,0,0,0
117.0527,-0.0517,0,1,1,0->1,1,0,0,0
117.0797,-0.0517,1,0,1,1->0,0,1,0,0
117.0976,-0.0517,0,0,0,0->0,0,0,0,0
116.7293,-0.0472,1,1,0,1->1,0,0,0,0
116.7428,-0.0472,1,1,0,1->1,0,0,0,0
116.8686,-0.0472,0,0,0,0->0,0,0,0,0
116.7922,-0.0427,1,1,0,1->1,0,0,0,0
116.8416,-0.0382,1,1,0,1->1,0,0,0,0
117.0572,-0.0382,0,1,1,0->1,1,0,0,0
116.7248,-0.0337,1,1,0,1->1,0,0,0,0
116.7518,-0.0337,1,1,0,1->1,0,0,0,0
116.7698,-0.0337,1,1,0,1->1,0,0,0,0
116.7832,-0.0337,1,1,0,1->1,0,0,0,0
116.8371,-0.0337,1,1,0,1->1,0,0,0,0
116.8955,-0.0337,1,2,1,1->2,0,0,1,0
116.9045,-0.0337,1,1,0,1->1,0,0,0,0
117.0932,-0.0337,1,1,0,1->1,0,0,0,0
117.1021,-0.0337,1,0,1,1->0,0,1,0,0
117.1111,-0.0337,1,0,1,1->0,0,1,0,0
116.8192,-0.0292,0,2,1,0->2,1,0,1,0
116.8371,-0.0292,1,1,0,1->1,0,0,0,0
117.0078,-0.0292,1,1,0,1->1,0,0,0,0
117.0932,-0.0292,1,1,0,1->1,0,0,0,0
117.1111,-0.0292,1,0,1,1->0,0,1,0,0
117.1201,-0.0292,1,1,0,1->1,0,0,0,0
116.7563,-0.0247,1,1,0,1->1,0,0,0,0
116.8326,-0.0247,1,1,0,1->1,0,0,0,0
116.8461,-0.0247,1,1,0,1->1,0,0,0,0
116.8057,-0.0202,1,1,0,1->1,0,0,0,0
116.8596,-0.0202,1,1,0,1->1,0,0,0,0
117.0258,-0.0202,0,0,0,0->0,0,0,0,0
117.0797,-0.0202,0,1,1,0->1,1,0,0,0
117.1201,-0.0202,0,0,0,0->0,0,0,0,0
116.8192,-0.0157,0,2,1,0->2,1,0,1,0
117.0393,-0.0157,0,0,0,0->0,0,0,0,0
117.1111,-0.0157,0,0,0,0->0,0,0,0,0
116.7967,-0.0112,1,1,0,1->1,0,0,0,0
116.8371,-0.0112,1,1,0,1->1,0,0,0,0
117.0033,-0.0112,0,0,0,0->0,0,0,0,0
117.0932,-0.0112,1,0,1,1->0,0,1,0,0
116.7832,-0.0067,1,1,0,1->1,0,0,0,0
116.8461,-0.0067,0,1,1,0->1,1,0,0,0
116.8551,-0.0067,0,0,0,0->0,0,0,0,0
117.0258,-0.0067,2,1,1,2->1,0,0,0,0
117.1156,-0.0067,1,0,1,1->0,0,1,0,0
116.8641,-0.0022,0,0,0,0->0,0,0,0,0
116.9,-0.0022,1,1,0,1->1,0,0,0,0
116.909,-0.0022,1,1,0,1->1,0,0,0,0
116.7293,0.0022,1,1,0,1->1,0,0,0,0
116.7608,0.0022,1,1,0,1->1,0,0,0,0
116.882,0.0022,1,0,1,1->0,0,1,0,0
116.7653,0.0067,1,1,0,1->1,0,0,0,0
116.7563,0.0112,1,1,0,1->1,0,0,0,0
116.7428,0.0157,1,1,0,1->1,0,0,0,0
116.8237,0.0157,1,0,1,1->0,0,1,0,0
116.8776,0.0157,0,1,1,0->1,1,0,0,0
116.7518,0.0202,1,1,0,1->1,0,0,0,0
116.7742,0.0247,1,1,0,1->1,0,0,0,0
116.8281,0.0247,0,0,0,0->0,0,0,0,0
116.7742,0.0292,1,1,0,1->1,0,0,0,0
116.7742,0.0337,1,1,0,1->1,0,0,0,0
116.8147,0.0427,1,1,0,1->1,0,0,0,0
116.8371,0.0427,0,0,0,0->0,0,0,0,0
116.9135,0.0427,0,0,0,0->0,0,0,0,0
116.9225,0.0427,0,0,0,0->0,0,0,0,0
116.7742,0.0472,1,1,0,1->1,0,0,0,0
116.8686,0.0472,0,1,1,0->1,1,0,0,0
116.918,0.0472,0,0,0,0->0,0,0,0,0
116.9225,0.0472,0,0,0,0->0,0,0,0,0
116.7383,0.0517,1,1,0,1->1,0,0,0,0
116.7698,0.0517,1,2,1,1->2,0,0,1,0
116.8102,0.0517,1,1,0,1->1,0,0,0,0
116.7473,0.0561,1,1,0,1->1,0,0,0,0
116.7608,0.0561,1,1,0,1->1,0,0,0,0
116.8147,0.0561,1,1,0,1->1,0,0,0,0
116.8281,0.0561,0,0,0,0->0,0,0,0,0
116.8506,0.0561,0,0,0,0->0,0,0,0,0
116.9045,0.0561,0,0,0,0->0,0,0,0,0
116.7967,0.0606,2,1,1,2->1,0,0,0,0
116.8057,0.0606,1,1,0,1->1,0,0,0,0
116.8641,0.0606,0,0,0,0->0,0,0,0,0
116.882,0.0606,1,1,0,1->1,0,0,0,0
116.8371,0.0651,0,1,1,0->1,1,0,0,0
116.882,0.0651,1,0,1,1->0,0,1,0,0
116.7608,0.0696,1,1,0,1->1,0,0,0,0
116.7742,0.0741,1,1,0,1->1,0,0,0,0
116.8192,0.0786,1,1,0,1->1,0,0,0,0
116.891,0.0831,1,0,1,1->0,0,1,0,0
116.8641,0.0876,0,0,0,0->0,0,0,0,0
116.8416,0.0921,0,0,0,0->0,0,0,0,0
116.9135,0.0921,0,0,0,0->0,0,0,0,0
116.8506,0.0966,0,0,0,0->0,0,0,0,0
116.8776,0.0966,1,0,1,1->0,0,1,0,0
116.8237,0.1056,0,1,1,0->1,1,0,0,0
116.9,0.1056,0,0,0,0->0,0,0,0,0
116.7698,0.11,0,1,1,0->1,1,0,0,0
116.8237,0.11,1,1,0,1->1,0,0,0,0
116.8686,0.11,0,0,0,0->0,0,0,0,0
116.8776,0.11,0,0,0,0->0,0,0,0,0
116.9135,0.11,0,0,0,0->0,0,0,0,0
116.891,0.119,0,1,1,0->1,1,0,0,0
116.7787,0.1235,1,1,0,1->1,0,0,0,0
116.8326,0.1235,1,1,0,1->1,0,0,0,0
116.9404,0.1235,0,0,0,0->0,0,0,0,0
116.8192,0.128,1,1,0,1->1,0,0,0,0
116.918,0.128,1,1,0,1->1,0,0,0,0
116.7877,0.1325,1,1,0,1->1,0,0,0,0
116.8461,0.1325,1,1,0,1->1,0,0,0,0
116.9045,0.1325,0,0,0,0->0,0,0,0,0
116.9315,0.1325,0,1,1,0->1,1,0,0,0
116.7563,0.137,0,1,1,0->1,1,0,0,0
116.7967,0.137,1,1,0,1->1,0,0,0,0
116.8147,0.137,1,1,0,1->1,0,0,0,0
116.8461,0.137,1,1,0,1->1,0,0,0,0
116.7608,0.1415,0,1,1,0->1,1,0,0,0
116.7698,0.1415,0,1,1,0->1,1,0,0,0
116.7832,0.1415,1,1,0,1->1,0,0,0,0
116.8416,0.1415,0,0,0,0->0,0,0,0,0
116.8551,0.146,1,0,1,1->0,0,1,0,0
116.8596,0.146,1,0,1,1->0,0,1,0,0
116.8731,0.146,0,0,0,0->0,0,0,0,0
116.918,0.146,0,0,0,0->0,0,0,0,0
116.8102,0.1505,1,1,0,1->1,0,0,0,0
116.9045,0.1505,0,0,0,0->0,0,0,0,0
116.891,0.155,0,1,1,0->1,1,0,0,0
116.8506,0.1595,1,0,1,1->0,0,1,0,0
116.8551,0.1595,0,0,0,0->0,0,0,0,0
116.9,0.1595,0,0,0,0->0,0,0,0,0
116.927,0.1595,0,0,0,0->0,0,0,0,0
116.7653,0.1639,1,1,0,1->1,0,0,0,0
116.891,0.1639,0,0,0,0->0,0,0,0,0
116.7877,0.1684,1,1,0,1->1,0,0,0,0
116.8147,0.1684,1,1,0,1->1,0,0,0,0
116.8461,0.1684,0,0,0,0->0,0,0,0,0
116.8551,0.1684,0,1,1,0->1,1,0,0,0
116.9359,0.1684,0,0,0,0->0,0,0,0,0
116.891,0.1729,1,0,1,1->0,0,1,0,0
116.9494,0.1729,1,1,0,1->1,0,0,0,0
116.8237,0.1864,1,1,0,1->1,0,0,0,0
116.8147,0.1909,1,1,0,1->1,0,0,0,0
116.9,0.1909,0,0,0,0->0,0,0,0,0
116.918,0.1909,0,0,0,0->0,0,0,0,0
116.8237,0.1954,1,1,0,1->1,0,0,0,0
116.8955,0.1954,0,0,0,0->0,0,0,0,0
116.9404,0.1954,1,1,0,1->1,0,0,0,0
116.9494,0.1954,1,1,0,1->1,0,0,0,0
116.7922,0.1999,1,1,0,1->1,0,0,0,0
116.8686,0.1999,1,0,1,1->0,0,1,0,0
116.8865,0.1999,0,0,0,0->0,0,0,0,0
116.8955,0.1999,1,0,1,1->0,0,1,0,0
116.9,0.1999,1,1,0,1->1,0,0,0,0
116.9359,0.1999,1,0,1,1->0,0,1,0,0
116.9359,0.2044,1,1,0,1->1,0,0,0,0
116.7877,0.2089,0,1,1,0->1,1,0,0,0
116.909,0.2089,1,1,0,1->1,0,0,0,0
116.9225,0.2089,1,0,1,1->0,0,1,0,0
116.891,0.2133,0,0,0,0->0,0,0,0,0
116.9225,0.2178,0,0,0,0->0,0,0,0,0
116.9539,0.2178,0,0,0,0->0,0,0,0,0
116.7787,0.2268,0,1,1,0->1,1,0,0,0
116.8102,0.2268,2,1,1,2->1,0,0,0,0
116.8237,0.2268,1,1,0,1->1,0,0,0,0
116.7967,0.2313,1,0,1,1->0,0,1,0,0
116.8192,0.2313,1,1,0,1->1,0,0,0,0
116.8506,0.2313,1,2,1,1->2,0,0,1,0
116.8641,0.2313,1,0,1,1->0,0,1,0,0
116.8686,0.2313,0,0,0,0->0,0,0,0,0
116.8955,0.2313,1,0,1,1->0,0,1,0,0
116.918,0.2313,1,1,0,1->1,0,0,0,0
116.927,0.2313,1,0,1,1->0,0,1,0,0
116.9629,0.2313,1,0,1,1->0,0,1,0,0
116.8686,0.2358,1,0,1,1->0,0,1,0,0
116.8102,0.2403,2,1,1,2->1,0,0,0,0
116.8506,0.2403,1,0,1,1->0,0,1,0,0
116.9135,0.2403,1,0,1,1->0,0,1,0,0
116.9629,0.2403,0,1,1,0->1,1,0,0,0
116.7967,0.2448,1,0,1,1->0,0,1,0,0
116.8192,0.2448,1,0,1,1->0,0,1,0,0
116.8237,0.2448,0,0,0,0->0,0,0,0,0
116.8506,0.2448,1,0,1,1->0,0,1,0,0
116.927,0.2448,1,1,0,1->1,0,0,0,0
116.7877,0.2493,1,1,0,1->1,0,0,0,0
116.8147,0.2493,1,0,1,1->0,0,1,0,0
116.8237,0.2493,0,0,0,0->0,0,0,0,0
116.8506,0.2493,1,0,1,1->0,0,1,0,0
116.9,0.2538,1,1,0,1->1,0,0,0,0
116.9629,0.2538,0,0,0,0->0,0,0,0,0
116.909,0.2583,0,1,1,0->1,1,0,0,0
116.9584,0.2583,0,0,0,0->0,0,0,0,0
116.8237,0.2628,1,1,0,1->1,0,0,0,0
116.8955,0.2628,1,0,1,1->0,0,1,0,0
116.9449,0.2628,0,0,0,0->0,0,0,0,0
116.909,0.2672,0,1,1,0->1,1,0,0,0
116.9629,0.2672,0,0,0,0->0,0,0,0,0
116.7922,0.2717,1,0,1,1->0,0,1,0,0
116.9359,0.2717,0,0,0,0->0,0,0,0,0
116.8461,0.2762,1,0,1,1->0,0,1,0,0
116.8776,0.2807,1,0,1,1->0,0,1,0,0
116.9135,0.2807,0,0,0,0->0,0,0,0,0
116.9404,0.2807,1,0,1,1->0,0,1,0,0
116.8551,0.2852,1,0,1,1->0,0,1,0,0
116.9764,0.2897,0,0,0,0->0,0,0,0,0
116.8281,0.2942,1,0,1,1->0,0,1,0,0
116.8326,0.2942,0,0,0,0->0,0,0,0,0
116.927,0.2942,0,0,0,0->0,0,0,0,0
116.8102,0.2987,1,1,0,1->1,0,0,0,0
116.8281,0.3032,1,1,0,1->1,0,0,0,0
116.8326,0.3032,1,1,0,1->1,0,0,0,0
116.8955,0.3032,1,0,1,1->0,0,1,0,0
116.9,0.3032,0,0,0,0->0,0,0,0,0
116.909,0.3032,0,0,0,0->0,0,0,0,0
116.9584,0.3077,0,0,0,0->0,0,0,0,0
116.7967,0.3122,1,1,0,1->1,0,0,0,0
116.8955,0.3122,0,0,0,0->0,0,0,0,0
116.9045,0.3122,0,0,0,0->0,0,0,0,0
116.9135,0.3122,1,1,0,1->1,0,0,0,0
116.9449,0.3122,0,0,0,0->0,0,0,0,0
116.8731,0.3167,0,0,0,0->0,0,0,0,0
116.9584,0.3167,0,1,1,0->1,1,0,0,0
116.8776,0.3211,0,0,0,0->0,0,0,0,0
116.8955,0.3211,0,0,0,0->0,0,0,0,0
116.8057,0.3256,1,1,0,1->1,0,0,0,0
116.8371,0.3256,1,1,0,1->1,0,0,0,0
116.9045,0.3256,0,0,0,0->0,0,0,0,0
116.909,0.3256,0,0,0,0->0,0,0,0,0
116.9315,0.3256,1,1,0,1->1,0,0,0,0
116.9584,0.3256,0,0,0,0->0,0,0,0,0
116.9854,0.3256,0,0,0,0->0,0,0,0,0
116.8281,0.3301,1,1,0,1->1,0,0,0,0
116.909,0.3301,0,0,0,0->0,0,0,0,0
116.8281,0.3346,1,1,0,1->1,0,0,0,0
116.891,0.3346,1,1,0,1->1,0,0,0,0
116.9315,0.3346,1,1,0,1->1,0,0,0,0
116.8686,0.3391,1,0,1,1->0,0,1,0,0
116.918,0.3391,1,1,0,1->1,0,0,0,0
116.9539,0.3391,0,0,0,0->0,0,0,0,0
116.9719,0.3391,0,0,0,0->0,0,0,0,0
116.8057,0.3436,0,1,1,0->1,1,0,0,0
116.8147,0.3436,1,1,0,1->1,0,0,0,0
116.8776,0.3436,1,1,0,1->1,0,0,0,0
116.927,0.3436,3,1,1,3->1,0,0,0,0
116.9494,0.3436,1,1,0,1->1,0,0,0,0
116.9584,0.3436,0,0,0,0->0,0,0,0,0
116.8371,0.3526,0,0,0,0->0,0,0,0,0
116.9764,0.3526,0,0,0,0->0,0,0,0,0
116.8192,0.3571,1,1,0,1->1,0,0,0,0
116.8731,0.3571,0,0,0,0->0,0,0,0,0
116.909,0.3571,1,1,0,1->1,0,0,0,0
116.9135,0.3571,1,1,0,1->1,0,0,0,0
116.9494,0.3616,1,1,0,1->1,0,0,0,0
116.8102,0.3661,1,1,0,1->1,0,0,0,0
116.8371,0.3661,0,0,0,0->0,0,0,0,0
116.8551,0.3706,0,0,0,0->0,0,0,0,0
116.8776,0.3706,1,1,0,1->1,0,0,0,0
116.918,0.3706,0,0,0,0->0,0,0,0,0
116.9359,0.3706,0,0,0,0->0,0,0,0,0
116.9584,0.3706,1,1,0,1->1,0,0,0,0
116.9898,0.3706,0,0,0,0->0,0,0,0,0
116.8281,0.375,0,0,0,0->0,0,0,0,0
116.8326,0.375,0,1,1,0->1,1,0,0,0
116.9315,0.375,0,0,0,0->0,0,0,0,0
116.8416,0.384,0,0,0,0->0,0,0,0,0
116.8506,0.384,1,0,1,1->0,0,1,0,0
116.882,0.384,1,0,1,1->0,0,1,0,0
116.927,0.3885,0,0,0,0->0,0,0,0,0
116.8731,0.393,0,0,0,0->0,0,0,0,0
116.891,0.393,1,0,1,1->0,0,1,0,0
116.9449,0.393,1,0,1,1->0,0,1,0,0
119.2671,-1.9022,4,4,0,4->4,0,0,0,0
119.3434,-1.9022,4,4,0,4->4,0,0,0,0
119.3883,-1.9022,0,0,0,0->0,0,0,0,0
119.3883,-1.8977,1,1,0,1->1,0,0,0,0
119.4153,-1.8977,0,0,0,0->0,0,0,0,0
119.3255,-1.8932,4,4,0,4->4,0,0,0,0
119.3614,-1.8932,1,1,0,1->1,0,0,0,0
119.3928,-1.8932,0,0,0,0->0,0,0,0,0
119.3794,-1.8887,1,0,1,1->0,0,1,0,0
119.3075,-1.8842,4,4,0,4->4,0,0,0,0
119.3479,-1.8842,4,4,0,4->4,0,0,0,0
119.3839,-1.8842,0,0,0,0->0,0,0,0,0
119.3883,-1.8842,0,0,0,0->0,0,0,0,0
119.3883,-1.8797,0,0,0,0->0,0,0,0,0
119.312,-1.8707,4,4,0,4->4,0,0,0,0
119.3839,-1.8707,0,0,0,0->0,0,0,0,0
119.312,-1.8663,4,4,0,4->4,0,0,0,0
119.33,-1.8663,4,4,0,4->4,0,0,0,0
119.3434,-1.8663,4,4,0,4->4,0,0,0,0
119.3524,-1.8663,4,4,0,4->4,0,0,0,0
119.4018,-1.8663,0,0,0,0->0,0,0,0,0
119.3165,-1.8618,4,4,0,4->4,0,0,0,0
119.3839,-1.8573,0,0,0,0->0,0,0,0,0
119.4018,-1.8573,0,0,0,0->0,0,0,0,0
119.3344,-1.8528,4,4,0,4->4,0,0,0,0
119.3794,-1.8483,1,1,0,1->1,0,0,0,0
119.312,-1.8438,4,4,0,4->4,0,0,0,0
119.3704,-1.8438,1,1,0,1->1,0,0,0,0
119.321,-1.8393,4,4,0,4->4,0,0,0,0
119.303,-1.8348,4,4,0,4->4,0,0,0,0
119.3165,-1.8348,4,4,0,4->4,0,0,0,0
119.33,-1.8348,4,4,0,4->4,0,0,0,0
119.3659,-1.8348,1,1,0,1->1,0,0,0,0
119.3704,-1.8348,1,0,1,1->0,0,1,0,0
119.3344,-1.8303,4,4,0,4->4,0,0,0,0
119.3479,-1.8303,4,4,0,4->4,0,0,0,0
119.3794,-1.8303,0,0,0,0->0,0,0,0,0
119.303,-1.8258,4,4,0,4->4,0,0,0,0
119.3839,-1.8258,0,0,0,0->0,0,0,0,0
119.4153,-1.8213,0,0,0,0->0,0,0,0,0
119.3434,-1.8168,4,1,1,4->1,0,0,0,0
119.3479,-1.8168,4,4,0,4->4,0,0,0,0
119.3973,-1.8168,1,1,0,1->1,0,0,0,0
119.3479,-1.8079,0,0,0,0->0,0,0,0,0
119.3928,-1.8079,0,0,0,0->0,0,0,0,0
119.4198,-1.8079,1,1,0,1->1,0,0,0,0
117.174,-0.0876,1,1,0,1->1,0,0,0,0
117.1965,-0.0876,0,1,1,0->1,1,0,0,0
117.2054,-0.0876,0,0,0,0->0,0,0,0,0
117.2593,-0.0876,1,0,1,1->0,0,1,0,0
117.3177,-0.0876,0,0,0,0->0,0,0,0,0
117.3492,-0.0876,0,0,0,0->0,0,0,0,0
117.3582,-0.0876,1,1,0,1->1,0,0,0,0
117.4749,-0.0876,4,4,0,4->4,0,0,0,0
117.4929,-0.0876,4,4,0,4->4,0,0,0,0
117.4974,-0.0876,4,4,0,4->4,0,0,0,0
117.2369,-0.0831,0,0,0,0->0,0,0,0,0
117.3043,-0.0831,0,1,1,0->1,1,0,0,0
117.1426,-0.0786,0,0,0,0->0,0,0,0,0
117.2459,-0.0786,1,0,1,1->0,0,1,0,0
117.3132,-0.0786,0,1,1,0->1,1,0,0,0
117.4929,-0.0786,4,4,0,4->4,0,0,0,0
117.1471,-0.0741,0,1,1,0->1,1,0,0,0
117.156,-0.0741,0,0,0,0->0,0,0,0,0
117.3761,-0.0741,0,1,1,0->1,1,0,0,0
117.3806,-0.0741,1,0,1,1->0,0,1,0,0
117.4794,-0.0741,0,1,1,0->1,1,0,0,0
117.2099,-0.0696,1,0,1,1->0,0,1,0,0
117.3537,-0.0696,0,0,0,0->0,0,0,0,0
117.3896,-0.0696,0,0,0,0->0,0,0,0,0
117.3986,-0.0696,0,0,0,0->0,0,0,0,0
117.2054,-0.0651,1,1,0,1->1,0,0,0,0
117.2593,-0.0651,1,0,1,1->0,0,1,0,0
117.3132,-0.0651,1,0,1,1->0,0,1,0,0
117.3941,-0.0651,1,1,0,1->1,0,0,0,0
117.4076,-0.0651,1,1,0,1->1,0,0,0,0
117.156,-0.0606,0,0,0,0->0,0,0,0,0
117.2683,-0.0561,1,1,0,1->1,0,0,0,0
117.4749,-0.0561,0,0,0,0->0,0,0,0,0
117.1605,-0.0517,0,0,0,0->0,0,0,0,0
117.1695,-0.0517,0,1,1,0->1,1,0,0,0
117.2279,-0.0517,0,0,0,0->0,0,0,0,0
117.2459,-0.0517,1,1,0,1->1,0,0,0,0
117.2548,-0.0517,0,0,0,0->0,0,0,0,0
117.2908,-0.0517,0,0,0,0->0,0,0,0,0
117.421,-0.0517,0,0,0,0->0,0,0,0,0
117.4704,-0.0517,0,0,0,0->0,0,0,0,0
117.2234,-0.0472,0,0,0,0->0,0,0,0,0
117.5064,-0.0472,4,3,1,4->3,0,0,0,1
117.1246,-0.0427,1,0,1,1->0,0,1,0,0
117.156,-0.0427,0,0,0,0->0,0,0,0,0
117.2324,-0.0427,0,0,0,0->0,0,0,0,0
117.2773,-0.0427,0,0,0,0->0,0,0,0,0
117.3222,-0.0427,3,3,0,3->3,0,0,0,0
117.3716,-0.0427,0,0,0,0->0,0,0,0,0
117.3896,-0.0427,0,0,0,0->0,0,0,0,0
117.1336,-0.0382,0,1,1,0->1,1,0,0,0
117.2908,-0.0382,0,0,0,0->0,0,0,0,0
117.3716,-0.0382,0,0,0,0->0,0,0,0,0
117.448,-0.0382,1,1,0,1->1,0,0,0,0
117.4794,-0.0382,1,0,1,1->0,0,1,0,0
117.1336,-0.0337,1,1,0,1->1,0,0,0,0
117.1381,-0.0337,0,0,0,0->0,0,0,0,0
117.3447,-0.0337,0,0,0,0->0,0,0,0,0
117.3582,-0.0337,0,1,1,0->1,1,0,0,0
117.3671,-0.0337,0,0,0,0->0,0,0,0,0
117.3896,-0.0337,0,1,1,0->1,1,0,0,0
117.4076,-0.0337,1,1,0,1->1,0,0,0,0
117.4255,-0.0337,2,1,1,2->1,0,0,0,0
117.5064,-0.0337,0,0,0,0->0,0,0,0,0
117.1291,-0.0292,1,1,0,1->1,0,0,0,0
117.1515,-0.0292,0,0,0,0->0,0,0,0,0
117.1785,-0.0292,0,0,0,0->0,0,0,0,0
117.2638,-0.0292,1,0,1,1->0,0,1,0,0
117.3312,-0.0292,2,2,0,2->2,0,0,0,0
117.3671,-0.0292,0,0,0,0->0,0,0,0,0
117.3761,-0.0292,0,0,0,0->0,0,0,0,0
117.1246,-0.0247,1,1,0,1->1,0,0,0,0
117.1785,-0.0247,0,0,0,0->0,0,0,0,0
117.1875,-0.0247,1,1,0,1->1,0,0,0,0
117.2459,-0.0247,1,1,0,1->1,0,0,0,0
117.2953,-0.0247,1,0,1,1->0,0,1,0,0
117.4435,-0.0247,1,0,1,1->0,0,1,0,0
117.5154,-0.0247,1,1,0,1->1,0,0,0,0
117.5468,-0.0247,4,4,0,4->4,0,0,0,0
117.3537,-0.0202,0,1,1,0->1,1,0,0,0
117.174,-0.0157,0,0,0,0->0,0,0,0,0
117.2414,-0.0157,0,0,0,0->0,0,0,0,0
117.2504,-0.0157,0,1,1,0->1,1,0,0,0
117.3941,-0.0157,0,0,0,0->0,0,0,0,0
117.4165,-0.0157,1,1,0,1->1,0,0,0,0
117.421,-0.0157,1,1,0,1->1,0,0,0,0
117.5378,-0.0157,4,4,0,4->4,0,0,0,0
117.183,-0.0112,0,0,0,0->0,0,0,0,0
117.2054,-0.0112,0,0,0,0->0,0,0,0,0
117.3492,-0.0112,0,1,1,0->1,1,0,0,0
117.4255,-0.0112,1,1,0,1->1,0,0,0,0
117.457,-0.0112,0,0,0,0->0,0,0,0,0
117.156,-0.0067,0,0,0,0->0,0,0,0,0
117.183,-0.0067,0,0,0,0->0,0,0,0,0
117.2593,-0.0067,0,0,0,0->0,0,0,0,0
117.3626,-0.0067,0,1,1,0->1,1,0,0,0
117.1291,-0.0022,0,1,1,0->1,1,0,0,0
117.183,-0.0022,0,0,0,0->0,0,0,0,0
117.3132,-0.0022,1,1,0,1->1,0,0,0,0
117.3582,-0.0022,0,1,1,0->1,1,0,0,0
117.4255,-0.0022,1,0,1,1->0,0,1,0,0
109.0937,0.8152,1,1,0,1->1,0,0,0,0
109.1206,0.8152,0,0,0,0->0,0,0,0,0
109.1565,0.8152,1,0,1,1->0,0,1,0,0
109.1655,0.8152,1,1,0,1->1,0,0,0,0
109.2015,0.8152,0,0,0,0->0,0,0,0,0
109.0937,0.8197,0,0,0,0->0,0,0,0,0
109.161,0.8197,0,0,0,0->0,0,0,0,0
109.17,0.8197,0,0,0,0->0,0,0,0,0
109.179,0.8197,0,0,0,0->0,0,0,0,0
109.0892,0.8242,0,0,0,0->0,0,0,0,0
109.0981,0.8242,0,0,0,0->0,0,0,0,0
109.1745,0.8242,1,0,1,1->0,0,1,0,0
109.197,0.8242,0,0,0,0->0,0,0,0,0
109.2284,0.8242,0,0,0,0->0,0,0,0,0
109.2554,0.8242,0,0,0,0->0,0,0,0,0
109.1116,0.8332,1,1,0,1->1,0,0,0,0
109.1341,0.8332,0,1,1,0->1,1,0,0,0
109.1386,0.8332,1,0,1,1->0,0,1,0,0
109.2509,0.8332,0,0,0,0->0,0,0,0,0
109.2913,0.8332,0,0,0,0->0,0,0,0,0
109.1476,0.8377,0,0,0,0->0,0,0,0,0
109.1655,0.8377,0,0,0,0->0,0,0,0,0
109.2284,0.8377,1,0,1,1->0,0,1,0,0
109.2598,0.8377,0,0,0,0->0,0,0,0,0
109.1161,0.8422,0,0,0,0->0,0,0,0,0
109.1386,0.8422,1,0,1,1->0,0,1,0,0
109.2149,0.8467,0,0,0,0->0,0,0,0,0
109.2554,0.8467,0,0,0,0->0,0,0,0,0
109.2778,0.8467,0,0,0,0->0,0,0,0,0
109.1655,0.8512,0,0,0,0->0,0,0,0,0
109.0892,0.8556,0,0,0,0->0,0,0,0,0
109.2419,0.8556,0,0,0,0->0,0,0,0,0
109.2554,0.8556,0,0,0,0->0,0,0,0,0
109.1341,0.8601,0,0,0,0->0,0,0,0,0
109.1431,0.8601,0,0,0,0->0,0,0,0,0
109.1565,0.8601,1,1,0,1->1,0,0,0,0
109.1925,0.8601,0,0,0,0->0,0,0,0,0
109.1071,0.8691,1,1,0,1->1,0,0,0,0
109.1206,0.8691,0,0,0,0->0,0,0,0,0
109.152,0.8691,0,0,0,0->0,0,0,0,0
109.2149,0.8691,0,0,0,0->0,0,0,0,0
109.0802,0.8736,1,1,0,1->1,0,0,0,0
109.1026,0.8736,0,0,0,0->0,0,0,0,0
109.1251,0.8736,0,0,0,0->0,0,0,0,0
109.1655,0.8736,0,1,1,0->1,1,0,0,0
109.1835,0.8736,0,0,0,0->0,0,0,0,0
109.2329,0.8736,0,0,0,0->0,0,0,0,0
109.2015,0.8781,0,0,0,0->0,0,0,0,0
109.2823,0.8781,0,0,0,0->0,0,0,0,0
109.2913,0.8781,0,0,0,0->0,0,0,0,0
109.2464,0.8826,0,0,0,0->0,0,0,0,0
109.1925,0.8871,0,0,0,0->0,0,0,0,0
109.2015,0.8871,1,0,1,1->0,0,1,0,0
109.2778,0.8871,0,0,0,0->0,0,0,0,0
109.2374,0.8916,0,0,0,0->0,0,0,0,0
109.1925,0.8961,0,1,1,0->1,1,0,0,0
109.2104,0.8961,0,0,0,0->0,0,0,0,0
109.1296,0.9006,0,0,0,0->0,0,0,0,0
109.152,0.9006,0,0,0,0->0,0,0,0,0
109.1565,0.9006,1,0,1,1->0,0,1,0,0
109.2464,0.9006,0,0,0,0->0,0,0,0,0
109.2509,0.9006,0,0,0,0->0,0,0,0,0
109.2643,0.9006,0,1,1,0->1,1,0,0,0
109.2733,0.9006,0,0,0,0->0,0,0,0,0
109.1116,0.9051,0,0,0,0->0,0,0,0,0
109.1161,0.9095,1,1,0,1->1,0,0,0,0
109.1565,0.9095,1,1,0,1->1,0,0,0,0
109.161,0.9095,1,1,0,1->1,0,0,0,0
109.0802,0.914,0,1,1,0->1,1,0,0,0
109.1161,0.9185,0,1,1,0->1,1,0,0,0
109.1341,0.9185,0,0,0,0->0,0,0,0,0
109.1386,0.9185,0,0,0,0->0,0,0,0,0
109.1565,0.9185,0,1,1,0->1,1,0,0,0
109.1655,0.9185,0,0,0,0->0,0,0,0,0
109.17,0.9185,0,0,0,0->0,0,0,0,0
109.2509,0.9185,0,0,0,0->0,0,0,0,0
109.161,0.923,0,0,0,0->0,0,0,0,0
109.2284,0.923,0,0,0,0->0,0,0,0,0
109.0757,0.9275,0,1,1,0->1,1,0,0,0
109.0802,0.9275,1,0,1,1->0,0,1,0,0
109.0892,0.9275,0,0,0,0->0,0,0,0,0
109.1071,0.9275,0,1,1,0->1,1,0,0,0
109.1116,0.9275,0,0,0,0->0,0,0,0,0
109.1341,0.9275,0,0,0,0->0,0,0,0,0
109.0802,0.932,0,0,0,0->0,0,0,0,0
109.0847,0.932,1,0,1,1->0,0,1,0,0
109.2733,0.932,1,0,1,1->0,0,1,0,0
109.1386,0.9365,0,0,0,0->0,0,0,0,0
109.2284,0.9365,0,1,1,0->1,1,0,0,0
109.2733,0.9365,1,0,1,1->0,0,1,0,0
109.2778,0.9365,0,0,0,0->0,0,0,0,0
109.2913,0.9365,1,0,1,1->0,0,1,0,0
109.1341,0.941,0,1,1,0->1,1,0,0,0
109.1835,0.941,1,1,0,1->1,0,0,0,0
109.2554,0.941,0,0,0,0->0,0,0,0,0
109.2733,0.941,1,1,0,1->1,0,0,0,0
109.1341,0.9455,0,0,0,0->0,0,0,0,0
109.161,0.9455,0,0,0,0->0,0,0,0,0
109.17,0.9455,0,0,0,0->0,0,0,0,0
109.179,0.9455,1,0,1,1->0,0,1,0,0
109.197,0.9455,0,0,0,0->0,0,0,0,0
109.2015,0.9455,0,0,0,0->0,0,0,0,0
109.2104,0.9455,0,0,0,0->0,0,0,0,0
109.17,0.95,0,0,0,0->0,0,0,0,0
109.197,0.95,0,0,0,0->0,0,0,0,0
109.2598,0.95,1,0,1,1->0,0,1,0,0
109.2868,0.95,0,0,0,0->0,0,0,0,0
109.1251,0.9545,0,0,0,0->0,0,0,0,0
109.2104,0.9545,0,0,0,0->0,0,0,0,0
109.2913,0.9545,0,0,0,0->0,0,0,0,0
109.179,0.959,0,0,0,0->0,0,0,0,0
109.2015,0.959,0,0,0,0->0,0,0,0,0
109.2733,0.959,0,0,0,0->0,0,0,0,0
109.0892,0.9679,1,1,0,1->1,0,0,0,0
108.7613,0.8152,4,4,0,4->4,0,0,0,0
108.8062,0.8152,4,4,0,4->4,0,0,0,0
108.8421,0.8152,2,1,1,2->1,0,0,0,0
108.8691,0.8152,0,1,1,0->1,1,0,0,0
108.9769,0.8152,0,0,0,0->0,0,0,0,0
109.0667,0.8152,0,0,0,0->0,0,0,0,0
108.9095,0.8197,1,2,1,1->2,0,0,1,0
108.9364,0.8197,1,1,0,1->1,0,0,0,0
109.0308,0.8197,0,0,0,0->0,0,0,0,0
109.0353,0.8197,0,0,0,0->0,0,0,0,0
108.7792,0.8242,0,0,0,0->0,0,0,0,0
108.8691,0.8242,0,1,1,0->1,1,0,0,0
108.9409,0.8242,1,0,1,1->0,0,1,0,0
109.0263,0.8242,0,0,0,0->0,0,0,0,0
108.7703,0.8332,4,4,0,4->4,0,0,0,0
108.7972,0.8332,4,4,0,4->4,0,0,0,0
108.9993,0.8332,0,0,0,0->0,0,0,0,0
109.0487,0.8332,0,0,0,0->0,0,0,0,0
109.0667,0.8332,0,0,0,0->0,0,0,0,0
108.8556,0.8377,4,4,0,4->4,0,0,0,0
108.8781,0.8377,0,1,1,0->1,1,0,0,0
108.8915,0.8377,2,1,1,2->1,0,0,0,0
108.7613,0.8422,4,4,0,4->4,0,0,0,0
108.7792,0.8422,4,4,0,4->4,0,0,0,0
108.9679,0.8422,0,1,1,0->1,1,0,0,0
108.9814,0.8422,0,0,0,0->0,0,0,0,0
109.0487,0.8422,0,0,0,0->0,0,0,0,0
108.7658,0.8467,4,4,0,4->4,0,0,0,0
108.7837,0.8467,4,4,0,4->4,0,0,0,0
108.8421,0.8467,4,4,0,4->4,0,0,0,0
108.9454,0.8467,1,1,0,1->1,0,0,0,0
108.9679,0.8467,0,0,0,0->0,0,0,0,0
109.0083,0.8467,0,0,0,0->0,0,0,0,0
108.8736,0.8512,4,4,0,4->4,0,0,0,0
109.0577,0.8512,0,0,0,0->0,0,0,0,0
108.914,0.8556,0,0,0,0->0,0,0,0,0
108.9454,0.8556,1,1,0,1->1,0,0,0,0
108.9724,0.8556,1,1,0,1->1,0,0,0,0
108.9185,0.8601,1,1,0,1->1,0,0,0,0
108.923,0.8601,0,1,1,0->1,1,0,0,0
108.9499,0.8601,0,0,0,0->0,0,0,0,0
109.0128,0.8601,0,0,0,0->0,0,0,0,0
109.0218,0.8601,0,0,0,0->0,0,0,0,0
108.8646,0.8646,4,4,0,4->4,0,0,0,0
108.9814,0.8646,0,0,0,0->0,0,0,0,0
108.8736,0.8691,4,4,0,4->4,0,0,0,0
108.9095,0.8691,4,4,0,4->4,0,0,0,0
108.9409,0.8691,2,2,0,2->2,0,0,0,0
108.9814,0.8691,0,0,0,0->0,0,0,0,0
108.9724,0.8736,1,1,0,1->1,0,0,0,0
109.0083,0.8736,1,1,0,1->1,0,0,0,0
108.8511,0.8781,4,4,0,4->4,0,0,0,0
108.8601,0.8781,4,4,0,4->4,0,0,0,0
108.8691,0.8781,4,4,0,4->4,0,0,0,0
108.9499,0.8781,2,2,0,2->2,0,0,0,0
109.0712,0.8781,0,0,0,0->0,0,0,0,0
108.8511,0.8826,4,4,0,4->4,0,0,0,0
108.8736,0.8826,4,4,0,4->4,0,0,0,0
108.9679,0.8826,0,0,0,0->0,0,0,0,0
108.8511,0.8871,4,4,0,4->4,0,0,0,0
108.9185,0.8871,4,4,0,4->4,0,0,0,0
108.9634,0.8871,2,2,0,2->2,0,0,0,0
109.0083,0.8871,0,0,0,0->0,0,0,0,0
108.9724,0.8916,2,2,0,2->2,0,0,0,0
108.8511,0.8961,4,4,0,4->4,0,0,0,0
108.887,0.8961,4,4,0,4->4,0,0,0,0
108.9095,0.8961,4,4,0,4->4,0,0,0,0
109.0263,0.9051,2,1,1,2->1,0,0,0,0
109.0353,0.9051,2,3,1,2->3,0,0,0,1
109.0487,0.9051,0,0,0,0->0,0,0,0,0
109.0263,0.9095,1,1,0,1->1,0,0,0,0
109.0712,0.9095,0,0,0,0->0,0,0,0,0
108.9814,0.914,2,2,0,2->2,0,0,0,0
108.9948,0.914,2,2,0,2->2,0,0,0,0
109.0577,0.9185,0,1,1,0->1,1,0,0,0
108.9724,0.923,0,0,0,0->0,0,0,0,0
109.0712,0.923,1,1,0,1->1,0,0,0,0
109.0038,0.9275,2,2,0,2->2,0,0,0,0
109.0442,0.932,0,0,0,0->0,0,0,0,0
109.0353,0.941,0,1,1,0->1,1,0,0,0
109.0398,0.941,1,1,0,1->1,0,0,0,0
108.9814,0.95,0,0,0,0->0,0,0,0,0
109.0038,0.95,1,1,0,1->1,0,0,0,0
109.0487,0.959,0,1,1,0->1,1,0,0,0
109.0308,0.9634,0,0,0,0->0,0,0,0,0
109.0353,0.9634,0,1,1,0->1,1,0,0,0
109.0398,0.9634,0,1,1,0->1,1,0,0,0
109.0487,0.9634,1,1,0,1->1,0,0,0,0
108.9679,0.9724,4,4,0,4->4,0,0,0,0
108.9769,0.9724,0,0,0,0->0,0,0,0,0
109.0353,0.9724,0,1,1,0->1,1,0,0,0
109.0442,0.9724,0,0,0,0->0,0,0,0,0
108.9948,0.9769,1,0,1,1->0,0,1,0,0
109.0173,0.9769,1,0,1,1->0,0,1,0,0
109.0218,0.9814,1,1,0,1->1,0,0,0,0
109.0398,0.9814,0,0,0,0->0,0,0,0,0
109.0712,0.9814,0,1,1,0->1,1,0,0,0
108.9993,0.9859,1,1,0,1->1,0,0,0,0
109.0038,0.9904,2,1,1,2->1,0,0,0,0
109.0263,0.9904,1,1,0,1->1,0,0,0,0
109.0712,0.9904,1,2,1,1->2,0,0,1,0
108.9589,0.9949,4,4,0,4->4,0,0,0,0
109.0532,0.9949,1,1,0,1->1,0,0,0,0
109.0667,0.9949,2,2,0,2->2,0,0,0,0
108.9544,0.9994,4,4,0,4->4,0,0,0,0
108.9724,0.9994,4,4,0,4->4,0,0,0,0
109.0128,0.9994,1,1,0,1->1,0,0,0,0
109.0173,1.0084,1,2,1,1->2,0,0,1,0
109.0218,1.0084,1,1,0,1->1,0,0,0,0
109.0487,1.0084,1,1,0,1->1,0,0,0,0
108.9275,1.0173,4,4,0,4->4,0,0,0,0
108.9589,1.0173,4,4,0,4->4,0,0,0,0
108.9634,1.0173,4,4,0,4->4,0,0,0,0
108.9679,1.0218,4,4,0,4->4,0,0,0,0
109.0128,1.0218,1,1,0,1->1,0,0,0,0
109.0487,1.0218,0,0,0,0->0,0,0,0,0
108.9095,1.0263,4,4,0,4->4,0,0,0,0
108.923,1.0263,4,4,0,4->4,0,0,0,0
108.9409,1.0263,4,4,0,4->4,0,0,0,0
108.9724,1.0263,0,4,1,0->4,1,0,0,0
109.0487,1.0263,1,1,0,1->1,0,0,0,0
108.923,1.0308,4,4,0,4->4,0,0,0,0
108.9679,1.0308,4,4,0,4->4,0,0,0,0
108.9993,1.0353,1,1,0,1->1,0,0,0,0
108.9499,1.0398,4,4,0,4->4,0,0,0,0
108.9589,1.0398,4,4,0,4->4,0,0,0,0
108.9814,1.0398,0,0,0,0->0,0,0,0,0
108.9993,1.0398,1,1,0,1->1,0,0,0,0
109.0263,1.0398,1,2,1,1->2,0,0,1,0
109.0218,1.0443,1,1,0,1->1,0,0,0,0
109.0308,1.0443,0,0,0,0->0,0,0,0,0
108.914,1.0488,4,4,0,4->4,0,0,0,0
109.0308,1.0488,1,1,0,1->1,0,0,0,0
109.0577,1.0533,0,0,0,0->0,0,0,0,0
109.0712,1.0533,3,1,1,3->1,0,0,0,0
108.9948,1.0578,0,1,1,0->1,1,0,0,0
109.0712,1.0578,1,1,0,1->1,0,0,0,0
108.914,1.0623,4,4,0,4->4,0,0,0,0
108.9499,1.0623,4,4,0,4->4,0,0,0,0
108.9769,1.0623,0,0,0,0->0,0,0,0,0
109.0532,1.0667,1,2,1,1->2,0,0,1,0
108.9814,1.0712,1,1,0,1->1,0,0,0,0
108.9948,1.0757,1,1,0,1->1,0,0,0,0
108.9993,1.0757,1,2,1,1->2,0,0,1,0
109.0532,1.0757,1,2,1,1->2,0,0,1,0
109.0622,1.0757,1,2,1,1->2,0,0,1,0
108.9544,1.0802,0,0,0,0->0,0,0,0,0
109.0667,1.0802,1,0,1,1->0,0,1,0,0
108.9499,1.0847,0,0,0,0->0,0,0,0,0
109.0532,1.0892,2,1,1,2->1,0,0,0,0
108.914,1.0937,4,4,0,4->4,0,0,0,0
108.9364,1.0937,4,4,0,4->4,0,0,0,0
109.0308,1.0937,1,1,0,1->1,0,0,0,0
109.0353,1.0937,1,2,1,1->2,0,0,1,0
108.9948,1.0982,1,1,0,1->1,0,0,0,0
108.9993,1.0982,1,1,0,1->1,0,0,0,0
109.0308,1.0982,1,1,0,1->1,0,0,0,0
108.9993,1.1027,1,1,0,1->1,0,0,0,0
109.0398,1.1072,1,1,0,1->1,0,0,0,0
108.9544,1.1206,0,1,1,0->1,1,0,0,0
108.9903,1.1206,1,1,0,1->1,0,0,0,0
109.0263,1.1206,1,1,0,1->1,0,0,0,0
109.0487,1.1251,1,1,0,1->1,0,0,0,0
108.9185,1.1296,4,4,0,4->4,0,0,0,0
109.0173,1.1296,1,1,0,1->1,0,0,0,0
109.0667,1.1296,1,1,0,1->1,0,0,0,0
108.9005,1.1341,4,4,0,4->4,0,0,0,0
109.0038,1.1341,0,1,1,0->1,1,0,0,0
108.9589,1.1386,0,0,0,0->0,0,0,0,0
108.9634,1.1386,0,0,0,0->0,0,0,0,0
108.9185,1.1431,3,4,1,3->4,0,0,0,0
109.0128,1.1431,1,1,0,1->1,0,0,0,0
108.905,1.1476,4,4,0,4->4,0,0,0,0
108.9499,1.1476,0,1,1,0->1,1,0,0,0
108.9589,1.1476,1,1,0,1->1,0,0,0,0
109.0173,1.1476,1,1,0,1->1,0,0,0,0
109.0173,1.1521,1,1,0,1->1,0,0,0,0
108.9634,1.1566,0,1,1,0->1,1,0,0,0
109.0667,1.1566,0,1,1,0->1,1,0,0,0
109.0308,1.1611,1,1,0,1->1,0,0,0,0
109.0353,1.1611,1,2,1,1->2,0,0,1,0
108.914,1.1656,3,1,1,3->1,0,0,0,0
109.0398,1.1656,1,1,0,1->1,0,0,0,0
109.0667,1.1656,1,1,0,1->1,0,0,0,0
109.0712,1.1701,1,1,0,1->1,0,0,0,0
108.9364,1.1745,4,4,0,4->4,0,0,0,0
108.905,1.179,4,4,0,4->4,0,0,0,0
108.9364,1.179,4,4,0,4->4,0,0,0,0
108.9454,1.179,4,4,0,4->4,0,0,0,0
109.0487,1.179,1,1,0,1->1,0,0,0,0
109.0083,1.1835,0,0,0,0->0,0,0,0,0
108.9275,1.188,4,4,0,4->4,0,0,0,0
108.9769,1.188,4,4,0,4->4,0,0,0,0
108.9814,1.188,4,4,0,4->4,0,0,0,0
109.0442,1.188,1,1,0,1->1,0,0,0,0
108.9005,1.1925,4,4,0,4->4,0,0,0,0
108.914,1.1925,4,4,0,4->4,0,0,0,0
108.9275,1.1925,4,4,0,4->4,0,0,0,0
108.9454,1.1925,4,4,0,4->4,0,0,0,0
109.0353,1.1925,1,1,0,1->1,0,0,0,0
108.9544,1.197,4,4,0,4->4,0,0,0,0
108.9589,1.197,4,4,0,4->4,0,0,0,0
109.0173,1.197,1,1,0,1->1,0,0,0,0
109.0712,1.197,1,1,0,1->1,0,0,0,0
108.9769,1.2015,4,4,0,4->4,0,0,0,0
108.9634,1.206,0,0,0,0->0,0,0,0,0
108.9903,1.206,4,4,0,4->4,0,0,0,0
109.0128,1.206,4,4,0,4->4,0,0,0,0
109.0487,1.206,3,4,1,3->4,0,0,0,0
108.9993,1.2105,4,4,0,4->4,0,0,0,0
109.0577,1.2105,0,0,0,0->0,0,0,0,0
109.0622,1.2105,0,0,0,0->0,0,0,0,0
108.9769,1.215,2,1,1,2->1,0,0,0,0
108.9859,1.215,1,3,1,1->3,0,0,0,1
109.0083,1.224,0,0,0,0->0,0,0,0,0
109.0577,1.224,1,1,0,1->1,0,0,0,0
109.0577,1.2284,1,1,0,1->1,0,0,0,0
108.9859,1.2329,1,1,0,1->1,0,0,0,0
109.0532,1.2329,1,1,0,1->1,0,0,0,0
109.0173,1.2374,1,1,0,1->1,0,0,0,0
109.0442,1.2374,1,1,0,1->1,0,0,0,0
109.0487,1.2374,1,0,1,1->0,0,1,0,0
108.9634,1.2419,4,4,0,4->4,0,0,0,0
109.0128,1.2419,1,1,0,1->1,0,0,0,0
108.9634,1.2464,4,4,0,4->4,0,0,0,0
109.0487,1.2554,1,1,0,1->1,0,0,0,0
108.9634,1.2644,4,4,0,4->4,0,0,0,0
108.9679,1.2644,4,4,0,4->4,0,0,0,0
109.0398,1.2644,1,1,0,1->1,0,0,0,0
109.0667,1.2644,1,1,0,1->1,0,0,0,0
108.9589,1.2689,4,4,0,4->4,0,0,0,0
109.0487,1.2689,1,2,1,1->2,0,0,1,0
108.9769,1.2734,4,4,0,4->4,0,0,0,0
109.0173,1.2734,1,0,1,1->0,0,1,0,0
109.0712,1.2734,1,1,0,1->1,0,0,0,0
109.0667,1.2779,1,1,0,1->1,0,0,0,0
108.9724,1.2868,4,4,0,4->4,0,0,0,0
108.9544,1.2913,4,4,0,4->4,0,0,0,0
108.9589,1.2913,4,4,0,4->4,0,0,0,0
108.9948,1.2913,4,4,0,4->4,0,0,0,0
109.0083,1.2913,2,2,0,2->2,0,0,0,0
109.0353,1.2958,2,2,0,2->2,0,0,0,0
109.0577,1.2958,1,1,0,1->1,0,0,0,0
109.0487,1.3003,1,1,0,1->1,0,0,0,0
109.0173,1.3048,1,0,1,1->0,0,1,0,0
109.0398,1.3093,2,1,1,2->1,0,0,0,0
109.0532,1.3093,0,1,1,0->1,1,0,0,0
109.0083,1.3138,4,4,0,4->4,0,0,0,0
109.0532,1.3183,1,1,0,1->1,0,0,0,0
109.0263,1.3273,4,4,0,4->4,0,0,0,0
109.0173,1.3318,4,4,0,4->4,0,0,0,0
109.0532,1.3318,1,1,0,1->1,0,0,0,0
109.0398,1.3362,0,1,1,0->1,1,0,0,0
109.0038,1.3407,4,4,0,4->4,0,0,0,0
109.0712,1.3407,0,0,0,0->0,0,0,0,0
109.0128,1.3452,4,4,0,4->4,0,0,0,0
109.0532,1.3452,1,1,0,1->1,0,0,0,0
109.0263,1.3497,4,4,0,4->4,0,0,0,0
109.0487,1.3542,1,0,1,1->0,0,1,0,0
109.0442,1.3587,1,1,0,1->1,0,0,0,0
109.0128,1.3632,4,4,0,4->4,0,0,0,0
109.0532,1.3632,1,1,0,1->1,0,0,0,0
109.0038,1.3677,4,4,0,4->4,0,0,0,0
109.0532,1.3722,1,0,1,1->0,0,1,0,0
109.0353,1.3812,4,4,0,4->4,0,0,0,0
109.0532,1.3812,0,0,0,0->0,0,0,0,0
109.0308,1.3857,4,4,0,4->4,0,0,0,0
109.0398,1.3857,3,0,1,3->0,0,1,0,0
109.0712,1.3991,1,1,0,1->1,0,0,0,0
109.0083,1.4081,4,4,0,4->4,0,0,0,0
109.0532,1.4081,1,1,0,1->1,0,0,0,0
109.0263,1.4126,4,4,0,4->4,0,0,0,0
109.0442,1.4171,1,1,0,1->1,0,0,0,0
109.0622,1.4171,2,2,0,2->2,0,0,0,0
109.0308,1.4216,4,4,0,4->4,0,0,0,0
109.0577,1.4216,1,1,0,1->1,0,0,0,0
109.0667,1.4261,0,1,1,0->1,1,0,0,0
109.0398,1.4351,0,0,0,0->0,0,0,0,0
109.0667,1.444,1,1,0,1->1,0,0,0,0
109.0173,1.4485,4,4,0,4->4,0,0,0,0
109.0308,1.4485,4,4,0,4->4,0,0,0,0
109.0532,1.453,1,1,0,1->1,0,0,0,0
109.0442,1.4575,1,1,0,1->1,0,0,0,0
109.0622,1.4575,1,0,1,1->0,0,1,0,0
109.0667,1.4575,0,0,0,0->0,0,0,0,0
109.0038,1.462,4,4,0,4->4,0,0,0,0
109.0398,1.462,2,2,0,2->2,0,0,0,0
109.0577,1.471,1,1,0,1->1,0,0,0,0
109.0038,1.4755,4,4,0,4->4,0,0,0,0
109.0128,1.4755,4,4,0,4->4,0,0,0,0
109.0308,1.48,4,4,0,4->4,0,0,0,0
109.0083,1.489,4,4,0,4->4,0,0,0,0
109.0353,1.489,4,4,0,4->4,0,0,0,0
109.0487,1.489,3,3,0,3->3,0,0,0,0
109.0712,1.4934,1,2,1,1->2,0,0,1,0
109.0173,1.4979,4,4,0,4->4,0,0,0,0
109.0442,1.5069,4,4,0,4->4,0,0,0,0
109.0442,1.5114,4,4,0,4->4,0,0,0,0
109.0218,1.5159,4,4,0,4->4,0,0,0,0
109.0308,1.5204,4,4,0,4->4,0,0,0,0
109.0083,1.5249,4,4,0,4->4,0,0,0,0
109.0712,1.5294,1,1,0,1->1,0,0,0,0
109.0128,1.5384,4,4,0,4->4,0,0,0,0
109.0398,1.5384,4,4,0,4->4,0,0,0,0
109.0577,1.5384,4,4,0,4->4,0,0,0,0
117.951,0.7029,4,4,0,4->4,0,0,0,0
117.9555,0.7074,4,4,0,4->4,0,0,0,0
117.978,0.7209,4,4,0,4->4,0,0,0,0
117.9735,0.7299,4,4,0,4->4,0,0,0,0
117.951,0.7389,4,4,0,4->4,0,0,0,0
117.978,0.7389,2,4,1,2->4,0,0,0,0
117.951,0.7434,2,4,1,2->4,0,0,0,0
117.9645,0.7478,4,4,0,4->4,0,0,0,0
117.9331,0.7523,4,4,0,4->4,0,0,0,0
117.9555,0.7568,4,4,0,4->4,0,0,0,0
117.9735,0.7568,3,4,1,3->4,0,0,0,0
117.9376,0.7658,4,4,0,4->4,0,0,0,0
117.9151,0.7703,4,4,0,4->4,0,0,0,0
117.9241,0.7703,4,4,0,4->4,0,0,0,0
117.9421,0.7703,4,4,0,4->4,0,0,0,0
117.96,0.7748,4,4,0,4->4,0,0,0,0
117.951,0.7883,4,4,0,4->4,0,0,0,0
117.9241,0.7928,4,4,0,4->4,0,0,0,0
117.9825,0.7973,2,0,1,2->0,0,1,0,0
117.9466,0.8062,1,0,1,1->0,0,1,0,0
117.9241,0.8197,0,0,0,0->0,0,0,0,0
117.9331,0.8197,0,1,1,0->1,1,0,0,0
117.9421,0.8197,1,1,0,1->1,0,0,0,0
117.951,0.8197,0,0,0,0->0,0,0,0,0
117.9151,0.8242,4,4,0,4->4,0,0,0,0
117.96,0.8242,0,0,0,0->0,0,0,0,0
117.9016,0.8332,0,0,0,0->0,0,0,0,0
117.987,0.8332,1,1,0,1->1,0,0,0,0
117.9016,0.8377,0,0,0,0->0,0,0,0,0
117.9151,0.8377,0,0,0,0->0,0,0,0,0
117.9241,0.8377,0,0,0,0->0,0,0,0,0
117.9151,0.8422,0,0,0,0->0,0,0,0,0
117.9466,0.8422,1,0,1,1->0,0,1,0,0
117.9555,0.8422,0,0,0,0->0,0,0,0,0
117.978,0.8422,0,1,1,0->1,1,0,0,0
117.9151,0.8467,0,0,0,0->0,0,0,0,0
117.9106,0.8512,0,1,1,0->1,1,0,0,0
117.9421,0.8512,0,0,0,0->0,0,0,0,0
117.96,0.8556,0,0,0,0->0,0,0,0,0
117.9735,0.8556,0,0,0,0->0,0,0,0,0
117.9331,0.8646,1,0,1,1->0,0,1,0,0
117.9466,0.8646,0,0,0,0->0,0,0,0,0
117.9645,0.8736,0,1,1,0->1,1,0,0,0
117.9016,0.8781,0,1,1,0->1,1,0,0,0
117.9331,0.8781,0,1,1,0->1,1,0,0,0
117.9825,0.8781,0,1,1,0->1,1,0,0,0
117.9106,0.8826,0,0,0,0->0,0,0,0,0
117.9196,0.8871,0,0,0,0->0,0,0,0,0
117.9421,0.8916,1,1,0,1->1,0,0,0,0
117.9466,0.8916,1,0,1,1->0,0,1,0,0
117.9196,0.8961,0,1,1,0->1,1,0,0,0
117.9376,0.8961,1,0,1,1->0,0,1,0,0
117.9466,0.9006,0,0,0,0->0,0,0,0,0
117.9825,0.9006,0,0,0,0->0,0,0,0,0
109.1386,0.9724,0,0,0,0->0,0,0,0,0
109.1476,0.9769,0,1,1,0->1,1,0,0,0
109.2239,0.9769,0,0,0,0->0,0,0,0,0
109.2823,0.9769,0,0,0,0->0,0,0,0,0
109.0937,0.9814,1,2,1,1->2,0,0,1,0
109.1026,0.9814,1,1,0,1->1,0,0,0,0
109.197,0.9814,0,0,0,0->0,0,0,0,0
109.2778,0.9814,1,0,1,1->0,0,1,0,0
109.1296,0.9859,0,0,0,0->0,0,0,0,0
109.2419,0.9859,0,1,1,0->1,1,0,0,0
109.2374,0.9904,1,3,1,1->3,0,0,0,1
109.1251,0.9949,0,0,0,0->0,0,0,0,0
109.1745,0.9949,1,1,0,1->1,0,0,0,0
109.2015,0.9949,0,0,0,0->0,0,0,0,0
109.2509,0.9949,0,0,0,0->0,0,0,0,0
109.161,0.9994,0,0,0,0->0,0,0,0,0
109.2104,1.0039,0,0,0,0->0,0,0,0,0
109.2509,1.0039,1,1,0,1->1,0,0,0,0
109.0802,1.0084,0,1,1,0->1,1,0,0,0
109.1655,1.0084,0,0,0,0->0,0,0,0,0
109.2419,1.0084,0,0,0,0->0,0,0,0,0
109.2913,1.0084,0,0,0,0->0,0,0,0,0
109.161,1.0129,0,0,0,0->0,0,0,0,0
109.1835,1.0129,0,1,1,0->1,1,0,0,0
109.0757,1.0218,0,1,1,0->1,1,0,0,0
109.1296,1.0218,0,0,0,0->0,0,0,0,0
109.17,1.0218,0,1,1,0->1,1,0,0,0
109.2464,1.0218,1,0,1,1->0,0,1,0,0
109.2554,1.0218,1,0,1,1->0,0,1,0,0
109.161,1.0263,0,0,0,0->0,0,0,0,0
109.2015,1.0263,0,0,0,0->0,0,0,0,0
109.2149,1.0263,0,1,1,0->1,1,0,0,0
109.2598,1.0263,0,0,0,0->0,0,0,0,0
109.0981,1.0308,0,1,1,0->1,1,0,0,0
109.1296,1.0308,0,0,0,0->0,0,0,0,0
109.2778,1.0308,0,0,0,0->0,0,0,0,0
109.2868,1.0308,0,0,0,0->0,0,0,0,0
109.1251,1.0353,3,3,0,3->3,0,0,0,0
109.2104,1.0353,0,0,0,0->0,0,0,0,0
109.2554,1.0353,0,0,0,0->0,0,0,0,0
109.2733,1.0353,1,0,1,1->0,0,1,0,0
109.1071,1.0398,0,0,0,0->0,0,0,0,0
109.2419,1.0398,1,1,0,1->1,0,0,0,0
109.2464,1.0398,1,0,1,1->0,0,1,0,0
109.2509,1.0398,0,0,0,0->0,0,0,0,0
109.2554,1.0398,0,0,0,0->0,0,0,0,0
109.1026,1.0443,1,1,0,1->1,0,0,0,0
109.152,1.0443,0,0,0,0->0,0,0,0,0
109.2329,1.0443,0,0,0,0->0,0,0,0,0
109.0757,1.0488,1,1,0,1->1,0,0,0,0
109.0937,1.0488,1,1,0,1->1,0,0,0,0
109.1071,1.0488,2,2,0,2->2,0,0,0,0
109.1251,1.0488,1,1,0,1->1,0,0,0,0
109.1341,1.0578,1,0,1,1->0,0,1,0,0
109.152,1.0578,0,0,0,0->0,0,0,0,0
109.2374,1.0578,0,0,0,0->0,0,0,0,0
109.2419,1.0578,0,0,0,0->0,0,0,0,0
109.1745,1.0623,0,0,0,0->0,0,0,0,0
109.1655,1.0667,0,0,0,0->0,0,0,0,0
109.188,1.0667,0,0,0,0->0,0,0,0,0
109.2464,1.0667,0,0,0,0->0,0,0,0,0
109.2733,1.0667,0,0,0,0->0,0,0,0,0
109.1026,1.0712,0,1,1,0->1,1,0,0,0
109.1431,1.0712,0,0,0,0->0,0,0,0,0
109.2509,1.0712,0,0,0,0->0,0,0,0,0
109.0757,1.0757,1,1,0,1->1,0,0,0,0
109.1071,1.0757,0,1,1,0->1,1,0,0,0
109.1745,1.0757,0,0,0,0->0,0,0,0,0
109.2059,1.0757,0,0,0,0->0,0,0,0,0
109.2554,1.0757,1,0,1,1->0,0,1,0,0
109.0892,1.0802,1,1,0,1->1,0,0,0,0
109.0937,1.0802,1,0,1,1->0,0,1,0,0
109.2733,1.0802,1,1,0,1->1,0,0,0,0
109.1026,1.0847,1,0,1,1->0,0,1,0,0
109.1161,1.0847,0,1,1,0->1,1,0,0,0
109.1925,1.0847,0,0,0,0->0,0,0,0,0
109.2778,1.0847,1,0,1,1->0,0,1,0,0
109.1071,1.0892,0,1,1,0->1,1,0,0,0
109.1116,1.0892,0,1,1,0->1,1,0,0,0
109.1655,1.0892,0,0,0,0->0,0,0,0,0
109.2015,1.0892,0,0,0,0->0,0,0,0,0
109.1206,1.0937,0,1,1,0->1,1,0,0,0
109.2643,1.0937,0,0,0,0->0,0,0,0,0
109.2778,1.0937,0,0,0,0->0,0,0,0,0
109.0937,1.0982,1,1,0,1->1,0,0,0,0
109.0981,1.0982,1,0,1,1->0,0,1,0,0
109.2643,1.0982,0,0,0,0->0,0,0,0,0
109.1071,1.1027,0,1,1,0->1,1,0,0,0
109.1206,1.1027,1,1,0,1->1,0,0,0,0
109.1655,1.1027,0,0,0,0->0,0,0,0,0
109.17,1.1027,0,0,0,0->0,0,0,0,0
109.1745,1.1027,0,0,0,0->0,0,0,0,0
109.2194,1.1027,0,0,0,0->0,0,0,0,0
109.2464,1.1027,4,1,1,4->1,0,0,0,0
109.2778,1.1027,1,0,1,1->0,0,1,0,0
109.0757,1.1072,1,1,0,1->1,0,0,0,0
109.161,1.1072,0,0,0,0->0,0,0,0,0
109.2194,1.1072,1,0,1,1->0,0,1,0,0
109.2284,1.1072,0,0,0,0->0,0,0,0,0
109.2688,1.1072,0,0,0,0->0,0,0,0,0
109.1026,1.1117,0,0,0,0->0,0,0,0,0
109.1341,1.1117,1,1,0,1->1,0,0,0,0
109.2015,1.1117,0,0,0,0->0,0,0,0,0
109.0757,1.1162,1,1,0,1->1,0,0,0,0
109.1386,1.1162,0,0,0,0->0,0,0,0,0
109.188,1.1162,0,0,0,0->0,0,0,0,0
109.2194,1.1162,0,0,0,0->0,0,0,0,0
109.2688,1.1162,0,0,0,0->0,0,0,0,0
109.0757,1.1206,1,1,0,1->1,0,0,0,0
109.0937,1.1206,1,1,0,1->1,0,0,0,0
109.1071,1.1206,0,0,0,0->0,0,0,0,0
109.1116,1.1206,1,0,1,1->0,0,1,0,0
109.1206,1.1206,1,1,0,1->1,0,0,0,0
109.152,1.1206,0,0,0,0->0,0,0,0,0
109.2284,1.1206,1,0,1,1->0,0,1,0,0
109.2329,1.1206,0,0,0,0->0,0,0,0,0
109.2284,1.1251,1,0,1,1->0,0,1,0,0
109.2464,1.1251,1,1,0,1->1,0,0,0,0
109.0802,1.1296,1,1,0,1->1,0,0,0,0
109.1251,1.1296,1,1,0,1->1,0,0,0,0
109.1745,1.1296,0,0,0,0->0,0,0,0,0
109.0847,1.1341,1,2,1,1->2,0,0,1,0
109.1161,1.1341,1,0,1,1->0,0,1,0,0
109.17,1.1341,0,0,0,0->0,0,0,0,0
109.188,1.1341,0,1,1,0->1,1,0,0,0
109.2059,1.1341,0,0,0,0->0,0,0,0,0
109.2464,1.1341,0,1,1,0->1,1,0,0,0
109.2598,1.1341,0,0,0,0->0,0,0,0,0
109.1386,1.1386,1,1,0,1->1,0,0,0,0
109.1655,1.1431,0,0,0,0->0,0,0,0,0
109.2194,1.1431,1,0,1,1->0,0,1,0,0
109.2239,1.1431,1,0,1,1->0,0,1,0,0
109.2329,1.1431,1,0,1,1->0,0,1,0,0
109.2374,1.1431,1,0,1,1->0,0,1,0,0
109.2509,1.1431,1,0,1,1->0,0,1,0,0
109.0981,1.1476,1,1,0,1->1,0,0,0,0
109.2823,1.1476,0,0,0,0->0,0,0,0,0
109.197,1.1566,1,0,1,1->0,0,1,0,0
109.2149,1.1566,1,0,1,1->0,0,1,0,0
109.2329,1.1566,1,0,1,1->0,0,1,0,0
109.1476,1.1611,1,1,0,1->1,0,0,0,0
109.17,1.1611,1,1,0,1->1,0,0,0,0
109.2464,1.1611,0,0,0,0->0,0,0,0,0
109.0847,1.1656,0,0,0,0->0,0,0,0,0
109.1476,1.1656,1,1,0,1->1,0,0,0,0
109.188,1.1656,1,1,0,1->1,0,0,0,0
109.2688,1.1656,0,0,0,0->0,0,0,0,0
109.2823,1.1656,0,0,0,0->0,0,0,0,0
109.1161,1.1701,0,1,1,0->1,1,0,0,0
109.179,1.1701,0,0,0,0->0,0,0,0,0
109.2778,1.1701,0,0,0,0->0,0,0,0,0
109.2823,1.1701,0,0,0,0->0,0,0,0,0
109.0757,1.1745,1,1,0,1->1,0,0,0,0
109.1026,1.1745,1,1,0,1->1,0,0,0,0
109.2015,1.1745,2,1,1,2->1,0,0,0,0
109.2239,1.1745,0,0,0,0->0,0,0,0,0
109.2643,1.1745,0,0,0,0->0,0,0,0,0
109.2733,1.1745,0,0,0,0->0,0,0,0,0
109.1565,1.179,1,1,0,1->1,0,0,0,0
109.1655,1.179,1,1,0,1->1,0,0,0,0
109.2104,1.179,0,0,0,0->0,0,0,0,0
109.2823,1.179,0,0,0,0->0,0,0,0,0
109.1341,1.1835,1,1,0,1->1,0,0,0,0
109.1431,1.1835,1,1,0,1->1,0,0,0,0
109.2374,1.1835,0,0,0,0->0,0,0,0,0
109.2868,1.1835,0,0,0,0->0,0,0,0,0
109.1835,1.188,0,0,0,0->0,0,0,0,0
109.197,1.188,0,0,0,0->0,0,0,0,0
109.0892,1.1925,1,1,0,1->1,0,0,0,0
109.152,1.197,1,1,0,1->1,0,0,0,0
109.1655,1.197,1,1,0,1->1,0,0,0,0
109.2059,1.2015,1,0,1,1->0,0,1,0,0
109.2149,1.2015,1,1,0,1->1,0,0,0,0
109.1655,1.206,1,1,0,1->1,0,0,0,0
109.2374,1.206,0,0,0,0->0,0,0,0,0
109.2419,1.206,0,0,0,0->0,0,0,0,0
109.2643,1.206,1,0,1,1->0,0,1,0,0
109.2868,1.206,1,0,1,1->0,0,1,0,0
109.1206,1.2105,1,0,1,1->0,0,1,0,0
109.1251,1.2105,1,2,1,1->2,0,0,1,0
109.1655,1.215,1,1,0,1->1,0,0,0,0
109.2149,1.215,0,0,0,0->0,0,0,0,0
109.2284,1.215,0,0,0,0->0,0,0,0,0
109.2509,1.215,0,0,0,0->0,0,0,0,0
109.2688,1.215,1,0,1,1->0,0,1,0,0
109.152,1.2195,1,1,0,1->1,0,0,0,0
109.2059,1.2195,0,0,0,0->0,0,0,0,0
109.2868,1.2195,0,0,0,0->0,0,0,0,0
109.1341,1.224,1,1,0,1->1,0,0,0,0
109.161,1.224,0,0,0,0->0,0,0,0,0
109.2464,1.224,0,0,0,0->0,0,0,0,0
109.2149,1.2284,0,0,0,0->0,0,0,0,0
109.1161,1.2329,4,4,0,4->4,0,0,0,0
109.1431,1.2329,1,1,0,1->1,0,0,0,0
109.1925,1.2329,0,0,0,0->0,0,0,0,0
109.2643,1.2329,1,1,0,1->1,0,0,0,0
109.2868,1.2329,0,0,0,0->0,0,0,0,0
109.1431,1.2374,1,1,0,1->1,0,0,0,0
109.1835,1.2374,1,1,0,1->1,0,0,0,0
109.2329,1.2374,0,0,0,0->0,0,0,0,0
109.2509,1.2374,0,0,0,0->0,0,0,0,0
109.1341,1.2419,4,4,0,4->4,0,0,0,0
109.188,1.2419,1,1,0,1->1,0,0,0,0
109.1296,1.2464,1,1,0,1->1,0,0,0,0
109.17,1.2464,1,1,0,1->1,0,0,0,0
109.188,1.2464,0,0,0,0->0,0,0,0,0
109.2194,1.2464,0,0,0,0->0,0,0,0,0
109.1251,1.2509,0,1,1,0->1,1,0,0,0
109.2059,1.2509,0,0,0,0->0,0,0,0,0
109.2688,1.2509,0,0,0,0->0,0,0,0,0
109.1296,1.2554,1,1,0,1->1,0,0,0,0
109.2059,1.2554,0,0,0,0->0,0,0,0,0
109.2149,1.2554,0,0,0,0->0,0,0,0,0
109.1116,1.2599,1,1,0,1->1,0,0,0,0
109.1476,1.2599,4,4,0,4->4,0,0,0,0
109.179,1.2599,1,1,0,1->1,0,0,0,0
109.2059,1.2599,1,0,1,1->0,0,1,0,0
109.2194,1.2599,0,0,0,0->0,0,0,0,0
109.2464,1.2599,0,0,0,0->0,0,0,0,0
109.1206,1.2644,1,1,0,1->1,0,0,0,0
109.2374,1.2644,0,0,0,0->0,0,0,0,0
109.1565,1.2689,4,4,0,4->4,0,0,0,0
109.2374,1.2689,1,1,0,1->1,0,0,0,0
109.1026,1.2734,1,1,0,1->1,0,0,0,0
109.1071,1.2734,1,1,0,1->1,0,0,0,0
109.1476,1.2734,1,1,0,1->1,0,0,0,0
109.2329,1.2734,1,1,0,1->1,0,0,0,0
109.2778,1.2734,0,1,1,0->1,1,0,0,0
109.2868,1.2734,1,1,0,1->1,0,0,0,0
109.0757,1.2779,1,1,0,1->1,0,0,0,0
109.1071,1.2779,1,1,0,1->1,0,0,0,0
109.1251,1.2779,1,1,0,1->1,0,0,0,0
109.1341,1.2779,1,1,0,1->1,0,0,0,0
109.1476,1.2779,1,1,0,1->1,0,0,0,0
109.2059,1.2779,1,1,0,1->1,0,0,0,0
109.0802,1.2823,1,1,0,1->1,0,0,0,0
109.1161,1.2823,0,1,1,0->1,1,0,0,0
109.1655,1.2823,4,4,0,4->4,0,0,0,0
109.179,1.2823,0,1,1,0->1,1,0,0,0
109.1835,1.2823,1,1,0,1->1,0,0,0,0
109.2464,1.2823,1,1,0,1->1,0,0,0,0
109.2868,1.2823,1,0,1,1->0,0,1,0,0
109.1341,1.2913,0,1,1,0->1,1,0,0,0
109.0847,1.2958,3,1,1,3->1,0,0,0,0
109.1206,1.2958,0,0,0,0->0,0,0,0,0
109.2329,1.2958,1,1,0,1->1,0,0,0,0
109.2868,1.2958,0,0,0,0->0,0,0,0,0
109.0981,1.3003,0,0,0,0->0,0,0,0,0
109.1341,1.3003,1,1,0,1->1,0,0,0,0
109.2868,1.3003,0,0,0,0->0,0,0,0,0
109.1071,1.3048,1,1,0,1->1,0,0,0,0
109.188,1.3048,1,0,1,1->0,0,1,0,0
109.2464,1.3048,0,0,0,0->0,0,0,0,0
109.2464,1.3093,1,1,0,1->1,0,0,0,0
109.2554,1.3093,0,0,0,0->0,0,0,0,0
109.1925,1.3138,0,0,0,0->0,0,0,0,0
109.2868,1.3138,0,0,0,0->0,0,0,0,0
109.2104,1.3183,1,0,1,1->0,0,1,0,0
109.2868,1.3183,0,0,0,0->0,0,0,0,0
109.1161,1.3228,0,0,0,0->0,0,0,0,0
109.1386,1.3228,0,1,1,0->1,1,0,0,0
109.179,1.3228,1,1,0,1->1,0,0,0,0
109.2554,1.3228,0,0,0,0->0,0,0,0,0
109.2643,1.3273,1,1,0,1->1,0,0,0,0
109.0847,1.3318,0,0,0,0->0,0,0,0,0
109.1655,1.3318,0,0,0,0->0,0,0,0,0
109.1835,1.3318,0,0,0,0->0,0,0,0,0
109.2284,1.3318,0,0,0,0->0,0,0,0,0
109.2913,1.3318,2,2,0,2->2,0,0,0,0
109.1026,1.3362,0,0,0,0->0,0,0,0,0
109.0757,1.3407,0,0,0,0->0,0,0,0,0
109.2284,1.3407,0,0,0,0->0,0,0,0,0
109.179,1.3452,0,0,0,0->0,0,0,0,0
109.1116,1.3497,0,0,0,0->0,0,0,0,0
109.2419,1.3497,0,0,0,0->0,0,0,0,0
109.2329,1.3542,1,1,0,1->1,0,0,0,0
109.1296,1.3587,2,1,1,2->1,0,0,0,0
109.161,1.3587,1,0,1,1->0,0,1,0,0
109.0937,1.3632,0,0,0,0->0,0,0,0,0
109.161,1.3632,1,0,1,1->0,0,1,0,0
109.0981,1.3677,0,0,0,0->0,0,0,0,0
109.1251,1.3677,3,1,1,3->1,0,0,0,0
109.1386,1.3677,2,1,1,2->1,0,0,0,0
109.1835,1.3677,0,0,0,0->0,0,0,0,0
109.2015,1.3677,0,0,0,0->0,0,0,0,0
109.2104,1.3677,0,0,0,0->0,0,0,0,0
109.2149,1.3677,0,1,1,0->1,1,0,0,0
109.2554,1.3677,0,0,0,0->0,0,0,0,0
109.179,1.3722,0,0,0,0->0,0,0,0,0
109.2059,1.3722,0,0,0,0->0,0,0,0,0
109.152,1.3767,2,1,1,2->1,0,0,0,0
109.17,1.3767,1,0,1,1->0,0,1,0,0
109.1835,1.3767,0,0,0,0->0,0,0,0,0
109.2239,1.3767,4,1,1,4->1,0,0,0,0
109.2419,1.3767,0,1,1,0->1,1,0,0,0
109.0937,1.3812,0,0,0,0->0,0,0,0,0
109.0981,1.3812,0,0,0,0->0,0,0,0,0
109.1116,1.3812,1,0,1,1->0,0,1,0,0
109.2284,1.3812,4,4,0,4->4,0,0,0,0
109.2509,1.3812,0,0,0,0->0,0,0,0,0
109.2598,1.3857,1,0,1,1->0,0,1,0,0
109.1745,1.3901,0,0,0,0->0,0,0,0,0
109.0981,1.3946,0,0,0,0->0,0,0,0,0
109.17,1.3946,0,0,0,0->0,0,0,0,0
109.2149,1.3946,0,0,0,0->0,0,0,0,0
109.2329,1.3946,0,0,0,0->0,0,0,0,0
109.2149,1.3991,0,0,0,0->0,0,0,0,0
109.2239,1.3991,0,1,1,0->1,1,0,0,0
109.2688,1.3991,0,0,0,0->0,0,0,0,0
109.2868,1.3991,0,1,1,0->1,1,0,0,0
109.1925,1.4036,1,0,1,1->0,0,1,0,0
109.2374,1.4036,1,1,0,1->1,0,0,0,0
109.2598,1.4036,0,0,0,0->0,0,0,0,0
109.2868,1.4036,0,1,1,0->1,1,0,0,0
109.179,1.4081,0,1,1,0->1,1,0,0,0
109.2194,1.4081,0,0,0,0->0,0,0,0,0
109.2643,1.4081,0,0,0,0->0,0,0,0,0
109.1655,1.4126,1,1,0,1->1,0,0,0,0
109.2374,1.4126,1,1,0,1->1,0,0,0,0
109.2509,1.4126,0,0,0,0->0,0,0,0,0
109.2913,1.4126,1,1,0,1->1,0,0,0,0
109.0757,1.4171,1,1,0,1->1,0,0,0,0
109.2554,1.4171,0,0,0,0->0,0,0,0,0
109.2778,1.4171,0,0,0,0->0,0,0,0,0
109.1161,1.4216,0,1,1,0->1,1,0,0,0
109.1386,1.4216,2,1,1,2->1,0,0,0,0
109.1565,1.4216,0,1,1,0->1,1,0,0,0
109.1386,1.4261,2,1,1,2->1,0,0,0,0
109.1341,1.4306,2,1,1,2->1,0,0,0,0
109.152,1.4306,1,1,0,1->1,0,0,0,0
109.1925,1.4306,0,0,0,0->0,0,0,0,0
109.2284,1.4306,4,4,0,4->4,0,0,0,0
109.2554,1.4306,0,0,0,0->0,0,0,0,0
109.0757,1.4351,1,1,0,1->1,0,0,0,0
109.2643,1.4351,0,0,0,0->0,0,0,0,0
109.1161,1.4396,2,1,1,2->1,0,0,0,0
109.1251,1.4396,2,1,1,2->1,0,0,0,0
109.1341,1.4396,2,1,1,2->1,0,0,0,0
109.1565,1.4396,0,0,0,0->0,0,0,0,0
109.179,1.4396,0,0,0,0->0,0,0,0,0
109.1835,1.4396,0,0,0,0->0,0,0,0,0
109.197,1.4396,0,0,0,0->0,0,0,0,0
109.2913,1.4396,0,0,0,0->0,0,0,0,0
109.2419,1.444,0,0,0,0->0,0,0,0,0
109.1161,1.4485,0,1,1,0->1,1,0,0,0
109.1251,1.4485,0,1,1,0->1,1,0,0,0
109.152,1.4485,0,1,1,0->1,1,0,0,0
109.2823,1.4485,0,0,0,0->0,0,0,0,0
109.2913,1.4485,0,0,0,0->0,0,0,0,0
109.0892,1.453,0,0,0,0->0,0,0,0,0
109.2823,1.453,0,0,0,0->0,0,0,0,0
109.1071,1.4575,1,0,1,1->0,0,1,0,0
109.2239,1.4575,0,1,1,0->1,1,0,0,0
109.2374,1.4575,0,0,0,0->0,0,0,0,0
109.2509,1.4575,0,0,0,0->0,0,0,0,0
109.152,1.462,0,1,1,0->1,1,0,0,0
109.1835,1.462,0,0,0,0->0,0,0,0,0
109.2688,1.462,0,0,0,0->0,0,0,0,0
109.0802,1.4665,0,0,0,0->0,0,0,0,0
109.2419,1.4665,0,0,0,0->0,0,0,0,0
109.2554,1.4665,0,0,0,0->0,0,0,0,0
109.2688,1.4665,0,0,0,0->0,0,0,0,0
109.1071,1.471,1,1,0,1->1,0,0,0,0
109.1565,1.471,2,1,1,2->1,0,0,0,0
109.1655,1.4755,0,0,0,0->0,0,0,0,0
109.197,1.4755,0,0,0,0->0,0,0,0,0
109.2374,1.4755,0,0,0,0->0,0,0,0,0
109.1206,1.48,2,2,0,2->2,0,0,0,0
109.1386,1.48,0,1,1,0->1,1,0,0,0
109.2509,1.48,0,0,0,0->0,0,0,0,0
109.0802,1.4845,0,0,0,0->0,0,0,0,0
109.1251,1.4845,2,2,0,2->2,0,0,0,0
109.1431,1.4845,2,1,1,2->1,0,0,0,0
109.2329,1.4845,0,0,0,0->0,0,0,0,0
109.2509,1.4845,0,0,0,0->0,0,0,0,0
109.1206,1.489,0,1,1,0->1,1,0,0,0
109.161,1.489,0,1,1,0->1,1,0,0,0
109.197,1.489,0,0,0,0->0,0,0,0,0
109.2598,1.489,0,0,0,0->0,0,0,0,0
109.2733,1.4934,0,0,0,0->0,0,0,0,0
109.1071,1.4979,0,1,1,0->1,1,0,0,0
109.1386,1.4979,2,1,1,2->1,0,0,0,0
109.161,1.4979,0,1,1,0->1,1,0,0,0
109.1251,1.5024,0,0,0,0->0,0,0,0,0
109.1565,1.5024,0,1,1,0->1,1,0,0,0
109.197,1.5024,1,1,0,1->1,0,0,0,0
109.2194,1.5024,0,1,1,0->1,1,0,0,0
109.1251,1.5069,2,1,1,2->1,0,0,0,0
109.1296,1.5069,0,1,1,0->1,1,0,0,0
109.1745,1.5069,0,0,0,0->0,0,0,0,0
109.2688,1.5069,0,0,0,0->0,0,0,0,0
109.1026,1.5114,1,1,0,1->1,0,0,0,0
109.17,1.5114,0,0,0,0->0,0,0,0,0
109.2374,1.5114,1,0,1,1->0,0,1,0,0
109.2598,1.5114,0,1,1,0->1,1,0,0,0
109.1476,1.5159,0,0,0,0->0,0,0,0,0
109.152,1.5159,0,1,1,0->1,1,0,0,0
109.1565,1.5159,0,0,0,0->0,0,0,0,0
109.17,1.5159,0,0,0,0->0,0,0,0,0
109.1745,1.5159,0,0,0,0->0,0,0,0,0
109.2329,1.5159,0,0,0,0->0,0,0,0,0
109.0981,1.5204,0,1,1,0->1,1,0,0,0
109.1026,1.5204,0,1,1,0->1,1,0,0,0
109.197,1.5204,1,1,0,1->1,0,0,0,0
109.2598,1.5204,1,1,0,1->1,0,0,0,0
109.0757,1.5249,1,1,0,1->1,0,0,0,0
109.1476,1.5249,0,0,0,0->0,0,0,0,0
109.2554,1.5249,1,1,0,1->1,0,0,0,0
109.2194,1.5294,0,0,0,0->0,0,0,0,0
109.0802,1.5339,1,1,0,1->1,0,0,0,0
109.0937,1.5339,1,1,0,1->1,0,0,0,0
109.1745,1.5339,2,1,1,2->1,0,0,0,0
109.2464,1.5339,0,0,0,0->0,0,0,0,0
109.1565,1.5429,1,1,0,1->1,0,0,0,0
109.2688,1.5429,0,0,0,0->0,0,0,0,0
118.8134,0.8017,4,4,0,4->4,0,0,0,0
118.8359,0.8062,4,4,0,4->4,0,0,0,0
118.8,0.8152,0,0,0,0->0,0,0,0,0
118.8089,0.8197,0,0,0,0->0,0,0,0,0
118.8449,0.8242,4,4,0,4->4,0,0,0,0
118.8,0.8287,1,0,1,1->0,0,1,0,0
118.8179,0.8287,3,4,1,3->4,0,0,0,0
118.8404,0.8287,2,4,1,2->4,0,0,0,0
118.8179,0.8377,0,0,0,0->0,0,0,0,0
118.8044,0.8601,0,0,0,0->0,0,0,0,0
118.8359,0.8691,0,0,0,0->0,0,0,0,0
118.8404,0.8736,0,0,0,0->0,0,0,0,0
118.8269,0.8781,0,0,0,0->0,0,0,0,0
118.8359,0.8826,1,1,0,1->1,0,0,0,0
118.8224,0.8871,0,0,0,0->0,0,0,0,0
118.8044,0.8916,0,0,0,0->0,0,0,0,0
118.8269,0.8916,0,0,0,0->0,0,0,0,0
118.8089,0.9006,0,0,0,0->0,0,0,0,0
118.8269,0.9006,0,0,0,0->0,0,0,0,0
118.8763,0.8512,4,4,0,4->4,0,0,0,0
118.8808,0.8512,4,4,0,4->4,0,0,0,0
118.8898,0.8556,4,4,0,4->4,0,0,0,0
118.8628,0.8691,4,4,0,4->4,0,0,0,0
118.8808,0.8691,4,4,0,4->4,0,0,0,0
118.8763,0.8736,1,4,1,1->4,0,0,0,0
118.8718,0.8781,0,1,1,0->1,1,0,0,0
118.8808,0.8781,0,0,0,0->0,0,0,0,0
118.8943,0.8826,0,0,0,0->0,0,0,0,0
118.8988,0.8826,4,4,0,4->4,0,0,0,0
116.8641,0.402,0,0,0,0->0,0,0,0,0
116.882,0.402,1,2,1,1->2,0,0,1,0
116.9629,0.402,0,0,0,0->0,0,0,0,0
116.8281,0.4065,0,0,0,0->0,0,0,0,0
116.927,0.4065,0,0,0,0->0,0,0,0,0
116.9854,0.4065,0,0,0,0->0,0,0,0,0
116.8371,0.411,0,0,0,0->0,0,0,0,0
116.8731,0.411,0,0,0,0->0,0,0,0,0
116.9,0.411,1,0,1,1->0,0,1,0,0
116.9719,0.411,0,0,0,0->0,0,0,0,0
116.8731,0.4155,1,0,1,1->0,0,1,0,0
116.9988,0.4155,1,0,1,1->0,0,1,0,0
116.8551,0.42,1,1,0,1->1,0,0,0,0
116.9449,0.42,0,0,0,0->0,0,0,0,0
116.9988,0.42,1,0,1,1->0,0,1,0,0
116.8237,0.4245,0,1,1,0->1,1,0,0,0
116.927,0.4245,0,0,0,0->0,0,0,0,0
116.9854,0.4245,0,0,0,0->0,0,0,0,0
116.9988,0.4245,0,0,0,0->0,0,0,0,0
116.8237,0.4289,1,1,0,1->1,0,0,0,0
116.891,0.4289,0,0,0,0->0,0,0,0,0
116.8955,0.4289,0,0,0,0->0,0,0,0,0
116.9045,0.4289,0,0,0,0->0,0,0,0,0
116.9719,0.4289,0,0,0,0->0,0,0,0,0
116.9988,0.4289,0,0,0,0->0,0,0,0,0
116.9225,0.4334,0,0,0,0->0,0,0,0,0
116.9584,0.4379,1,1,0,1->1,0,0,0,0
116.8641,0.4424,1,1,0,1->1,0,0,0,0
116.8686,0.4424,2,0,1,2->0,0,1,0,0
116.9719,0.4424,1,0,1,1->0,0,1,0,0
116.9764,0.4424,0,0,0,0->0,0,0,0,0
116.9584,0.4469,0,1,1,0->1,1,0,0,0
116.9809,0.4469,0,0,0,0->0,0,0,0,0
116.8416,0.4514,1,1,0,1->1,0,0,0,0
116.9,0.4514,0,2,1,0->2,1,0,1,0
116.9494,0.4514,1,0,1,1->0,0,1,0,0
116.9629,0.4514,0,1,1,0->1,1,0,0,0
116.9764,0.4514,2,0,1,2->0,0,1,0,0
116.8506,0.4559,0,1,1,0->1,1,0,0,0
116.8551,0.4559,0,1,1,0->1,1,0,0,0
116.8596,0.4604,0,1,1,0->1,1,0,0,0
116.9315,0.4604,0,0,0,0->0,0,0,0,0
116.9045,0.4649,0,1,1,0->1,1,0,0,0
116.9943,0.4649,0,0,0,0->0,0,0,0,0
116.8686,0.4694,0,1,1,0->1,1,0,0,0
116.9045,0.4694,0,1,1,0->1,1,0,0,0
116.9135,0.4694,0,1,1,0->1,1,0,0,0
117.0168,0.4694,0,0,0,0->0,0,0,0,0
116.882,0.4739,0,1,1,0->1,1,0,0,0
116.9359,0.4739,0,0,0,0->0,0,0,0,0
116.9404,0.4739,0,0,0,0->0,0,0,0,0
117.0123,0.4739,0,0,0,0->0,0,0,0,0
116.8551,0.4784,0,1,1,0->1,1,0,0,0
116.9898,0.4784,0,0,0,0->0,0,0,0,0
117.0078,0.4784,0,0,0,0->0,0,0,0,0
116.8461,0.4828,0,1,1,0->1,1,0,0,0
117.0123,0.4828,0,0,0,0->0,0,0,0,0
116.8731,0.4873,0,1,1,0->1,1,0,0,0
116.9045,0.4873,0,1,1,0->1,1,0,0,0
116.9943,0.4873,0,0,0,0->0,0,0,0,0
116.9,0.4918,0,0,0,0->0,0,0,0,0
116.9225,0.4918,0,0,0,0->0,0,0,0,0
116.8596,0.4963,0,1,1,0->1,1,0,0,0
116.9898,0.4963,0,0,0,0->0,0,0,0,0
116.9494,0.5053,0,0,0,0->0,0,0,0,0
116.9943,0.5053,0,0,0,0->0,0,0,0,0
117.0213,0.5053,0,0,0,0->0,0,0,0,0
116.8641,0.5098,0,0,0,0->0,0,0,0,0
116.8686,0.5098,0,0,0,0->0,0,0,0,0
116.8731,0.5098,0,1,1,0->1,1,0,0,0
116.891,0.5098,0,1,1,0->1,1,0,0,0
116.9135,0.5098,0,1,1,0->1,1,0,0,0
116.9404,0.5098,0,0,0,0->0,0,0,0,0
117.0213,0.5098,0,0,0,0->0,0,0,0,0
116.8596,0.5143,1,0,1,1->0,0,1,0,0
116.9045,0.5143,0,1,1,0->1,1,0,0,0
116.9404,0.5143,2,0,1,2->0,0,1,0,0
116.9045,0.5188,0,0,0,0->0,0,0,0,0
116.9854,0.5188,0,0,0,0->0,0,0,0,0
116.9584,0.5233,0,0,0,0->0,0,0,0,0
116.8461,0.5278,1,0,1,1->0,0,1,0,0
116.8776,0.5278,1,1,0,1->1,0,0,0,0
117.0258,0.5278,0,0,0,0->0,0,0,0,0
116.8551,0.5323,1,0,1,1->0,0,1,0,0
116.9225,0.5323,1,0,1,1->0,0,1,0,0
116.9494,0.5323,0,0,0,0->0,0,0,0,0
116.8461,0.5367,1,0,1,1->0,0,1,0,0
116.8551,0.5367,1,0,1,1->0,0,1,0,0
116.927,0.5367,1,1,0,1->1,0,0,0,0
116.9674,0.5412,1,0,1,1->0,0,1,0,0
116.9943,0.5412,0,0,0,0->0,0,0,0,0
116.891,0.5457,1,1,0,1->1,0,0,0,0
117.0303,0.5502,0,0,0,0->0,0,0,0,0
116.891,0.5547,1,1,0,1->1,0,0,0,0
117.0078,0.5547,0,0,0,0->0,0,0,0,0
116.8641,0.5592,1,0,1,1->0,0,1,0,0
116.891,0.5592,2,1,1,2->1,0,0,0,0
117.0348,0.5592,0,0,0,0->0,0,0,0,0
116.9674,0.5637,0,0,0,0->0,0,0,0,0
116.8551,0.5682,1,0,1,1->0,0,1,0,0
116.8686,0.5682,0,0,0,0->0,0,0,0,0
116.9045,0.5682,0,1,1,0->1,1,0,0,0
116.927,0.5682,1,1,0,1->1,0,0,0,0
116.9315,0.5682,1,1,0,1->1,0,0,0,0
116.9854,0.5682,0,0,0,0->0,0,0,0,0
117.0303,0.5682,0,0,0,0->0,0,0,0,0
116.8776,0.5727,1,1,0,1->1,0,0,0,0
116.8955,0.5727,1,1,0,1->1,0,0,0,0
116.9584,0.5727,0,0,0,0->0,0,0,0,0
117.0078,0.5727,0,0,0,0->0,0,0,0,0
116.9315,0.5772,1,1,0,1->1,0,0,0,0
116.8596,0.5862,1,1,0,1->1,0,0,0,0
116.8641,0.5862,0,0,0,0->0,0,0,0,0
116.8865,0.5951,1,1,0,1->1,0,0,0,0
116.8955,0.5951,1,1,0,1->1,0,0,0,0
116.9629,0.5951,0,0,0,0->0,0,0,0,0
116.9225,0.5996,0,0,0,0->0,0,0,0,0
116.9404,0.5996,0,0,0,0->0,0,0,0,0
116.9809,0.5996,0,0,0,0->0,0,0,0,0
116.8776,0.6086,1,0,1,1->0,0,1,0,0
117.0033,0.6086,1,1,0,1->1,0,0,0,0
116.891,0.6131,0,1,1,0->1,1,0,0,0
116.909,0.6131,0,0,0,0->0,0,0,0,0
116.9449,0.6131,0,0,0,0->0,0,0,0,0
116.9539,0.6131,0,0,0,0->0,0,0,0,0
116.9584,0.6131,0,0,0,0->0,0,0,0,0
117.0213,0.6131,2,0,1,2->0,0,1,0,0
117.0437,0.6131,0,0,0,0->0,0,0,0,0
116.9809,0.6176,1,1,0,1->1,0,0,0,0
116.8865,0.6221,0,1,1,0->1,1,0,0,0
117.0437,0.6221,2,0,1,2->0,0,1,0,0
116.9,0.6266,0,0,0,0->0,0,0,0,0
116.918,0.6266,0,0,0,0->0,0,0,0,0
116.9404,0.6266,0,0,0,0->0,0,0,0,0
116.9719,0.6266,1,0,1,1->0,0,1,0,0
116.9809,0.6266,0,1,1,0->1,1,0,0,0
116.8776,0.6311,0,0,0,0->0,0,0,0,0
116.9404,0.6311,0,0,0,0->0,0,0,0,0
117.0078,0.6311,3,0,1,3->0,0,1,0,0
117.0482,0.6311,0,0,0,0->0,0,0,0,0
116.8731,0.6356,1,1,0,1->1,0,0,0,0
116.882,0.6356,0,0,0,0->0,0,0,0,0
116.9315,0.6356,0,0,0,0->0,0,0,0,0
116.9359,0.6356,0,0,0,0->0,0,0,0,0
116.9584,0.6356,1,0,1,1->0,0,1,0,0
117.0393,0.6356,1,0,1,1->0,0,1,0,0
117.0437,0.6356,0,0,0,0->0,0,0,0,0
116.909,0.64,0,0,0,0->0,0,0,0,0
116.927,0.64,0,0,0,0->0,0,0,0,0
116.8776,0.6445,1,0,1,1->0,0,1,0,0
116.9809,0.6445,0,0,0,0->0,0,0,0,0
117.0213,0.6445,0,0,0,0->0,0,0,0,0
116.9494,0.649,0,0,0,0->0,0,0,0,0
117.0213,0.649,0,0,0,0->0,0,0,0,0
116.891,0.6535,0,1,1,0->1,1,0,0,0
116.9135,0.6535,0,0,0,0->0,0,0,0,0
116.9674,0.6535,0,0,0,0->0,0,0,0,0
117.0258,0.6535,0,0,0,0->0,0,0,0,0
117.0393,0.6535,0,0,0,0->0,0,0,0,0
116.9,0.658,0,1,1,0->1,1,0,0,0
116.909,0.658,0,1,1,0->1,1,0,0,0
117.0527,0.658,0,0,0,0->0,0,0,0,0
117.0572,0.658,0,0,0,0->0,0,0,0,0
116.9359,0.6625,0,0,0,0->0,0,0,0,0
116.9719,0.667,0,0,0,0->0,0,0,0,0
117.0168,0.667,0,0,0,0->0,0,0,0,0
116.9449,0.6715,0,0,0,0->0,0,0,0,0
117.0393,0.6715,0,0,0,0->0,0,0,0,0
116.9315,0.676,0,0,0,0->0,0,0,0,0
117.0572,0.676,0,0,0,0->0,0,0,0,0
117.0303,0.6805,0,0,0,0->0,0,0,0,0
117.0348,0.6805,0,0,0,0->0,0,0,0,0
116.9629,0.685,0,0,0,0->0,0,0,0,0
117.0572,0.685,0,0,0,0->0,0,0,0,0
116.891,0.6895,0,0,0,0->0,0,0,0,0
116.9135,0.6895,0,0,0,0->0,0,0,0,0
116.9494,0.6895,0,0,0,0->0,0,0,0,0
116.9315,0.6939,0,0,0,0->0,0,0,0,0
117.0303,0.6939,0,0,0,0->0,0,0,0,0
117.0437,0.6939,0,0,0,0->0,0,0,0,0
117.0662,0.6939,0,0,0,0->0,0,0,0,0
116.909,0.6984,0,1,1,0->1,1,0,0,0
116.9135,0.6984,1,1,0,1->1,0,0,0,0
116.9539,0.6984,0,0,0,0->0,0,0,0,0
116.9898,0.6984,0,0,0,0->0,0,0,0,0
116.9359,0.7029,0,0,0,0->0,0,0,0,0
116.9045,0.7074,0,0,0,0->0,0,0,0,0
117.0213,0.7074,0,0,0,0->0,0,0,0,0
117.0303,0.7074,0,0,0,0->0,0,0,0,0
117.0437,0.7074,0,0,0,0->0,0,0,0,0
116.8865,0.7119,0,1,1,0->1,1,0,0,0
116.9359,0.7119,0,0,0,0->0,0,0,0,0
116.9809,0.7119,0,0,0,0->0,0,0,0,0
117.0123,0.7119,0,0,0,0->0,0,0,0,0
116.909,0.7164,0,1,1,0->1,1,0,0,0
116.9315,0.7164,0,0,0,0->0,0,0,0,0
116.9854,0.7164,0,1,1,0->1,1,0,0,0
117.0482,0.7209,0,1,1,0->1,1,0,0,0
116.9584,0.7254,0,0,0,0->0,0,0,0,0
116.8955,0.7299,0,3,1,0->3,1,0,0,1
116.9225,0.7299,0,1,1,0->1,1,0,0,0
116.9988,0.7299,1,1,0,1->1,0,0,0,0
116.909,0.7389,0,1,1,0->1,1,0,0,0
116.9539,0.7389,0,0,0,0->0,0,0,0,0
117.0572,0.7389,0,0,0,0->0,0,0,0,0
116.9315,0.7434,0,1,1,0->1,1,0,0,0
116.9898,0.7434,0,0,0,0->0,0,0,0,0
116.9404,0.7478,0,1,1,0->1,1,0,0,0
117.0482,0.7478,0,0,0,0->0,0,0,0,0
117.0572,0.7478,0,0,0,0->0,0,0,0,0
116.9135,0.7523,0,1,1,0->1,1,0,0,0
116.9988,0.7523,0,0,0,0->0,0,0,0,0
117.0123,0.7523,0,0,0,0->0,0,0,0,0
117.0572,0.7523,0,0,0,0->0,0,0,0,0
116.9809,0.7568,0,1,1,0->1,1,0,0,0
117.0303,0.7613,0,0,0,0->0,0,0,0,0
116.8955,0.7658,0,0,0,0->0,0,0,0,0
116.9988,0.7658,1,0,1,1->0,0,1,0,0
117.0123,0.7658,0,0,0,0->0,0,0,0,0
117.0393,0.7658,0,0,0,0->0,0,0,0,0
117.0348,0.7703,0,0,0,0->0,0,0,0,0
116.9045,0.7748,0,0,0,0->0,0,0,0,0
116.9719,0.7748,0,0,0,0->0,0,0,0,0
116.9988,0.7748,0,0,0,0->0,0,0,0,0
117.0797,0.7748,0,0,0,0->0,0,0,0,0
116.9674,0.7793,0,0,0,0->0,0,0,0,0
116.9764,0.7793,0,0,0,0->0,0,0,0,0
116.9943,0.7793,0,0,0,0->0,0,0,0,0
117.0437,0.7793,0,0,0,0->0,0,0,0,0
117.0797,0.7793,0,0,0,0->0,0,0,0,0
116.918,0.7838,1,0,1,1->0,0,1,0,0
117.0078,0.7838,0,0,0,0->0,0,0,0,0
117.0707,0.7838,0,0,0,0->0,0,0,0,0
117.0797,0.7838,0,0,0,0->0,0,0,0,0
116.9988,0.7883,0,0,0,0->0,0,0,0,0
117.0033,0.7883,0,0,0,0->0,0,0,0,0
117.0123,0.7883,0,0,0,0->0,0,0,0,0
117.0393,0.7883,1,1,0,1->1,0,0,0,0
117.0437,0.7883,0,1,1,0->1,1,0,0,0
116.9539,0.7928,0,0,0,0->0,0,0,0,0
116.9809,0.7928,0,0,0,0->0,0,0,0,0
116.9988,0.7928,0,0,0,0->0,0,0,0,0
117.0348,0.7928,1,0,1,1->0,0,1,0,0
116.9629,0.7973,0,0,0,0->0,0,0,0,0
117.0258,0.7973,1,1,0,1->1,0,0,0,0
116.918,0.8017,0,0,0,0->0,0,0,0,0
117.0842,0.8017,1,1,0,1->1,0,0,0,0
116.9809,0.8062,0,0,0,0->0,0,0,0,0
116.9135,0.8107,0,0,0,0->0,0,0,0,0
116.9315,0.8152,0,1,1,0->1,1,0,0,0
117.0617,0.8152,1,1,0,1->1,0,0,0,0
116.909,0.8197,0,0,0,0->0,0,0,0,0
116.9135,0.8197,0,0,0,0->0,0,0,0,0
117.0527,0.8287,0,1,1,0->1,1,0,0,0
117.0572,0.8287,1,1,0,1->1,0,0,0,0
117.0078,0.8332,0,1,1,0->1,1,0,0,0
117.0482,0.8332,0,1,1,0->1,1,0,0,0
116.9988,0.8422,0,1,1,0->1,1,0,0,0
117.0168,0.8422,0,0,0,0->0,0,0,0,0
117.0482,0.8422,1,1,0,1->1,0,0,0,0
117.0707,0.8422,0,1,1,0->1,1,0,0,0
116.9135,0.8467,0,1,1,0->1,1,0,0,0
117.0707,0.8467,0,1,1,0->1,1,0,0,0
117.0976,0.8467,0,1,1,0->1,1,0,0,0
117.0348,0.8512,0,0,0,0->0,0,0,0,0
117.0437,0.8512,1,0,1,1->0,0,1,0,0
117.0123,0.8556,0,0,0,0->0,0,0,0,0
117.0213,0.8556,0,0,0,0->0,0,0,0,0
116.9988,0.8601,1,0,1,1->0,0,1,0,0
117.0393,0.8601,0,0,0,0->0,0,0,0,0
117.0123,0.8646,1,0,1,1->0,0,1,0,0
116.9943,0.8826,1,1,0,1->1,0,0,0,0
117.1021,0.8826,0,0,0,0->0,0,0,0,0
117.0033,0.8871,0,0,0,0->0,0,0,0,0
117.0258,0.8871,1,0,1,1->0,0,1,0,0
117.0123,0.8916,1,0,1,1->0,0,1,0,0
117.0393,0.8916,1,0,1,1->0,0,1,0,0
117.0572,0.9006,1,1,0,1->1,0,0,0,0
116.927,0.9051,0,0,0,0->0,0,0,0,0
116.9764,0.9051,0,0,0,0->0,0,0,0,0
117.0213,0.9051,0,0,0,0->0,0,0,0,0
117.0348,0.9095,1,0,1,1->0,0,1,0,0
117.0393,0.914,1,1,0,1->1,0,0,0,0
117.0797,0.9185,1,0,1,1->0,0,1,0,0
116.9764,0.923,1,0,1,1->0,0,1,0,0
116.9719,0.9275,0,0,0,0->0,0,0,0,0
117.0752,0.9275,0,0,0,0->0,0,0,0,0
117.0437,0.932,0,2,1,0->2,1,0,1,0
116.9674,0.9365,0,0,0,0->0,0,0,0,0
116.9764,0.9365,0,0,0,0->0,0,0,0,0
116.9898,0.9365,0,0,0,0->0,0,0,0,0
117.0168,0.9365,0,0,0,0->0,0,0,0,0
117.0887,0.9365,0,0,0,0->0,0,0,0,0
116.9539,0.941,0,0,0,0->0,0,0,0,0
117.0258,0.941,1,1,0,1->1,0,0,0,0
117.0572,0.9455,0,0,0,0->0,0,0,0,0
117.0662,0.9455,0,0,0,0->0,0,0,0,0
117.0078,0.95,0,0,0,0->0,0,0,0,0
117.0572,0.95,0,0,0,0->0,0,0,0,0
117.0662,0.95,0,0,0,0->0,0,0,0,0
116.9359,0.9545,0,0,0,0->0,0,0,0,0
116.9898,0.9545,0,0,0,0->0,0,0,0,0
117.0123,0.9545,1,0,1,1->0,0,1,0,0
117.0213,0.9545,0,1,1,0->1,1,0,0,0
117.0348,0.9545,0,0,0,0->0,0,0,0,0
116.9584,0.959,0,0,0,0->0,0,0,0,0
116.9764,0.959,0,0,0,0->0,0,0,0,0
117.0887,0.959,0,2,1,0->2,1,0,1,0
116.9404,0.9634,0,0,0,0->0,0,0,0,0
117.0527,0.9634,0,0,0,0->0,0,0,0,0
117.0707,0.9634,0,1,1,0->1,1,0,0,0
116.9809,0.9679,0,0,0,0->0,0,0,0,0
117.0078,0.9679,0,0,0,0->0,0,0,0,0
117.0752,0.9724,0,0,0,0->0,0,0,0,0
116.9629,0.9769,0,0,0,0->0,0,0,0,0
116.9809,0.9769,0,0,0,0->0,0,0,0,0
117.0662,0.9769,0,0,0,0->0,0,0,0,0
116.9449,0.9814,0,0,0,0->0,0,0,0,0
116.9809,0.9814,0,0,0,0->0,0,0,0,0
117.0527,0.9859,1,1,0,1->1,0,0,0,0
117.0662,0.9859,0,1,1,0->1,1,0,0,0
117.0797,0.9859,0,1,1,0->1,1,0,0,0
117.0303,0.9904,1,0,1,1->0,0,1,0,0
117.0393,0.9904,0,1,1,0->1,1,0,0,0
117.0887,0.9904,1,0,1,1->0,0,1,0,0
116.9584,0.9949,0,0,0,0->0,0,0,0,0
117.0168,0.9949,0,0,0,0->0,0,0,0,0
117.0393,0.9949,0,0,0,0->0,0,0,0,0
117.0572,0.9994,0,0,0,0->0,0,0,0,0
117.0617,0.9994,0,1,1,0->1,1,0,0,0
116.9854,1.0039,0,0,0,0->0,0,0,0,0
117.0213,1.0084,0,1,1,0->1,1,0,0,0
116.9898,1.0129,0,0,0,0->0,0,0,0,0
117.0393,1.0129,0,1,1,0->1,1,0,0,0
116.9898,1.0173,0,0,0,0->0,0,0,0,0
117.0033,1.0218,0,0,0,0->0,0,0,0,0
116.9674,1.0263,0,0,0,0->0,0,0,0,0
117.0168,1.0263,0,0,0,0->0,0,0,0,0
116.9584,1.0308,0,0,0,0->0,0,0,0,0
116.9629,1.0308,0,0,0,0->0,0,0,0,0
116.9943,1.0308,0,0,0,0->0,0,0,0,0
116.9854,1.0398,0,0,0,0->0,0,0,0,0
117.0123,1.0398,1,0,1,1->0,0,1,0,0
116.9629,1.0443,0,0,0,0->0,0,0,0,0
117.0123,1.0443,1,0,1,1->0,0,1,0,0
116.9943,1.0488,0,0,0,0->0,0,0,0,0
116.9988,1.0488,0,1,1,0->1,1,0,0,0
116.9584,1.0623,1,0,1,1->0,0,1,0,0
116.9764,1.0623,0,0,0,0->0,0,0,0,0
116.9809,1.0667,0,0,0,0->0,0,0,0,0
116.9898,1.0712,0,0,0,0->0,0,0,0,0
116.9943,1.0712,0,0,0,0->0,0,0,0,0
116.9764,1.0802,0,0,0,0->0,0,0,0,0
116.9719,1.0847,0,1,1,0->1,1,0,0,0
117.0033,1.0892,0,0,0,0->0,0,0,0,0
116.9764,1.0937,0,0,0,0->0,0,0,0,0
117.0842,1.0937,0,0,0,0->0,0,0,0,0
117.0887,1.0937,1,1,0,1->1,0,0,0,0
117.0617,1.1027,0,0,0,0->0,0,0,0,0
117.0033,1.1072,0,0,0,0->0,0,0,0,0
117.0213,1.1072,0,0,0,0->0,0,0,0,0
117.0887,1.1162,0,0,0,0->0,0,0,0,0
116.9809,1.1206,0,0,0,0->0,0,0,0,0
117.0078,1.1206,0,0,0,0->0,0,0,0,0
117.0527,1.1206,1,0,1,1->0,0,1,0,0
117.0752,1.1206,1,1,0,1->1,0,0,0,0
116.9943,1.1251,0,0,0,0->0,0,0,0,0
117.0033,1.1251,0,0,0,0->0,0,0,0,0
117.0168,1.1296,0,0,0,0->0,0,0,0,0
117.0437,1.1296,0,0,0,0->0,0,0,0,0
117.0752,1.1296,1,1,0,1->1,0,0,0,0
116.9943,1.1341,0,0,0,0->0,0,0,0,0
117.0572,1.1341,0,0,0,0->0,0,0,0,0
116.9854,1.1386,0,0,0,0->0,0,0,0,0
116.9943,1.1386,0,0,0,0->0,0,0,0,0
117.0078,1.1386,0,0,0,0->0,0,0,0,0
117.0258,1.1386,0,0,0,0->0,0,0,0,0
117.0393,1.1386,0,0,0,0->0,0,0,0,0
117.0437,1.1386,0,0,0,0->0,0,0,0,0
117.0842,1.1476,0,0,0,0->0,0,0,0,0
117.0437,1.1521,0,0,0,0->0,0,0,0,0
116.9898,1.1611,0,0,0,0->0,0,0,0,0
116.9943,1.1611,0,0,0,0->0,0,0,0,0
117.0033,1.1611,0,0,0,0->0,0,0,0,0
117.0393,1.1611,0,0,0,0->0,0,0,0,0
117.0437,1.1745,1,0,1,1->0,0,1,0,0
117.0258,1.1835,0,0,0,0->0,0,0,0,0
117.0797,1.1835,1,0,1,1->0,0,1,0,0
117.0078,1.188,1,1,0,1->1,0,0,0,0
117.0123,1.188,1,1,0,1->1,0,0,0,0
117.0437,1.188,1,0,1,1->0,0,1,0,0
117.0482,1.188,0,1,1,0->1,1,0,0,0
117.0662,1.188,1,1,0,1->1,0,0,0,0
117.0887,1.188,0,0,0,0->0,0,0,0,0
116.9898,1.1925,1,1,0,1->1,0,0,0,0
117.0258,1.1925,1,1,0,1->1,0,0,0,0
117.0617,1.1925,1,0,1,1->0,0,1,0,0
117.0707,1.197,1,0,1,1->0,0,1,0,0
117.0393,1.2015,1,0,1,1->0,0,1,0,0
117.0752,1.2105,1,0,1,1->0,0,1,0,0
117.0482,1.215,0,0,0,0->0,0,0,0,0
117.0258,1.2195,1,0,1,1->0,0,1,0,0
117.0123,1.224,0,1,1,0->1,1,0,0,0
117.0168,1.224,1,1,0,1->1,0,0,0,0
117.0617,1.2284,0,1,1,0->1,1,0,0,0
117.0482,1.2374,1,1,0,1->1,0,0,0,0
117.0168,1.2419,0,1,1,0->1,1,0,0,0
117.0887,1.2419,1,0,1,1->0,0,1,0,0
117.0258,1.2509,0,1,1,0->1,1,0,0,0
117.0662,1.2509,1,1,0,1->1,0,0,0,0
117.0168,1.2554,0,0,0,0->0,0,0,0,0
117.0842,1.2554,0,0,0,0->0,0,0,0,0
117.0887,1.2779,0,0,0,0->0,0,0,0,0
117.0348,1.2823,0,0,0,0->0,0,0,0,0
117.0707,1.2823,0,0,0,0->0,0,0,0,0
117.0842,1.2868,1,0,1,1->0,0,1,0,0
117.0887,1.2868,0,1,1,0->1,1,0,0,0
117.0393,1.3048,0,0,0,0->0,0,0,0,0
117.0482,1.3048,0,0,0,0->0,0,0,0,0
117.0258,1.3093,0,0,0,0->0,0,0,0,0
117.0572,1.3093,1,0,1,1->0,0,1,0,0
117.0572,1.3138,1,0,1,1->0,0,1,0,0
117.0797,1.3273,1,0,1,1->0,0,1,0,0
117.0258,1.3318,1,0,1,1->0,0,1,0,0
117.0527,1.3318,0,1,1,0->1,1,0,0,0
117.0752,1.3318,1,0,1,1->0,0,1,0,0
117.0482,1.3362,0,0,0,0->0,0,0,0,0
117.0752,1.3362,1,0,1,1->0,0,1,0,0
117.0797,1.3407,1,0,1,1->0,0,1,0,0
117.0842,1.3497,1,0,1,1->0,0,1,0,0
117.0887,1.3542,0,0,0,0->0,0,0,0,0
117.0752,1.3857,1,0,1,1->0,0,1,0,0
117.0617,1.3901,1,1,0,1->1,0,0,0,0
117.0617,1.3946,1,0,1,1->0,0,1,0,0
117.0348,1.3991,3,0,1,3->0,0,1,0,0
117.0797,1.3991,1,0,1,1->0,0,1,0,0
117.0527,1.4216,0,0,0,0->0,0,0,0,0
117.0842,1.4216,1,0,1,1->0,0,1,0,0
117.0437,1.4261,0,0,0,0->0,0,0,0,0
117.0752,1.4261,1,1,0,1->1,0,0,0,0
117.0797,1.4396,0,0,0,0->0,0,0,0,0
117.0437,1.444,0,0,0,0->0,0,0,0,0
117.0482,1.444,2,0,1,2->0,0,1,0,0
117.0707,1.444,0,0,0,0->0,0,0,0,0
117.0482,1.4485,0,0,0,0->0,0,0,0,0
117.0797,1.4485,0,0,0,0->0,0,0,0,0
117.0887,1.4485,0,0,0,0->0,0,0,0,0
117.0797,1.462,1,0,1,1->0,0,1,0,0
117.0527,1.471,1,0,1,1->0,0,1,0,0
117.0617,1.4934,0,0,0,0->0,0,0,0,0
117.0887,1.4979,1,0,1,1->0,0,1,0,0
117.0842,1.5024,1,0,1,1->0,0,1,0,0
109.7225,1.727,0,1,1,0->1,1,0,0,0
109.6865,1.736,0,0,0,0->0,0,0,0,0
109.7135,1.736,0,0,0,0->0,0,0,0,0
109.7449,1.7405,0,1,1,0->1,1,0,0,0
109.718,1.745,0,0,0,0->0,0,0,0,0
109.7,1.754,0,0,0,0->0,0,0,0,0
109.6596,1.7585,0,0,0,0->0,0,0,0,0
109.6731,1.7629,0,0,0,0->0,0,0,0,0
109.6731,1.7674,0,0,0,0->0,0,0,0,0
109.6551,1.7719,0,0,0,0->0,0,0,0,0
109.6776,1.7719,0,0,0,0->0,0,0,0,0
109.7,1.7719,0,0,0,0->0,0,0,0,0
109.718,1.7719,0,0,0,0->0,0,0,0,0
109.7225,1.7719,0,0,0,0->0,0,0,0,0
109.727,1.7719,0,0,0,0->0,0,0,0,0
109.6821,1.7764,0,0,0,0->0,0,0,0,0
109.6865,1.7809,0,0,0,0->0,0,0,0,0
109.7135,1.7944,0,0,0,0->0,0,0,0,0
109.7359,1.7944,0,0,0,0->0,0,0,0,0
109.6955,1.7989,0,0,0,0->0,0,0,0,0
109.7045,1.8079,0,0,0,0->0,0,0,0,0
109.727,1.8079,1,0,1,1->0,0,1,0,0
109.7539,1.8124,1,0,1,1->0,0,1,0,0
109.6821,1.8213,0,0,0,0->0,0,0,0,0
109.7539,1.8213,1,1,0,1->1,0,0,0,0
109.7539,1.8258,2,1,1,2->1,0,0,0,0
109.7,1.8303,0,0,0,0->0,0,0,0,0
109.7494,1.8303,4,3,1,4->3,0,0,0,1
109.6865,1.8348,0,0,0,0->0,0,0,0,0
109.7,1.8348,0,0,0,0->0,0,0,0,0
109.709,1.8393,0,0,0,0->0,0,0,0,0
109.6641,1.8438,1,1,0,1->1,0,0,0,0
109.6776,1.8438,1,1,0,1->1,0,0,0,0
109.7359,1.8483,4,4,0,4->4,0,0,0,0
109.7539,1.8528,4,4,0,4->4,0,0,0,0
109.6551,1.8573,0,0,0,0->0,0,0,0,0
109.7584,1.8618,4,4,0,4->4,0,0,0,0
109.6776,1.8707,1,1,0,1->1,0,0,0,0
109.7539,1.8797,4,4,0,4->4,0,0,0,0
109.6955,1.8932,4,4,0,4->4,0,0,0,0
109.6821,1.8977,4,4,0,4->4,0,0,0,0
109.6955,1.8977,4,4,0,4->4,0,0,0,0
109.7629,1.8977,4,4,0,4->4,0,0,0,0
109.7539,1.9022,4,4,0,4->4,0,0,0,0
109.7674,1.9112,4,4,0,4->4,0,0,0,0
109.7764,1.9112,4,4,0,4->4,0,0,0,0
109.7719,1.9157,4,4,0,4->4,0,0,0,0
109.7854,1.9157,4,4,0,4->4,0,0,0,0
109.7629,1.9381,4,4,0,4->4,0,0,0,0
109.1116,1.5473,1,1,0,1->1,0,0,0,0
109.17,1.5518,2,1,1,2->1,0,0,0,0
109.2015,1.5518,0,0,0,0->0,0,0,0,0
109.0802,1.5563,4,4,0,4->4,0,0,0,0
109.0892,1.5563,3,3,0,3->3,0,0,0,0
109.17,1.5563,1,1,0,1->1,0,0,0,0
109.188,1.5563,1,1,0,1->1,0,0,0,0
109.2239,1.5563,1,1,0,1->1,0,0,0,0
109.2509,1.5563,1,1,0,1->1,0,0,0,0
109.2643,1.5563,1,1,0,1->1,0,0,0,0
109.2823,1.5563,1,1,0,1->1,0,0,0,0
109.1476,1.5608,1,1,0,1->1,0,0,0,0
109.2194,1.5608,1,1,0,1->1,0,0,0,0
109.0892,1.5653,4,4,0,4->4,0,0,0,0
109.161,1.5653,1,0,1,1->0,0,1,0,0
109.2554,1.5653,0,0,0,0->0,0,0,0,0
109.1026,1.5698,4,4,0,4->4,0,0,0,0
109.1476,1.5698,2,1,1,2->1,0,0,0,0
109.161,1.5698,2,1,1,2->1,0,0,0,0
109.2284,1.5698,1,1,0,1->1,0,0,0,0
109.0981,1.5743,4,4,0,4->4,0,0,0,0
109.1161,1.5743,1,1,0,1->1,0,0,0,0
109.1476,1.5788,2,1,1,2->1,0,0,0,0
109.2778,1.5833,0,0,0,0->0,0,0,0,0
109.1116,1.5878,4,4,0,4->4,0,0,0,0
109.1835,1.5878,1,1,0,1->1,0,0,0,0
109.2509,1.5878,0,0,0,0->0,0,0,0,0
109.2688,1.5878,0,0,0,0->0,0,0,0,0
109.1161,1.5923,4,4,0,4->4,0,0,0,0
109.1341,1.5968,4,4,0,4->4,0,0,0,0
109.179,1.5968,1,1,0,1->1,0,0,0,0
109.1925,1.5968,1,1,0,1->1,0,0,0,0
109.2284,1.5968,1,1,0,1->1,0,0,0,0
109.1925,1.6012,2,1,1,2->1,0,0,0,0
109.1251,1.6057,4,4,0,4->4,0,0,0,0
109.179,1.6057,2,2,0,2->2,0,0,0,0
109.2015,1.6057,1,1,0,1->1,0,0,0,0
109.2059,1.6057,2,1,1,2->1,0,0,0,0
109.2149,1.6057,1,2,1,1->2,0,0,1,0
109.2419,1.6057,0,1,1,0->1,1,0,0,0
109.1251,1.6102,4,4,0,4->4,0,0,0,0
109.188,1.6102,1,1,0,1->1,0,0,0,0
109.2554,1.6102,0,0,0,0->0,0,0,0,0
109.2688,1.6102,0,0,0,0->0,0,0,0,0
109.2733,1.6102,0,0,0,0->0,0,0,0,0
109.1655,1.6237,4,4,0,4->4,0,0,0,0
109.2554,1.6237,1,0,1,1->0,0,1,0,0
109.2688,1.6237,1,0,1,1->0,0,1,0,0
109.2868,1.6237,0,0,0,0->0,0,0,0,0
109.1386,1.6282,4,4,0,4->4,0,0,0,0
109.152,1.6282,4,4,0,4->4,0,0,0,0
109.1476,1.6327,4,4,0,4->4,0,0,0,0
109.161,1.6327,4,4,0,4->4,0,0,0,0
109.1925,1.6327,4,4,0,4->4,0,0,0,0
109.2284,1.6327,0,0,0,0->0,0,0,0,0
109.2329,1.6327,0,1,1,0->1,1,0,0,0
109.1071,1.6372,4,4,0,4->4,0,0,0,0
109.1476,1.6372,4,4,0,4->4,0,0,0,0
109.188,1.6372,4,4,0,4->4,0,0,0,0
109.2419,1.6372,0,1,1,0->1,1,0,0,0
109.1386,1.6417,4,4,0,4->4,0,0,0,0
109.1565,1.6417,4,4,0,4->4,0,0,0,0
109.2284,1.6417,4,4,0,4->4,0,0,0,0
109.2104,1.6462,4,4,0,4->4,0,0,0,0
109.2194,1.6462,4,4,0,4->4,0,0,0,0
109.2419,1.6507,4,4,0,4->4,0,0,0,0
109.2554,1.6507,0,0,0,0->0,0,0,0,0
109.2194,1.6551,4,4,0,4->4,0,0,0,0
109.2419,1.6551,4,4,0,4->4,0,0,0,0
109.2733,1.6551,0,0,0,0->0,0,0,0,0
109.2868,1.6551,0,1,1,0->1,1,0,0,0
109.2284,1.6641,4,4,0,4->4,0,0,0,0
109.2149,1.6686,4,4,0,4->4,0,0,0,0
109.2239,1.6686,4,4,0,4->4,0,0,0,0
109.2374,1.6686,4,4,0,4->4,0,0,0,0
109.2733,1.6686,0,0,0,0->0,0,0,0,0
109.2823,1.6686,0,0,0,0->0,0,0,0,0
109.2015,1.6731,4,4,0,4->4,0,0,0,0
109.2284,1.6821,4,4,0,4->4,0,0,0,0
109.2778,1.6866,1,1,0,1->1,0,0,0,0
109.2374,1.6911,4,4,0,4->4,0,0,0,0
109.2554,1.6911,4,4,0,4->4,0,0,0,0
109.2688,1.6911,1,1,0,1->1,0,0,0,0
109.2284,1.6956,4,4,0,4->4,0,0,0,0
109.2149,1.7001,4,4,0,4->4,0,0,0,0
109.2329,1.7046,4,4,0,4->4,0,0,0,0
109.3092,1.7225,0,1,1,0->1,1,0,0,0
109.3856,1.7225,0,0,0,0->0,0,0,0,0
109.4036,1.7225,0,0,0,0->0,0,0,0,0
109.2464,1.727,3,4,1,3->4,0,0,0,0
109.3587,1.727,0,0,0,0->0,0,0,0,0
109.5114,1.727,0,0,0,0->0,0,0,0,0
109.5698,1.727,0,0,0,0->0,0,0,0,0
109.2419,1.7315,4,4,0,4->4,0,0,0,0
109.3317,1.7315,1,0,1,1->0,0,1,0,0
109.5967,1.7315,0,0,0,0->0,0,0,0,0
109.3407,1.736,1,0,1,1->0,0,1,0,0
109.3452,1.736,1,1,0,1->1,0,0,0,0
109.3946,1.736,0,0,0,0->0,0,0,0,0
109.4665,1.736,0,0,0,0->0,0,0,0,0
109.6057,1.736,0,0,0,0->0,0,0,0,0
109.2329,1.7405,4,4,0,4->4,0,0,0,0
109.3676,1.7405,1,1,0,1->1,0,0,0,0
109.4215,1.7405,0,0,0,0->0,0,0,0,0
109.2688,1.745,4,4,0,4->4,0,0,0,0
109.3227,1.745,2,2,0,2->2,0,0,0,0
109.5293,1.745,0,0,0,0->0,0,0,0,0
109.5473,1.745,0,0,0,0->0,0,0,0,0
109.5787,1.745,1,1,0,1->1,0,0,0,0
109.5922,1.745,0,0,0,0->0,0,0,0,0
109.2733,1.7495,4,4,0,4->4,0,0,0,0
109.3182,1.7495,0,0,0,0->0,0,0,0,0
109.3542,1.7495,0,1,1,0->1,1,0,0,0
109.3856,1.7495,1,0,1,1->0,0,1,0,0
109.5024,1.7495,0,0,0,0->0,0,0,0,0
109.5338,1.7495,0,0,0,0->0,0,0,0,0
109.5473,1.7495,1,0,1,1->0,0,1,0,0
109.5787,1.7495,0,0,0,0->0,0,0,0,0
109.6461,1.7495,0,0,0,0->0,0,0,0,0
109.2823,1.754,4,4,0,4->4,0,0,0,0
109.2913,1.754,0,0,0,0->0,0,0,0,0
109.3452,1.754,1,0,1,1->0,0,1,0,0
109.5563,1.754,0,0,0,0->0,0,0,0,0
109.5608,1.754,0,0,0,0->0,0,0,0,0
109.5698,1.754,0,1,1,0->1,1,0,0,0
109.5832,1.754,0,0,0,0->0,0,0,0,0
109.4081,1.7585,0,0,0,0->0,0,0,0,0
109.417,1.7585,0,0,0,0->0,0,0,0,0
109.4934,1.7585,0,0,0,0->0,0,0,0,0
109.5338,1.7585,0,0,0,0->0,0,0,0,0
109.5743,1.7585,1,1,0,1->1,0,0,0,0
109.6282,1.7585,0,0,0,0->0,0,0,0,0
109.2778,1.7629,4,4,0,4->4,0,0,0,0
109.2823,1.7629,4,4,0,4->4,0,0,0,0
109.3092,1.7629,2,1,1,2->1,0,0,0,0
109.3137,1.7629,2,1,1,2->1,0,0,0,0
109.4934,1.7629,0,0,0,0->0,0,0,0,0
109.5114,1.7629,0,0,0,0->0,0,0,0,0
109.5698,1.7629,0,0,0,0->0,0,0,0,0
109.5743,1.7629,0,0,0,0->0,0,0,0,0
109.5877,1.7629,0,0,0,0->0,0,0,0,0
109.5967,1.7629,0,0,0,0->0,0,0,0,0
109.2823,1.7674,4,4,0,4->4,0,0,0,0
109.5293,1.7674,0,0,0,0->0,0,0,0,0
109.3137,1.7719,1,1,0,1->1,0,0,0,0
109.5159,1.7719,0,0,0,0->0,0,0,0,0
109.3362,1.7764,1,1,0,1->1,0,0,0,0
109.3856,1.7764,0,0,0,0->0,0,0,0,0
109.4126,1.7764,0,0,0,0->0,0,0,0,0
109.5743,1.7764,0,0,0,0->0,0,0,0,0
109.2509,1.7809,4,4,0,4->4,0,0,0,0
109.3048,1.7809,3,4,1,3->4,0,0,0,0
109.3182,1.7809,1,1,0,1->1,0,0,0,0
109.3227,1.7809,2,1,1,2->1,0,0,0,0
109.3676,1.7809,1,0,1,1->0,0,1,0,0
109.3766,1.7809,0,0,0,0->0,0,0,0,0
109.3946,1.7809,0,0,0,0->0,0,0,0,0
109.4799,1.7809,0,0,0,0->0,0,0,0,0
109.5159,1.7809,0,0,0,0->0,0,0,0,0
109.5204,1.7809,0,0,0,0->0,0,0,0,0
109.6192,1.7809,0,0,0,0->0,0,0,0,0
109.3003,1.7854,4,4,0,4->4,0,0,0,0
109.3272,1.7854,0,1,1,0->1,1,0,0,0
109.3497,1.7854,1,0,1,1->0,0,1,0,0
109.3901,1.7854,0,0,0,0->0,0,0,0,0
109.5563,1.7854,0,0,0,0->0,0,0,0,0
109.6102,1.7854,1,0,1,1->0,0,1,0,0
109.3182,1.7899,4,4,0,4->4,0,0,0,0
109.3856,1.7899,0,0,0,0->0,0,0,0,0
109.4215,1.7899,0,1,1,0->1,1,0,0,0
109.4485,1.7899,0,0,0,0->0,0,0,0,0
109.4844,1.7899,0,0,0,0->0,0,0,0,0
109.5069,1.7899,0,0,0,0->0,0,0,0,0
109.2823,1.7944,4,4,0,4->4,0,0,0,0
109.3901,1.7944,1,1,0,1->1,0,0,0,0
109.3946,1.7944,1,0,1,1->0,0,1,0,0
109.4215,1.7944,1,0,1,1->0,0,1,0,0
109.4485,1.7944,1,0,1,1->0,0,1,0,0
109.5563,1.7944,0,0,0,0->0,0,0,0,0
109.6147,1.7944,0,0,0,0->0,0,0,0,0
109.6282,1.7944,0,0,0,0->0,0,0,0,0
109.3048,1.7989,4,4,0,4->4,0,0,0,0
109.444,1.7989,0,0,0,0->0,0,0,0,0
109.453,1.7989,1,0,1,1->0,0,1,0,0
109.5698,1.7989,0,0,0,0->0,0,0,0,0
109.5922,1.7989,0,0,0,0->0,0,0,0,0
109.6416,1.7989,0,0,0,0->0,0,0,0,0
109.2733,1.8034,4,4,0,4->4,0,0,0,0
109.2868,1.8034,4,4,0,4->4,0,0,0,0
109.3362,1.8034,1,0,1,1->0,0,1,0,0
109.3676,1.8034,0,0,0,0->0,0,0,0,0
109.4081,1.8034,0,0,0,0->0,0,0,0,0
109.5293,1.8034,0,0,0,0->0,0,0,0,0
109.5743,1.8034,0,0,0,0->0,0,0,0,0
109.5967,1.8034,0,0,0,0->0,0,0,0,0
109.6416,1.8034,0,0,0,0->0,0,0,0,0
109.2688,1.8079,4,4,0,4->4,0,0,0,0
109.3721,1.8079,0,0,0,0->0,0,0,0,0
109.4575,1.8079,0,0,0,0->0,0,0,0,0
109.4844,1.8079,0,0,0,0->0,0,0,0,0
109.2958,1.8124,4,4,0,4->4,0,0,0,0
109.3811,1.8124,3,0,1,3->0,0,1,0,0
109.4305,1.8124,0,0,0,0->0,0,0,0,0
109.4665,1.8124,0,0,0,0->0,0,0,0,0
109.5338,1.8124,0,0,0,0->0,0,0,0,0
109.5653,1.8124,0,0,0,0->0,0,0,0,0
109.6192,1.8124,0,0,0,0->0,0,0,0,0
109.6326,1.8124,0,0,0,0->0,0,0,0,0
109.5293,1.8168,0,0,0,0->0,0,0,0,0
109.5743,1.8168,0,0,0,0->0,0,0,0,0
109.2554,1.8213,4,4,0,4->4,0,0,0,0
109.4485,1.8213,0,0,0,0->0,0,0,0,0
109.4709,1.8213,0,0,0,0->0,0,0,0,0
109.5428,1.8213,0,0,0,0->0,0,0,0,0
109.5518,1.8213,0,0,0,0->0,0,0,0,0
109.5743,1.8213,0,0,0,0->0,0,0,0,0
109.2823,1.8258,4,4,0,4->4,0,0,0,0
109.3182,1.8258,4,4,0,4->4,0,0,0,0
109.4889,1.8258,0,0,0,0->0,0,0,0,0
109.5293,1.8258,0,0,0,0->0,0,0,0,0
109.5338,1.8258,0,0,0,0->0,0,0,0,0
109.5743,1.8258,0,0,0,0->0,0,0,0,0
109.6057,1.8258,0,0,0,0->0,0,0,0,0
109.6371,1.8258,0,0,0,0->0,0,0,0,0
109.6461,1.8258,0,0,0,0->0,0,0,0,0
109.2643,1.8303,4,4,0,4->4,0,0,0,0
109.2688,1.8303,4,4,0,4->4,0,0,0,0
109.3092,1.8303,4,4,0,4->4,0,0,0,0
109.3676,1.8303,0,0,0,0->0,0,0,0,0
109.5653,1.8303,0,0,0,0->0,0,0,0,0
109.6326,1.8303,0,0,0,0->0,0,0,0,0
109.3631,1.8348,1,0,1,1->0,0,1,0,0
109.435,1.8348,0,0,0,0->0,0,0,0,0
109.4575,1.8348,0,0,0,0->0,0,0,0,0
109.5383,1.8348,0,0,0,0->0,0,0,0,0
109.5787,1.8348,0,0,0,0->0,0,0,0,0
109.5877,1.8348,0,0,0,0->0,0,0,0,0
109.6192,1.8348,0,0,0,0->0,0,0,0,0
109.3092,1.8393,4,4,0,4->4,0,0,0,0
109.4754,1.8393,0,0,0,0->0,0,0,0,0
109.5159,1.8393,0,0,0,0->0,0,0,0,0
109.5293,1.8393,0,0,0,0->0,0,0,0,0
109.5608,1.8393,0,0,0,0->0,0,0,0,0
109.5877,1.8393,0,0,0,0->0,0,0,0,0
109.2868,1.8438,4,4,0,4->4,0,0,0,0
109.3407,1.8438,0,0,0,0->0,0,0,0,0
109.435,1.8438,0,0,0,0->0,0,0,0,0
109.462,1.8438,0,0,0,0->0,0,0,0,0
109.4665,1.8438,0,0,0,0->0,0,0,0,0
109.5114,1.8438,0,0,0,0->0,0,0,0,0
109.5608,1.8438,0,0,0,0->0,0,0,0,0
109.6057,1.8438,0,0,0,0->0,0,0,0,0
109.6237,1.8438,0,0,0,0->0,0,0,0,0
109.3811,1.8483,1,0,1,1->0,0,1,0,0
109.4036,1.8483,0,0,0,0->0,0,0,0,0
109.417,1.8483,0,0,0,0->0,0,0,0,0
109.5608,1.8483,0,0,0,0->0,0,0,0,0
109.6371,1.8483,0,0,0,0->0,0,0,0,0
109.3272,1.8528,4,4,0,4->4,0,0,0,0
109.3362,1.8528,4,4,0,4->4,0,0,0,0
109.3542,1.8528,0,0,0,0->0,0,0,0,0
109.3587,1.8528,1,0,1,1->0,0,1,0,0
109.4575,1.8528,1,0,1,1->0,0,1,0,0
109.4934,1.8528,0,0,0,0->0,0,0,0,0
109.5024,1.8528,0,0,0,0->0,0,0,0,0
109.5204,1.8528,0,0,0,0->0,0,0,0,0
109.5653,1.8528,0,0,0,0->0,0,0,0,0
109.6237,1.8528,0,0,0,0->0,0,0,0,0
109.6326,1.8528,0,0,0,0->0,0,0,0,0
109.3631,1.8573,1,0,1,1->0,0,1,0,0
109.4215,1.8573,0,0,0,0->0,0,0,0,0
109.5383,1.8573,0,0,0,0->0,0,0,0,0
109.3182,1.8618,4,4,0,4->4,0,0,0,0
109.3452,1.8618,0,0,0,0->0,0,0,0,0
109.3542,1.8618,0,0,0,0->0,0,0,0,0
109.4754,1.8618,0,0,0,0->0,0,0,0,0
109.4934,1.8618,0,0,0,0->0,0,0,0,0
109.5428,1.8618,0,0,0,0->0,0,0,0,0
109.5787,1.8618,0,0,0,0->0,0,0,0,0
109.6102,1.8618,0,0,0,0->0,0,0,0,0
109.3407,1.8663,0,0,0,0->0,0,0,0,0
109.4081,1.8663,0,0,0,0->0,0,0,0,0
109.453,1.8663,1,0,1,1->0,0,1,0,0
109.6012,1.8663,0,0,0,0->0,0,0,0,0
109.6102,1.8663,0,0,0,0->0,0,0,0,0
109.3182,1.8707,4,4,0,4->4,0,0,0,0
109.3542,1.8707,0,0,0,0->0,0,0,0,0
109.435,1.8707,1,0,1,1->0,0,1,0,0
109.4575,1.8707,1,0,1,1->0,0,1,0,0
109.4979,1.8707,0,0,0,0->0,0,0,0,0
109.6102,1.8707,0,0,0,0->0,0,0,0,0
109.6461,1.8707,0,0,0,0->0,0,0,0,0
109.3137,1.8752,4,4,0,4->4,0,0,0,0
109.3272,1.8752,4,4,0,4->4,0,0,0,0
109.3452,1.8752,0,0,0,0->0,0,0,0,0
109.4485,1.8752,0,0,0,0->0,0,0,0,0
109.6416,1.8752,0,0,0,0->0,0,0,0,0
109.3991,1.8842,0,0,0,0->0,0,0,0,0
109.4709,1.8842,0,1,1,0->1,1,0,0,0
109.5787,1.8842,0,0,0,0->0,0,0,0,0
109.6326,1.8842,0,0,0,0->0,0,0,0,0
109.3003,1.8887,4,4,0,4->4,0,0,0,0
109.453,1.8887,0,0,0,0->0,0,0,0,0
109.5159,1.8887,0,0,0,0->0,0,0,0,0
109.3497,1.8932,0,0,0,0->0,0,0,0,0
109.3542,1.8932,0,0,0,0->0,0,0,0,0
109.5922,1.8932,0,0,0,0->0,0,0,0,0
109.3227,1.8977,4,4,0,4->4,0,0,0,0
109.4305,1.8977,1,0,1,1->0,0,1,0,0
109.5069,1.8977,0,0,0,0->0,0,0,0,0
109.3676,1.9022,1,0,1,1->0,0,1,0,0
109.417,1.9022,1,0,1,1->0,0,1,0,0
109.5159,1.9022,0,0,0,0->0,0,0,0,0
109.5428,1.9022,0,0,0,0->0,0,0,0,0
109.5518,1.9022,0,0,0,0->0,0,0,0,0
109.6282,1.9022,0,0,0,0->0,0,0,0,0
109.3182,1.9067,4,4,0,4->4,0,0,0,0
109.3272,1.9067,4,4,0,4->4,0,0,0,0
109.3362,1.9067,1,0,1,1->0,0,1,0,0
109.3452,1.9067,1,0,1,1->0,0,1,0,0
109.3542,1.9067,1,1,0,1->1,0,0,0,0
109.3676,1.9067,1,0,1,1->0,0,1,0,0
109.4575,1.9067,0,0,0,0->0,0,0,0,0
109.3317,1.9112,0,0,0,0->0,0,0,0,0
109.4799,1.9112,1,1,0,1->1,0,0,0,0
109.6326,1.9112,1,1,0,1->1,0,0,0,0
109.3407,1.9157,0,1,1,0->1,1,0,0,0
109.3631,1.9157,1,1,0,1->1,0,0,0,0
109.4081,1.9157,1,1,0,1->1,0,0,0,0
109.4889,1.9157,0,1,1,0->1,1,0,0,0
109.5518,1.9157,0,0,0,0->0,0,0,0,0
109.3048,1.9201,4,4,0,4->4,0,0,0,0
109.3317,1.9201,1,1,0,1->1,0,0,0,0
109.3991,1.9201,1,1,0,1->1,0,0,0,0
109.4215,1.9201,0,0,0,0->0,0,0,0,0
109.4485,1.9201,0,0,0,0->0,0,0,0,0
109.4665,1.9201,0,0,0,0->0,0,0,0,0
109.5608,1.9201,0,0,0,0->0,0,0,0,0
109.6102,1.9201,0,0,0,0->0,0,0,0,0
109.6371,1.9201,0,0,0,0->0,0,0,0,0
109.3497,1.9246,1,1,0,1->1,0,0,0,0
109.3946,1.9246,1,0,1,1->0,0,1,0,0
109.5204,1.9246,0,0,0,0->0,0,0,0,0
109.5428,1.9246,0,0,0,0->0,0,0,0,0
109.3856,1.9291,1,1,0,1->1,0,0,0,0
109.4126,1.9291,0,0,0,0->0,0,0,0,0
109.4215,1.9291,2,1,1,2->1,0,0,0,0
109.462,1.9291,0,0,0,0->0,0,0,0,0
109.6237,1.9291,0,0,0,0->0,0,0,0,0
109.3542,1.9336,1,1,0,1->1,0,0,0,0
109.3901,1.9336,1,1,0,1->1,0,0,0,0
109.6237,1.9336,0,0,0,0->0,0,0,0,0
109.3407,1.9381,1,1,0,1->1,0,0,0,0
109.3587,1.9381,1,1,0,1->1,0,0,0,0
109.4126,1.9381,0,0,0,0->0,0,0,0,0
109.4665,1.9381,0,1,1,0->1,1,0,0,0
109.5518,1.9381,0,0,0,0->0,0,0,0,0
109.435,1.9426,1,1,0,1->1,0,0,0,0
109.4395,1.9426,1,1,0,1->1,0,0,0,0
109.3631,1.9471,4,4,0,4->4,0,0,0,0
109.462,1.9471,1,1,0,1->1,0,0,0,0
109.5383,1.9471,0,0,0,0->0,0,0,0,0
109.3092,1.9516,4,4,0,4->4,0,0,0,0
109.3497,1.9516,4,4,0,4->4,0,0,0,0
109.426,1.9516,4,4,0,4->4,0,0,0,0
109.4665,1.9516,1,0,1,1->0,0,1,0,0
109.5204,1.9516,1,0,1,1->0,0,1,0,0
109.5338,1.9516,0,0,0,0->0,0,0,0,0
109.6012,1.9516,0,0,0,0->0,0,0,0,0
109.3003,1.9561,4,4,0,4->4,0,0,0,0
109.5967,1.9561,0,0,0,0->0,0,0,0,0
109.3272,1.9606,4,4,0,4->4,0,0,0,0
109.5383,1.9606,0,0,0,0->0,0,0,0,0
109.6057,1.9606,0,0,0,0->0,0,0,0,0
109.3048,1.9651,4,4,0,4->4,0,0,0,0
109.3182,1.9651,4,4,0,4->4,0,0,0,0
109.4665,1.9651,1,1,0,1->1,0,0,0,0
109.4889,1.9651,1,1,0,1->1,0,0,0,0
109.5653,1.9651,1,1,0,1->1,0,0,0,0
109.6237,1.9651,0,0,0,0->0,0,0,0,0
109.3092,1.9696,4,4,0,4->4,0,0,0,0
109.426,1.9696,4,4,0,4->4,0,0,0,0
109.4305,1.9696,4,4,0,4->4,0,0,0,0
109.5114,1.9696,0,0,0,0->0,0,0,0,0
109.5204,1.9696,0,0,0,0->0,0,0,0,0
109.5473,1.9696,0,0,0,0->0,0,0,0,0
109.5518,1.9696,1,1,0,1->1,0,0,0,0
109.5877,1.9696,1,0,1,1->0,0,1,0,0
109.6416,1.9696,0,0,0,0->0,0,0,0,0
109.4979,1.974,1,1,0,1->1,0,0,0,0
109.5069,1.974,1,0,1,1->0,0,1,0,0
109.5383,1.974,1,1,0,1->1,0,0,0,0
109.3092,1.9785,4,4,0,4->4,0,0,0,0
109.3137,1.9785,4,4,0,4->4,0,0,0,0
109.3452,1.9785,4,4,0,4->4,0,0,0,0
109.417,1.9785,4,4,0,4->4,0,0,0,0
109.4215,1.9785,4,4,0,4->4,0,0,0,0
109.4979,1.9785,1,1,0,1->1,0,0,0,0
109.5069,1.9785,1,0,1,1->0,0,1,0,0
109.6282,1.9785,0,0,0,0->0,0,0,0,0
109.426,1.983,4,4,0,4->4,0,0,0,0
109.4709,1.983,4,4,0,4->4,0,0,0,0
109.5024,1.983,1,0,1,1->0,0,1,0,0
109.5159,1.983,1,1,0,1->1,0,0,0,0
109.4889,1.9875,4,4,0,4->4,0,0,0,0
109.5248,1.9875,2,1,1,2->1,0,0,0,0
109.6461,1.9875,0,0,0,0->0,0,0,0,0
109.5473,1.992,4,4,0,4->4,0,0,0,0
109.462,1.9965,4,4,0,4->4,0,0,0,0
109.5069,1.9965,4,4,0,4->4,0,0,0,0
109.5248,1.9965,4,4,0,4->4,0,0,0,0
109.5293,1.9965,4,4,0,4->4,0,0,0,0
109.5563,1.9965,4,4,0,4->4,0,0,0,0
109.6326,1.9965,0,0,0,0->0,0,0,0,0
109.5518,2.001,4,4,0,4->4,0,0,0,0
109.6192,2.001,0,0,0,0->0,0,0,0,0
109.5608,2.0145,4,4,0,4->4,0,0,0,0
109.5877,2.0145,4,4,0,4->4,0,0,0,0
109.5653,2.019,4,4,0,4->4,0,0,0,0
109.5832,2.019,4,4,0,4->4,0,0,0,0
109.5922,2.019,4,4,0,4->4,0,0,0,0
109.6192,2.0324,0,0,0,0->0,0,0,0,0
109.6326,2.0324,0,0,0,0->0,0,0,0,0
109.6147,2.0414,0,0,0,0->0,0,0,0,0
109.6416,2.0504,0,0,0,0->0,0,0,0,0
109.6192,2.0549,1,0,1,1->0,0,1,0,0
109.6102,2.0684,4,4,0,4->4,0,0,0,0
109.6102,2.0774,4,4,0,4->4,0,0,0,0
109.6237,2.0998,4,4,0,4->4,0,0,0,0
109.0083,1.5473,4,4,0,4->4,0,0,0,0
109.0218,1.5473,4,4,0,4->4,0,0,0,0
109.0667,1.5473,4,4,0,4->4,0,0,0,0
109.0622,1.5518,4,4,0,4->4,0,0,0,0
109.0532,1.5698,4,4,0,4->4,0,0,0,0
109.0712,1.5698,4,4,0,4->4,0,0,0,0
117.0707,1.5473,0,0,0,0->0,0,0,0,0
117.0842,1.5473,0,0,0,0->0,0,0,0,0
117.0842,1.5563,0,0,0,0->0,0,0,0,0
117.0887,1.5563,0,0,0,0->0,0,0,0,0
117.0842,1.6282,0,0,0,0->0,0,0,0,0
117.9106,1.727,0,0,0,0->0,0,0,0,0
117.9151,1.727,1,0,1,1->0,0,1,0,0
117.951,1.727,0,1,1,0->1,1,0,0,0
117.978,1.727,0,0,0,0->0,0,0,0,0
117.987,1.727,0,0,0,0->0,0,0,0,0
117.9376,1.7315,1,0,1,1->0,0,1,0,0
117.951,1.7315,0,1,1,0->1,1,0,0,0
117.96,1.7315,1,1,0,1->1,0,0,0,0
117.9286,1.736,1,1,0,1->1,0,0,0,0
117.9286,1.7405,0,1,1,0->1,1,0,0,0
117.9241,1.7495,0,0,0,0->0,0,0,0,0
117.9421,1.7495,0,1,1,0->1,1,0,0,0
117.9151,1.754,0,1,1,0->1,1,0,0,0
117.9466,1.7585,0,0,0,0->0,0,0,0,0
117.9331,1.7629,0,1,1,0->1,1,0,0,0
117.9376,1.7629,0,1,1,0->1,1,0,0,0
117.9421,1.7629,0,1,1,0->1,1,0,0,0
117.9016,1.7674,1,0,1,1->0,0,1,0,0
117.9016,1.7719,1,1,0,1->1,0,0,0,0
117.9196,1.7719,0,0,0,0->0,0,0,0,0
117.978,1.7764,0,1,1,0->1,1,0,0,0
117.9376,1.7809,0,1,1,0->1,1,0,0,0
117.9421,1.7809,1,1,0,1->1,0,0,0,0
117.9106,1.7854,2,0,1,2->0,0,1,0,0
117.9645,1.7854,0,0,0,0->0,0,0,0,0
117.969,1.7854,0,0,0,0->0,0,0,0,0
117.978,1.7854,0,0,0,0->0,0,0,0,0
117.969,1.7899,1,0,1,1->0,0,1,0,0
117.978,1.7944,4,4,0,4->4,0,0,0,0
117.9331,1.7989,0,0,0,0->0,0,0,0,0
117.9466,1.7989,4,1,1,4->1,0,0,0,0
117.951,1.7989,4,4,0,4->4,0,0,0,0
117.9555,1.8034,4,4,0,4->4,0,0,0,0
108.5726,2.6523,4,4,0,4->4,0,0,0,0
108.5771,2.6523,4,4,0,4->4,0,0,0,0
108.5816,2.6523,4,4,0,4->4,0,0,0,0
108.5502,2.6568,4,4,0,4->4,0,0,0,0
108.5502,2.6613,4,4,0,4->4,0,0,0,0
108.5547,2.6658,4,4,0,4->4,0,0,0,0
108.5502,2.6702,4,4,0,4->4,0,0,0,0
108.5771,2.6702,4,1,1,4->1,0,0,0,0
108.5951,2.6702,4,4,0,4->4,0,0,0,0
108.5861,2.6747,4,4,0,4->4,0,0,0,0
108.5996,2.6747,4,4,0,4->4,0,0,0,0
108.5502,2.6792,4,4,0,4->4,0,0,0,0
108.5636,2.6792,2,4,1,2->4,0,0,0,0
108.5951,2.6882,4,4,0,4->4,0,0,0,0
108.8242,2.7062,4,4,0,4->4,0,0,0,0
108.923,2.7062,4,4,0,4->4,0,0,0,0
108.9275,2.7062,4,4,0,4->4,0,0,0,0
108.8062,2.7107,4,4,0,4->4,0,0,0,0
108.8287,2.7107,4,4,0,4->4,0,0,0,0
108.914,2.7107,4,4,0,4->4,0,0,0,0
108.932,2.7107,4,4,0,4->4,0,0,0,0
108.8242,2.7152,4,4,0,4->4,0,0,0,0
108.8736,2.7152,4,4,0,4->4,0,0,0,0
108.8781,2.7152,4,4,0,4->4,0,0,0,0
108.932,2.7152,4,4,0,4->4,0,0,0,0
108.9409,2.7152,4,4,0,4->4,0,0,0,0
108.9409,2.7196,4,4,0,4->4,0,0,0,0
108.8736,2.7241,4,4,0,4->4,0,0,0,0
108.8781,2.7241,4,4,0,4->4,0,0,0,0
108.9275,2.7286,4,4,0,4->4,0,0,0,0
108.8107,2.7376,4,4,0,4->4,0,0,0,0
108.8376,2.7376,4,4,0,4->4,0,0,0,0
108.8107,2.7421,4,4,0,4->4,0,0,0,0
108.8556,2.7421,4,4,0,4->4,0,0,0,0
108.8825,2.7421,4,4,0,4->4,0,0,0,0
108.9409,2.7421,4,4,0,4->4,0,0,0,0
108.9454,2.7421,4,4,0,4->4,0,0,0,0
108.8197,2.7466,4,4,0,4->4,0,0,0,0
108.9095,2.7466,0,0,0,0->0,0,0,0,0
108.8287,2.7511,4,4,0,4->4,0,0,0,0
108.8376,2.7556,4,4,0,4->4,0,0,0,0
108.8691,2.7556,4,4,0,4->4,0,0,0,0
108.896,2.7556,4,4,0,4->4,0,0,0,0
108.8466,2.7601,4,4,0,4->4,0,0,0,0
108.8781,2.7601,4,4,0,4->4,0,0,0,0
108.8825,2.7601,4,4,0,4->4,0,0,0,0
108.923,2.7601,0,0,0,0->0,0,0,0,0
108.8376,2.7646,4,4,0,4->4,0,0,0,0
108.8556,2.7646,4,4,0,4->4,0,0,0,0
108.9185,2.7646,4,4,0,4->4,0,0,0,0
108.8107,2.7691,4,4,0,4->4,0,0,0,0
108.8646,2.7691,4,4,0,4->4,0,0,0,0
108.896,2.7691,4,4,0,4->4,0,0,0,0
108.9364,2.7691,4,4,0,4->4,0,0,0,0
108.8242,2.7735,4,4,0,4->4,0,0,0,0
108.914,2.7735,4,4,0,4->4,0,0,0,0
108.9409,2.778,4,4,0,4->4,0,0,0,0
108.8017,2.7825,4,4,0,4->4,0,0,0,0
108.8421,2.7825,4,4,0,4->4,0,0,0,0
108.8556,2.7825,4,4,0,4->4,0,0,0,0
108.8736,2.7825,4,4,0,4->4,0,0,0,0
108.8825,2.7825,4,4,0,4->4,0,0,0,0
108.8287,2.787,4,4,0,4->4,0,0,0,0
108.8556,2.787,4,4,0,4->4,0,0,0,0
108.8017,2.796,4,4,0,4->4,0,0,0,0
108.8331,2.8005,4,4,0,4->4,0,0,0,0
108.8421,2.8005,4,4,0,4->4,0,0,0,0
108.8376,2.805,4,4,0,4->4,0,0,0,0
108.8287,2.8185,4,4,0,4->4,0,0,0,0
108.8062,2.8319,4,4,0,4->4,0,0,0,0
108.8152,2.8319,4,4,0,4->4,0,0,0,0
108.8242,2.8364,4,4,0,4->4,0,0,0,0
108.8062,2.8454,4,4,0,4->4,0,0,0,0
108.8331,2.8454,4,4,0,4->4,0,0,0,0
108.7433,2.8589,4,4,0,4->4,0,0,0,0
108.7523,2.8589,4,4,0,4->4,0,0,0,0
108.8017,2.8589,0,0,0,0->0,0,0,0,0
108.7029,2.8634,4,4,0,4->4,0,0,0,0
108.8781,2.8634,4,4,0,4->4,0,0,0,0
108.8781,2.8679,4,4,0,4->4,0,0,0,0
108.7253,2.8724,4,4,0,4->4,0,0,0,0
108.8197,2.8724,0,0,0,0->0,0,0,0,0
108.8511,2.8724,0,1,1,0->1,1,0,0,0
108.8152,2.8769,0,1,1,0->1,1,0,0,0
108.7792,2.8903,0,3,1,0->3,1,0,0,1
108.7927,2.8903,0,3,1,0->3,1,0,0,1
108.8915,2.8903,4,4,0,4->4,0,0,0,0
108.7074,2.8948,4,4,0,4->4,0,0,0,0
108.8646,2.8948,1,1,0,1->1,0,0,0,0
108.8825,2.8948,4,4,0,4->4,0,0,0,0
108.7792,2.8993,4,2,1,4->2,0,0,1,0
108.7882,2.8993,4,3,1,4->3,0,0,0,1
108.7568,2.9038,4,4,0,4->4,0,0,0,0
108.8646,2.9038,1,1,0,1->1,0,0,0,0
108.8691,2.9038,1,1,0,1->1,0,0,0,0
108.7927,2.9083,4,4,0,4->4,0,0,0,0
108.8017,2.9128,0,0,0,0->0,0,0,0,0
108.8376,2.9128,1,1,0,1->1,0,0,0,0
108.7343,2.9173,4,4,0,4->4,0,0,0,0
108.8736,2.9173,0,0,0,0->0,0,0,0,0
108.896,2.9173,4,4,0,4->4,0,0,0,0
108.7074,2.9218,4,4,0,4->4,0,0,0,0
108.7343,2.9218,4,4,0,4->4,0,0,0,0
108.7433,2.9218,4,4,0,4->4,0,0,0,0
108.8601,2.9218,0,0,0,0->0,0,0,0,0
108.7478,2.9263,4,4,0,4->4,0,0,0,0
108.7837,2.9263,4,4,0,4->4,0,0,0,0
108.8107,2.9263,4,4,0,4->4,0,0,0,0
108.8242,2.9263,1,0,1,1->0,0,1,0,0
108.8691,2.9263,0,0,0,0->0,0,0,0,0
108.7343,2.9308,4,4,0,4->4,0,0,0,0
108.7748,2.9308,4,4,0,4->4,0,0,0,0
108.8017,2.9308,4,4,0,4->4,0,0,0,0
108.8646,2.9308,0,0,0,0->0,0,0,0,0
108.8825,2.9308,4,3,1,4->3,0,0,0,1
108.7209,2.9352,4,4,0,4->4,0,0,0,0
108.8152,2.9352,4,4,0,4->4,0,0,0,0
108.8197,2.9352,4,4,0,4->4,0,0,0,0
108.8287,2.9352,0,0,0,0->0,0,0,0,0
108.8511,2.9397,1,1,0,1->1,0,0,0,0
108.7298,2.9442,4,4,0,4->4,0,0,0,0
108.8242,2.9442,4,4,0,4->4,0,0,0,0
108.8331,2.9442,4,2,1,4->2,0,0,1,0
108.8466,2.9442,1,1,0,1->1,0,0,0,0
108.8646,2.9442,0,1,1,0->1,1,0,0,0
108.7478,2.9487,4,4,0,4->4,0,0,0,0
108.8376,2.9487,0,0,0,0->0,0,0,0,0
108.8017,2.9532,4,4,0,4->4,0,0,0,0
108.8152,2.9577,4,4,0,4->4,0,0,0,0
108.8421,2.9577,1,2,1,1->2,0,0,1,0
108.8242,2.9622,4,4,0,4->4,0,0,0,0
108.8287,2.9622,4,4,0,4->4,0,0,0,0
108.8691,2.9712,1,1,0,1->1,0,0,0,0
108.8736,2.9712,0,0,0,0->0,0,0,0,0
108.8781,2.9712,1,1,0,1->1,0,0,0,0
108.8107,2.9757,4,4,0,4->4,0,0,0,0
108.8287,2.9757,4,4,0,4->4,0,0,0,0
108.8511,2.9757,1,1,0,1->1,0,0,0,0
108.8107,2.9802,4,4,0,4->4,0,0,0,0
108.8152,3.0026,4,4,0,4->4,0,0,0,0
108.8466,3.0026,1,1,0,1->1,0,0,0,0
108.8017,3.0071,4,4,0,4->4,0,0,0,0
108.8062,3.0071,4,4,0,4->4,0,0,0,0
108.8331,3.0071,4,4,0,4->4,0,0,0,0
108.8062,3.0116,4,4,0,4->4,0,0,0,0
108.8331,3.0161,4,4,0,4->4,0,0,0,0
108.8376,3.0161,4,4,0,4->4,0,0,0,0
108.8466,3.0161,4,4,0,4->4,0,0,0,0
108.8646,3.0161,1,1,0,1->1,0,0,0,0
108.887,3.0161,4,4,0,4->4,0,0,0,0
108.8915,3.0161,4,4,0,4->4,0,0,0,0
108.8062,3.0206,4,4,0,4->4,0,0,0,0
108.8601,3.0206,1,1,0,1->1,0,0,0,0
108.8691,3.0206,1,0,1,1->0,0,1,0,0
108.8107,3.0251,4,4,0,4->4,0,0,0,0
108.8691,3.0251,1,1,0,1->1,0,0,0,0
108.8376,3.0341,4,3,1,4->3,0,0,0,1
108.8825,3.0341,4,4,0,4->4,0,0,0,0
108.8017,3.0386,4,4,0,4->4,0,0,0,0
108.8331,3.0386,4,4,0,4->4,0,0,0,0
108.8556,3.0386,0,0,0,0->0,0,0,0,0
108.8376,3.043,0,0,0,0->0,0,0,0,0
108.8915,3.043,4,4,0,4->4,0,0,0,0
108.8646,3.0475,4,4,0,4->4,0,0,0,0
108.8825,3.0475,4,4,0,4->4,0,0,0,0
108.8062,3.052,4,4,0,4->4,0,0,0,0
108.8466,3.0565,4,4,0,4->4,0,0,0,0
108.8017,3.061,4,4,0,4->4,0,0,0,0
108.8197,3.061,4,4,0,4->4,0,0,0,0
108.8331,3.0655,4,4,0,4->4,0,0,0,0
108.8421,3.0655,4,4,0,4->4,0,0,0,0
108.8017,3.0835,4,4,0,4->4,0,0,0,0
108.8331,3.0925,4,4,0,4->4,0,0,0,0
108.8421,3.0925,4,4,0,4->4,0,0,0,0
108.8421,3.0969,4,4,0,4->4,0,0,0,0
118.0094,4.4354,0,0,0,0->0,0,0,0,0
118.0499,4.4354,0,0,0,0->0,0,0,0,0
118.1936,4.4354,2,0,1,2->0,0,1,0,0
117.7444,4.4399,0,0,0,0->0,0,0,0,0
117.7804,4.4399,0,1,1,0->1,1,0,0,0
117.8612,4.4399,0,0,0,0->0,0,0,0,0
117.8702,4.4399,0,0,0,0->0,0,0,0,0
117.987,4.4399,0,0,0,0->0,0,0,0,0
117.7669,4.4444,0,0,0,0->0,0,0,0,0
117.8028,4.4444,0,0,0,0->0,0,0,0,0
117.9016,4.4444,0,0,0,0->0,0,0,0,0
118.0364,4.4444,0,0,0,0->0,0,0,0,0
117.8657,4.4489,0,0,0,0->0,0,0,0,0
117.8747,4.4489,0,0,0,0->0,0,0,0,0
118.0633,4.4489,0,0,0,0->0,0,0,0,0
118.2205,4.4489,0,0,0,0->0,0,0,0,0
118.2565,4.4489,0,0,0,0->0,0,0,0,0
118.0588,4.4534,0,0,0,0->0,0,0,0,0
118.0858,4.4534,0,0,0,0->0,0,0,0,0
118.0903,4.4534,0,0,0,0->0,0,0,0,0
117.7399,4.4579,0,0,0,0->0,0,0,0,0
117.7534,4.4579,0,0,0,0->0,0,0,0,0
117.8702,4.4579,0,0,0,0->0,0,0,0,0
117.9016,4.4579,0,0,0,0->0,0,0,0,0
118.0409,4.4579,0,0,0,0->0,0,0,0,0
117.969,4.4624,0,0,0,0->0,0,0,0,0
117.9915,4.4624,0,0,0,0->0,0,0,0,0
118.1981,4.4624,0,0,0,0->0,0,0,0,0
118.252,4.4624,0,0,0,0->0,0,0,0,0
117.7624,4.4669,0,0,0,0->0,0,0,0,0
117.8702,4.4669,0,0,0,0->0,0,0,0,0
118.0139,4.4669,0,0,0,0->0,0,0,0,0
118.0543,4.4669,0,0,0,0->0,0,0,0,0
118.0588,4.4669,0,0,0,0->0,0,0,0,0
118.1442,4.4669,0,0,0,0->0,0,0,0,0
118.1756,4.4669,0,0,0,0->0,0,0,0,0
118.225,4.4669,0,0,0,0->0,0,0,0,0
118.234,4.4669,0,0,0,0->0,0,0,0,0
117.7624,4.4714,1,0,1,1->0,0,1,0,0
117.8477,4.4714,0,0,0,0->0,0,0,0,0
117.8567,4.4714,0,0,0,0->0,0,0,0,0
117.96,4.4714,0,0,0,0->0,0,0,0,0
118.0094,4.4714,0,0,0,0->0,0,0,0,0
118.0768,4.4714,0,0,0,0->0,0,0,0,0
118.1127,4.4714,0,0,0,0->0,0,0,0,0
118.243,4.4714,0,0,0,0->0,0,0,0,0
118.0813,4.4759,0,0,0,0->0,0,0,0,0
118.1936,4.4759,1,0,1,1->0,0,1,0,0
118.216,4.4759,0,0,0,0->0,0,0,0,0
117.7534,4.4803,1,1,0,1->1,0,0,0,0
117.8477,4.4803,0,0,0,0->0,0,0,0,0
117.8567,4.4803,0,0,0,0->0,0,0,0,0
117.8971,4.4803,0,0,0,0->0,0,0,0,0
118.0094,4.4803,0,0,0,0->0,0,0,0,0
118.0723,4.4803,0,0,0,0->0,0,0,0,0
118.0768,4.4803,0,0,0,0->0,0,0,0,0
118.0813,4.4803,0,0,0,0->0,0,0,0,0
118.2295,4.4803,0,0,0,0->0,0,0,0,0
117.7175,4.4848,0,0,0,0->0,0,0,0,0
117.8882,4.4848,0,0,0,0->0,0,0,0,0
117.9061,4.4848,0,0,0,0->0,0,0,0,0
117.9555,4.4848,0,0,0,0->0,0,0,0,0
118.0364,4.4848,0,0,0,0->0,0,0,0,0
118.0499,4.4848,0,0,0,0->0,0,0,0,0
118.1352,4.4848,0,0,0,0->0,0,0,0,0
118.1846,4.4848,0,0,0,0->0,0,0,0,0
118.225,4.4848,0,0,0,0->0,0,0,0,0
117.7714,4.4893,3,0,1,3->0,0,1,0,0
117.8522,4.4893,0,0,0,0->0,0,0,0,0
117.996,4.4893,0,0,0,0->0,0,0,0,0
118.0319,4.4893,0,0,0,0->0,0,0,0,0
118.2116,4.4893,0,0,0,0->0,0,0,0,0
117.7399,4.4938,0,1,1,0->1,1,0,0,0
117.7489,4.4938,0,1,1,0->1,1,0,0,0
117.7624,4.4938,0,0,0,0->0,0,0,0,0
117.7714,4.4938,0,0,0,0->0,0,0,0,0
117.8477,4.4938,0,0,0,0->0,0,0,0,0
117.8702,4.4938,0,0,0,0->0,0,0,0,0
117.8747,4.4938,0,0,0,0->0,0,0,0,0
117.8792,4.4938,0,0,0,0->0,0,0,0,0
117.8837,4.4938,0,0,0,0->0,0,0,0,0
118.0903,4.4938,0,0,0,0->0,0,0,0,0
118.225,4.4938,0,0,0,0->0,0,0,0,0
118.2699,4.4938,0,0,0,0->0,0,0,0,0
117.8522,4.4983,0,0,0,0->0,0,0,0,0
117.8702,4.4983,0,0,0,0->0,0,0,0,0
117.8837,4.4983,0,0,0,0->0,0,0,0,0
117.96,4.4983,0,0,0,0->0,0,0,0,0
117.9915,4.4983,0,0,0,0->0,0,0,0,0
118.0948,4.4983,0,0,0,0->0,0,0,0,0
118.216,4.4983,0,0,0,0->0,0,0,0,0
118.3733,4.4354,0,0,0,0->0,0,0,0,0
118.4541,4.4354,0,0,0,0->0,0,0,0,0
118.5035,4.4354,0,0,0,0->0,0,0,0,0
118.5844,4.4354,0,0,0,0->0,0,0,0,0
118.7461,4.4354,4,4,0,4->4,0,0,0,0
118.8,4.4354,4,4,0,4->4,0,0,0,0
118.3957,4.4399,0,0,0,0->0,0,0,0,0
118.4766,4.4399,0,0,0,0->0,0,0,0,0
118.5394,4.4399,0,0,0,0->0,0,0,0,0
118.5439,4.4399,0,0,0,0->0,0,0,0,0
118.5529,4.4399,1,0,1,1->0,0,1,0,0
118.5574,4.4399,0,0,0,0->0,0,0,0,0
118.6966,4.4399,1,4,1,1->4,0,0,0,0
118.7416,4.4399,4,4,0,4->4,0,0,0,0
118.5125,4.4444,4,0,1,4->0,0,1,0,0
118.5439,4.4444,0,0,0,0->0,0,0,0,0
118.5754,4.4444,0,0,0,0->0,0,0,0,0
118.6652,4.4444,1,1,0,1->1,0,0,0,0
118.6742,4.4444,2,1,1,2->1,0,0,0,0
118.7461,4.4444,4,4,0,4->4,0,0,0,0
118.755,4.4444,4,4,0,4->4,0,0,0,0
118.6023,4.4489,0,1,1,0->1,1,0,0,0
118.6697,4.4489,0,1,1,0->1,1,0,0,0
118.7101,4.4489,0,0,0,0->0,0,0,0,0
118.4586,4.4534,0,0,0,0->0,0,0,0,0
118.49,4.4534,0,0,0,0->0,0,0,0,0
118.5529,4.4534,0,0,0,0->0,0,0,0,0
118.6248,4.4534,0,4,1,0->4,1,0,0,0
118.6383,4.4534,2,4,1,2->4,0,0,0,0
118.7146,4.4534,0,0,0,0->0,0,0,0,0
118.4092,4.4579,0,0,0,0->0,0,0,0,0
118.4631,4.4579,0,0,0,0->0,0,0,0,0
118.481,4.4579,1,0,1,1->0,0,1,0,0
118.4855,4.4579,0,0,0,0->0,0,0,0,0
118.5215,4.4579,0,0,0,0->0,0,0,0,0
118.5305,4.4579,0,0,0,0->0,0,0,0,0
118.5664,4.4579,0,0,0,0->0,0,0,0,0
118.6338,4.4579,4,4,0,4->4,0,0,0,0
118.4137,4.4624,0,1,1,0->1,1,0,0,0
118.481,4.4624,0,0,0,0->0,0,0,0,0
118.49,4.4624,0,0,0,0->0,0,0,0,0
118.5978,4.4624,2,2,0,2->2,0,0,0,0
118.7056,4.4624,1,1,0,1->1,0,0,0,0
118.3598,4.4669,0,0,0,0->0,0,0,0,0
118.3777,4.4669,0,0,0,0->0,0,0,0,0
118.4182,4.4669,0,0,0,0->0,0,0,0,0
118.4586,4.4669,0,0,0,0->0,0,0,0,0
118.49,4.4669,0,0,0,0->0,0,0,0,0
118.5799,4.4669,0,0,0,0->0,0,0,0,0
118.6113,4.4669,0,0,0,0->0,0,0,0,0
118.6652,4.4669,1,1,0,1->1,0,0,0,0
118.3957,4.4714,0,0,0,0->0,0,0,0,0
118.508,4.4714,0,0,0,0->0,0,0,0,0
118.5978,4.4714,0,0,0,0->0,0,0,0,0
118.7191,4.4714,4,4,0,4->4,0,0,0,0
118.7236,4.4714,4,4,0,4->4,0,0,0,0
118.3463,4.4759,0,0,0,0->0,0,0,0,0
118.4316,4.4759,0,0,0,0->0,0,0,0,0
118.481,4.4759,0,0,0,0->0,0,0,0,0
118.5394,4.4759,0,0,0,0->0,0,0,0,0
118.5799,4.4759,0,0,0,0->0,0,0,0,0
118.5933,4.4759,0,0,0,0->0,0,0,0,0
118.6697,4.4759,0,0,0,0->0,0,0,0,0
118.4541,4.4803,0,0,0,0->0,0,0,0,0
118.4945,4.4803,0,0,0,0->0,0,0,0,0
118.499,4.4803,0,0,0,0->0,0,0,0,0
118.5035,4.4803,0,0,0,0->0,0,0,0,0
118.5439,4.4803,0,0,0,0->0,0,0,0,0
118.5933,4.4803,0,0,0,0->0,0,0,0,0
118.7191,4.4803,4,4,0,4->4,0,0,0,0
118.7416,4.4803,4,4,0,4->4,0,0,0,0
118.2789,4.4848,0,0,0,0->0,0,0,0,0
118.2969,4.4848,0,1,1,0->1,1,0,0,0
118.5439,4.4848,0,0,0,0->0,0,0,0,0
118.5619,4.4848,0,1,1,0->1,1,0,0,0
118.6158,4.4848,4,4,0,4->4,0,0,0,0
118.6966,4.4848,4,4,0,4->4,0,0,0,0
118.7101,4.4848,4,4,0,4->4,0,0,0,0
118.7191,4.4848,4,4,0,4->4,0,0,0,0
118.2924,4.4893,0,1,1,0->1,1,0,0,0
118.2969,4.4893,0,1,1,0->1,1,0,0,0
118.4721,4.4893,0,0,0,0->0,0,0,0,0
118.7191,4.4893,4,4,0,4->4,0,0,0,0
118.3777,4.4938,0,0,0,0->0,0,0,0,0
118.3957,4.4938,0,1,1,0->1,1,0,0,0
118.4047,4.4938,1,0,1,1->0,0,1,0,0
118.4451,4.4938,0,1,1,0->1,1,0,0,0
118.6697,4.4938,1,1,0,1->1,0,0,0,0
118.7011,4.4938,4,4,0,4->4,0,0,0,0
118.7281,4.4938,4,4,0,4->4,0,0,0,0
118.2879,4.4983,0,0,0,0->0,0,0,0,0
118.3194,4.4983,0,1,1,0->1,1,0,0,0
118.3643,4.4983,0,0,0,0->0,0,0,0,0
118.3777,4.4983,0,1,1,0->1,1,0,0,0
118.3867,4.4983,0,0,0,0->0,0,0,0,0
118.499,4.4983,4,4,0,4->4,0,0,0,0
118.5574,4.4983,0,2,1,0->2,1,0,1,0
118.6652,4.4983,4,4,0,4->4,0,0,0,0
118.7146,4.4983,4,4,0,4->4,0,0,0,0
118.9437,4.4534,4,4,0,4->4,0,0,0,0
118.9302,4.4624,4,4,0,4->4,0,0,0,0
118.9437,4.4803,4,4,0,4->4,0,0,0,0
118.9077,4.4848,4,4,0,4->4,0,0,0,0
118.9392,4.4938,4,4,0,4->4,0,0,0,0
